,User ID,Idade Cliente,Genero,UF,Categoria Produto,Tempo_Site,Paginas_Visitadas,Valor_Carrinho,Frete,Usou Cupom,Comprou,Status Pedido,Qtd Itens
0,1860.0,18,M,PE,mercado,0,4,300.0,gratis,sim,cancelado,,10
1,,trinta,Masculino, sp ,mercado,999,5,,25.5,não,nao,,
2,2044.0,18,Feminino, sp ,Roup@,999,100,quatrocentos,gratis,,cancelado,,4
3,1121.0,25,, sp ,mercado,0,3,,R$ 30,NAO,0,,2
4,1466.0,30,M,CE,Roup@,2,3,150,gratis,sim,1,,0
5,1330.0,30,f,,Eletronicos,2,5,R$ 400,gratis,não,1,,2
6,1087.0,,,XX,eletronicos,10,6,150,gratis,,1,pago,2
7,1871.0,30,,XX,ELETRONICOS,5,3,300.0,0,sim,sim,pago,
8,1130.0,42,m,XX,Roupas,2,1,0,10,nao,0,,0
9,1769.0,30,F,SP,Roup@,2,0,R$400,10,NAO,sim,pago,0
10,1343.0,55,f,SP,,0,1,quatrocentos,20,SIM,0,pago,
11,1805.0,,F, sp ,Mercado,-5,2,R$400,10,não,sim,PAGO,4
12,1385.0,55,M,XX,eletronicos,999,3,300.0,10,,sim,cancelado,3
13,1955.0,30,m,RJ,casa,10,6,R$ 400,10,NAO,cancelado,,2
14,1276.0, 35 ,  M,PE,Mercado,2,4,50,,,1,,10
15,1459.0,trinta,M,RJ,eletronicos,25,4,quatrocentos,gratis,Sim ,nao,PAGO,10
16,1021.0,42,F,XX,Mercado,999,100,quatrocentos,,nao,0,,1
17,1252.0,,M,XX,Casa,15,6,0,gratis,não,1,pago,3
18,1747.0,25,,PE,Mercado,5,2,0,R$ 30,SIM,nao,,0
19,1856.0,35,Masculino,XX,Roup@,,8,100,0,,nao,cancelado,10
20,1474.0,35,,ce,eletronicos,,3,300,,nao,1,,
21,2082.0,35,m,CE,casa,10,100,300,gratis,NAO,nao,pago,0
22,1510.0,30,  M,PE,mercado,-5,6,200,gratis,nao,cancelado,pendente,4
23,1699.0, 35 ,,XX,Mercado,2,0,R$400,10,NAO,0,pendente,
24,1975.0, 35 ,Feminino,SP,casa,999,1,300,0,,1,,1
25,1189.0,42,  M,SP,eletronicos,999,2,100,0,sim,nao,PAGO,3
26,1957.0,42,F,CE,casa,10,6,50,10,não,nao,cancelado,2
27,1686.0, 35 ,,SP,ELETRONICOS,25,3,R$400,,SIM,1,PAGO,0
28,1957.0,30,Masculino,,ELETRONICOS,15,1,quatrocentos,10,Sim ,nao,,3
29,1562.0,42,  M,,Mercado,-5,6,150,0,sim,1,cancelado,
30,1831.0,30,M,,Mercado,-5,5,,25.5,não,0,,
31,1646.0,,Masculino,CE,Mercado,999,100,200,10,SIM,1,PAGO,1
32,1020.0,18,M,CE,Roupas,25,6,300,10,sim,1,pago,0
33,1840.0,55,,PE,Casa,25,5,200,0,SIM,1,pago,1
34,1166.0,trinta,f, sp ,casa,999,1,300.0,,nao,sim,,2
35,1387.0,,f,,roupas ,25,1,50,25.5,SIM,1,PAGO,3
36,1600.0,42,F,SP,Eletronicos,2,1,50,R$ 30,,0,,4
37,1315.0, 35 ,Masculino,RJ,Mercado,10,8,150,25.5,sim,1,,
38,1013.0,55,M, sp ,Roup@,5,6,R$ 400,20,sim,1,cancelado,2
39,1241.0,55,,PE,ELETRONICOS,25,5,50,25.5,não,0,cancelado,10
40,1776.0,22,Masculino,SP,ELETRONICOS,999,4,0,10,sim,1,pago,3
41,1564.0,,Feminino,XX,mercado,,0,300.0,gratis,,cancelado,PAGO,4
42,1897.0, 35 ,F,PE,Eletronicos,,0,0,0,,cancelado,,4
43,1091.0,trinta,M,,casa,2,5,R$400,R$ 30,nao,1,,10
44,1955.0, 35 ,f,,eletronicos,2,4,300,10,,1,cancelado,2
45,1508.0,42,  M,XX,Eletronicos,2,2,300,R$ 30,não,cancelado,pendente,0
46,1775.0,25,Feminino,,Casa,2,8,,0,SIM,1,,1
47,1034.0,18,M,PE,,,5,0,R$ 30,sim,nao,,2
48,1205.0,30,M,XX,Mercado,2,3,quatrocentos,25.5,não,1,pendente,0
49,2025.0,25,,CE,Roup@,-5,100,300,0,não,1,pendente,10
50,2021.0,18,f,PE,casa,0,100,200,10,Sim ,nao,pago,0
51,1565.0,25,Masculino,SP,casa,,0,200,gratis,não,0,pago,2
52,1702.0,30,  M,,Mercado,,1,200,10,não,1,,1
53,1401.0,30,,ce,Casa,15,3,150,,Sim ,0,pago,4
54,1729.0, 35 ,  M,RJ,Mercado,,2,300.0,20,NAO,nao,pago,2
55,1161.0,25,F,PE,Mercado,0,4,R$400,0,nao,0,pago,1
56,1201.0,42,f, sp ,,25,2,150,10,sim,cancelado,,4
57,1995.0,trinta,M,CE,Eletronicos,,0,50,25.5,,0,pago,
58,1269.0,,,XX,Roup@,-5,1,50,25.5,Sim ,0,pago,
59,1815.0,35,m,,casa,,4,50,,,nao,pendente,
60,1455.0,42,m,XX,mercado,25,5,300.0,R$ 30,não,sim,pendente,3
61,2016.0,30,,XX,Mercado,15,4,150,10,não,1,,2
62,1295.0,trinta,m,,Roupas,10,0,300,R$ 30,sim,1,cancelado,2
63,1719.0,42,,PE,eletronicos,25,2,0,20,nao,cancelado,,10
64,1337.0,55,F,XX,,,100,150,0,,nao,,2
65,1878.0, 35 ,m,,Mercado,10,2,300,20,SIM,1,,10
66,2076.0,trinta,F,ce,Mercado,2,2,50,gratis,Sim ,0,,1
67,1791.0,55,M,SP,casa,5,2,150,,NAO,1,PAGO,0
68,1216.0,42,F,ce,ELETRONICOS,25,0,,R$ 30,sim,sim,,0
69,1763.0,18,,PE,roupas ,10,3,300.0,10,sim,cancelado,,1
70,1187.0,22,,,eletronicos,0,0,R$400,R$ 30,Sim ,0,pago,2
71,1379.0,18,F,ce,ELETRONICOS,999,8,50,20,não,1,pago,2
72,1492.0, 35 ,  M,,Eletronicos,0,4,R$ 400,,não,cancelado,pago,10
73,2064.0,trinta,Masculino,,Roupas,,8,300,gratis,,0,cancelado,2
74,1014.0,trinta,m,RJ,roupas ,0,0,R$ 400,20,,0,,3
75,1064.0, 35 ,, sp ,eletronicos,25,6,50,gratis,NAO,0,pago,10
76,1520.0,55,Feminino, sp ,ELETRONICOS,15,6,,,Sim ,1,PAGO,0
77,1647.0,22,M,PE,Roup@,5,3,0,25.5,sim,sim,pendente,
78,2086.0,42,Masculino,RJ,Roup@,0,5,300.0,25.5,,1,PAGO,3
79,1592.0,,  M,CE,Casa,5,2,R$400,10,Sim ,1,cancelado,2
80,1391.0,30,f,XX,Mercado,25,5,R$400,20,SIM,sim,pago,
81,1418.0,18,,ce,Roupas,2,5,50,25.5,,sim,,0
82,1288.0,18,Masculino,XX,roupas ,10,8,150,R$ 30,sim,0,pendente,
83,1378.0,35,,CE,,25,4,0,,NAO,0,,10
84,1230.0,22,,,eletronicos,-5,6,,0,NAO,1,cancelado,2
85,2017.0,30,,RJ,Roup@,999,100,300.0,,,0,PAGO,10
86,1040.0,18,M,XX,Roupas,-5,4,50,R$ 30,sim,sim,pago,2
87,2051.0,30,F,RJ,roupas ,-5,6,150,25.5,não,sim,cancelado,1
88,1134.0,,m,RJ,Casa,5,100,50,25.5,sim,1,cancelado,0
89,1200.0,42,f,,Roup@,0,1,0,20,sim,0,,2
90,1779.0,trinta,,SP,casa,25,0,200,gratis,SIM,0,pago,2
91,1929.0,30,Feminino,PE,Roup@,,1,300,0,sim,1,,4
92,2056.0,18,M, sp ,mercado,15,4,50,0,nao,0,,
93,2071.0,55,,RJ,casa,-5,3,150,gratis,,1,,
94,1502.0,22,Feminino,XX,Roupas,999,4,300,20,nao,0,pago,0
95,1406.0, 35 ,f,XX,Casa,0,8,100,25.5,Sim ,1,,2
96,1804.0,25,f,ce,ELETRONICOS,10,100,100,gratis,Sim ,1,,
97,1098.0,30,m,RJ,Eletronicos,25,100,100,,,0,cancelado,1
98,1683.0,30,  M,SP,Mercado,2,1,200,,NAO,0,pago,2
99,1725.0,25,m,SP,Mercado,999,1,50,0,não,0,,2
100,1960.0,30,F,PE,Roup@,5,100,0,0,NAO,1,cancelado,
101,1612.0,22,,,eletronicos,-5,4,0,0,SIM,1,pendente,
102,1642.0,30,f,,casa,,3,200,,sim,0,pago,2
103,2028.0,,,ce,mercado,2,100,200,,,1,,0
104,1502.0,,M, sp ,Roup@,15,5,100,,NAO,1,,
105,1766.0,,Masculino,,Casa,-5,6,R$400,25.5,sim,0,PAGO,1
106,1397.0, 35 ,,CE,Eletronicos,,1,200,25.5,NAO,0,,2
107,1870.0,22,M,ce,ELETRONICOS,5,1,quatrocentos,10,sim,0,,
108,1794.0,25,f,PE,Eletronicos,5,8,100,R$ 30,NAO,nao,cancelado,4
109,1392.0,,Feminino,PE,mercado,0,0,R$400,gratis,nao,0,,
110,1206.0,,,SP,Eletronicos,10,0,0,25.5,nao,0,,
111,2038.0,30,m,CE,,15,8,R$400,10,,0,cancelado,0
112,1891.0,35,Masculino, sp ,Eletronicos,10,100,200,20,nao,cancelado,pendente,4
113,1863.0,18,  M,XX,Roupas,2,1,300,,,1,cancelado,10
114,1742.0,55,M,ce,Casa,0,2,50,0,Sim ,nao,PAGO,1
115,1563.0,trinta,  M,,Casa,5,3,R$ 400,gratis,,nao,pago,10
116,2020.0,55,,,roupas ,5,5,100,R$ 30,,1,cancelado,3
117,1095.0, 35 ,,SP,Roup@,-5,4,0,20,SIM,1,,2
118,1484.0,30,,PE,eletronicos,25,4,300.0,gratis,NAO,0,PAGO,10
119,1230.0,42,Feminino,,roupas ,999,0,100,gratis,Sim ,sim,pendente,0
120,1748.0,,Feminino,ce,Casa,5,0,150,25.5,,0,pendente,1
121,1540.0,22,F,RJ,Mercado,999,8,200,10,,sim,pago,
122,2059.0,30,m, sp ,Roup@,-5,1,0,gratis,não,1,,
123,1524.0,22,f,RJ,mercado,999,4,,R$ 30,NAO,cancelado,,1
124,1577.0,trinta,f,ce,Roupas,10,1,,20,sim,0,,
125,1681.0,35,,RJ,ELETRONICOS,999,5,R$400,R$ 30,SIM,0,cancelado,
126,1556.0,55,M, sp ,Mercado,0,3,300.0,gratis,Sim ,0,pendente,3
127,2012.0,18,f,ce,Casa,5,3,50,R$ 30,Sim ,0,PAGO,3
128,1645.0,trinta,f,,,0,4,0,R$ 30,SIM,0,pago,2
129,1795.0,trinta,M,RJ,Roup@,25,2,,,,0,,10
130,2051.0,55,m, sp ,Casa,10,8,50,10,NAO,nao,cancelado,2
131,1189.0,trinta,Masculino,,casa,2,4,100,0,sim,sim,cancelado,10
132,1632.0,42,Feminino,XX,roupas ,-5,5,100,gratis,não,cancelado,pendente,10
133,1627.0,42,, sp ,ELETRONICOS,5,2,0,20,NAO,1,PAGO,3
134,1972.0,30,,SP,ELETRONICOS,2,6,200,,SIM,1,PAGO,1
135,1709.0,30,,XX,eletronicos,2,100,R$400,,,1,,10
136,1648.0,42,M,,casa,-5,0,200,0,NAO,0,pago,2
137,,25,,CE,Eletronicos,2,0,300,R$ 30,,0,pendente,2
138,1683.0,35,,,casa,,2,150,0,NAO,0,PAGO,3
139,1663.0,22,F,PE,ELETRONICOS,0,4,R$ 400,25.5,,nao,cancelado,1
140,1441.0,35,M,,Mercado,15,0,0,25.5,SIM,0,PAGO,4
141,1563.0, 35 ,M,XX,,15,1,150,gratis,,nao,pago,4
142,1951.0,trinta,Feminino,XX,eletronicos,25,0,300.0,,,cancelado,PAGO,0
143,1698.0,18,,SP,mercado,5,3,R$400,20,SIM,1,PAGO,3
144,1112.0,trinta,  M,CE,Mercado,25,0,0,25.5,,1,cancelado,0
145,1001.0,35,Masculino,PE,Roup@,5,6,R$ 400,R$ 30,não,0,PAGO,1
146,1641.0,42,F,SP,Eletronicos,15,8,50,10,SIM,sim,PAGO,
147,1219.0,,M,,roupas ,25,2,150,10,SIM,1,pago,4
148,1854.0,55,F,XX,mercado,0,1,150,R$ 30,SIM,0,PAGO,
149,1384.0, 35 ,M,,Mercado,0,6,R$ 400,0,,cancelado,PAGO,4
150,2076.0,42,m, sp ,Roup@,,3,,R$ 30,,1,cancelado,4
151,1729.0,35,Feminino,CE,Casa,15,4,50,0,,1,pendente,0
152,1246.0,55,,,Roupas,25,100,300.0,0,Sim ,cancelado,pago,
153,1835.0,18,m, sp ,Eletronicos,0,3,100,10,SIM,1,PAGO,2
154,1202.0,,,CE,roupas ,15,2,R$400,25.5,SIM,sim,pendente,0
155,1122.0,35,Masculino,CE,eletronicos,0,2,200,R$ 30,SIM,cancelado,cancelado,
156,1400.0,22,  M,,casa,5,2,R$ 400,25.5,não,1,pago,4
157,1766.0,30,, sp ,Roupas,-5,6,200,gratis,,cancelado,,3
158,1293.0,55,m,,Eletronicos,10,2,0,20,NAO,0,cancelado,3
159,1279.0,35,F,,mercado,15,8,R$400,10,,sim,pendente,10
160,1883.0,42,F,,Casa,,8,quatrocentos,,SIM,sim,pago,
161,1197.0,22,Masculino,XX,,25,8,300,0,SIM,cancelado,pago,0
162,1981.0,25,M,XX,eletronicos,,2,300.0,20,,nao,pendente,10
163,1751.0,55,F,PE,ELETRONICOS,0,8,150,0,não,0,cancelado,10
164,1143.0,,,,Mercado,999,0,300.0,20,NAO,nao,pago,0
165,1608.0,22,  M,SP,Mercado,25,0,200,20,não,nao,pendente,10
166,1186.0,42,Feminino,,eletronicos,25,2,quatrocentos,25.5,,cancelado,,1
167,1463.0,35,,RJ,ELETRONICOS,10,5,R$400,,nao,1,pendente,0
168,1659.0,trinta,  M,SP,,-5,6,50,gratis,sim,nao,cancelado,10
169,1763.0,18,Masculino,PE,Mercado,5,100,150,gratis,sim,0,cancelado,10
170,1954.0,,,ce,Eletronicos,10,6,300,0,sim,1,PAGO,0
171,1402.0,trinta,Feminino,SP,eletronicos,5,6,,10,SIM,1,PAGO,4
172,1146.0,,Feminino,CE,,999,6,200,gratis,não,nao,pendente,10
173,1863.0,30,f,ce,eletronicos,15,100,0,10,SIM,nao,cancelado,2
174,1488.0,,M,,mercado,999,8,R$400,0,sim,1,pendente,4
175,1928.0,22,Masculino,ce,ELETRONICOS,999,1,R$400,10,NAO,1,,2
176,1550.0,30,,,mercado,999,1,100,20,NAO,0,,4
177,1337.0,18,, sp ,ELETRONICOS,999,4,150,20,nao,sim,cancelado,
178,1871.0,22,,RJ,mercado,999,2,150,0,não,cancelado,,4
179,1640.0,30,Masculino,PE,eletronicos,,3,quatrocentos,10,nao,nao,,1
180,,42,,PE,casa,5,8,R$ 400,,,1,cancelado,10
181,1150.0,22,m,CE,casa,,8,300,,NAO,sim,PAGO,
182,1262.0,42,m,RJ,casa,999,3,50,10,sim,nao,pendente,2
183,1143.0,trinta,M,RJ,eletronicos,2,2,150,0,nao,1,pago,4
184,1345.0, 35 ,,CE,Mercado,25,1,0,,nao,cancelado,pago,4
185,1623.0,55,Feminino,,,5,100,100,gratis,nao,nao,,2
186,2016.0, 35 ,F,CE,Casa,25,3,150,25.5,não,0,cancelado,
187,1880.0,35,,,roupas ,999,100,R$ 400,gratis,,0,PAGO,1
188,1001.0,55,,CE,Casa,,4,100,R$ 30,,0,PAGO,2
189,1896.0,,,SP,casa,,6,200,25.5,não,nao,PAGO,1
190,1253.0,55,F,SP,Mercado,2,8,50,0,sim,1,pago,
191,1452.0,25,F, sp ,eletronicos,-5,6,150,25.5,sim,0,,1
192,2060.0,55,  M,XX,Roup@,999,1,50,,sim,nao,,3
193,2014.0,18,f,CE,Mercado,10,6,150,25.5,nao,sim,pago,1
194,1008.0, 35 ,M,RJ,Roup@,0,6,200,10,,1,PAGO,3
195,1815.0,trinta,,SP,eletronicos,10,5,100,20,sim,1,pago,10
196,,42,F,,Eletronicos,,3,300,25.5,,sim,pago,0
197,1403.0,35,m,,ELETRONICOS,10,3,50,,não,nao,,1
198,1151.0,55,Masculino,SP,,5,8,200,,NAO,1,pendente,2
199,1053.0,35,m,SP,roupas ,,0,150,0,sim,1,cancelado,3
200,1627.0,trinta,  M,,Casa,999,3,0,gratis,Sim ,1,,3
201,1586.0,35,  M,PE,mercado,999,3,R$400,10,não,sim,pendente,
202,1103.0,,F,ce,mercado,5,8,300,10,SIM,cancelado,cancelado,0
203,1253.0,trinta,  M,,ELETRONICOS,0,8,300.0,25.5,NAO,1,PAGO,10
204,1509.0,,Feminino, sp ,Mercado,25,100,,20,não,cancelado,,0
205,1098.0,55,,,mercado,5,6,R$ 400,20,sim,0,,1
206,1152.0,trinta,,,Roupas,25,8,R$400,gratis,nao,cancelado,pendente,2
207,1913.0,55,F,XX,mercado,15,1,200,gratis,,sim,cancelado,1
208,1877.0,,  M,,eletronicos,,8,R$ 400,,Sim ,1,,4
209,1337.0,25,Masculino,ce,ELETRONICOS,2,2,50,20,SIM,0,pendente,0
210,1821.0,25,Feminino,ce,roupas ,0,8,quatrocentos,R$ 30,NAO,1,,4
211,1956.0,trinta,M,,ELETRONICOS,-5,3,R$400,20,sim,0,pago,4
212,1160.0,25,  M,PE,roupas ,0,100,50,20,não,1,pago,3
213,1800.0,42,Feminino,,Roupas,25,5,200,25.5,,sim,pendente,
214,,42,f,XX,,15,8,300,,não,1,pendente,4
215,1815.0,25,M,XX,mercado,25,0,150,0,NAO,0,,0
216,1400.0,25,,RJ,ELETRONICOS,,2,R$ 400,gratis,Sim ,1,PAGO,0
217,1639.0,30,f,PE,Roup@,25,1,quatrocentos,R$ 30,nao,sim,pago,2
218,,30,F,XX,casa,999,8,100,R$ 30,,nao,,1
219,1687.0,55,,ce,Roupas,-5,6,200,10,sim,0,pago,2
220,1459.0,trinta,F,RJ,Mercado,15,6,200,20,NAO,0,cancelado,2
221,1954.0,30,Masculino,CE,Roup@,25,2,50,20,NAO,1,,
222,1469.0,30,Feminino,XX,roupas ,-5,3,200,0,não,0,pago,2
223,2045.0,25,, sp ,ELETRONICOS,0,4,R$ 400,,,cancelado,cancelado,0
224,1749.0,35,M,XX,roupas ,10,3,,20,NAO,0,,3
225,1037.0,25,M,SP,roupas ,10,2,200,gratis,SIM,nao,PAGO,
226,,30,f,PE,Roupas,5,3,100,R$ 30,SIM,cancelado,cancelado,4
227,1562.0,55,Masculino,SP,Roup@,10,6,200,20,sim,0,pago,3
228,1437.0,25,,,ELETRONICOS,2,100,R$400,0,NAO,cancelado,pendente,4
229,1026.0, 35 ,  M,XX,mercado,,4,100,25.5,não,1,,1
230,1225.0,35,  M,SP,Eletronicos,5,6,50,0,nao,0,pendente,1
231,1797.0, 35 ,,SP,Casa,10,1,300.0,25.5,sim,cancelado,,2
232,1283.0,55,Masculino,SP,Casa,25,6,R$ 400,10,Sim ,1,,10
233,1878.0,55,Masculino,PE,Roupas,15,3,200,0,não,1,pendente,10
234,1959.0,42,M,RJ,Mercado,25,100,100,10,Sim ,0,,1
235,1452.0,22,,CE,eletronicos,0,4,,10,sim,sim,pago,4
236,2019.0, 35 ,Feminino,SP,Eletronicos,25,8,300,R$ 30,,nao,PAGO,10
237,1815.0,42,,,ELETRONICOS,2,4,100,10,SIM,0,PAGO,3
238,1658.0,30,m,CE,Casa,0,6,R$400,10,não,1,pendente,
239,1546.0,18,Masculino,,Mercado,,8,50,0,nao,1,cancelado,3
240,2072.0,35,F,XX,eletronicos,10,2,100,25.5,não,0,pendente,3
241,1016.0,18,Masculino,SP,Roup@,5,6,300.0,20,sim,1,,10
242,1157.0,trinta,,SP,ELETRONICOS,0,0,quatrocentos,10,não,0,PAGO,
243,1476.0,,F,ce,roupas ,10,6,R$ 400,R$ 30,não,sim,,3
244,2069.0,30,,ce,Mercado,15,2,200,,,1,,2
245,1517.0,30,f,PE,ELETRONICOS,0,4,200,20,sim,0,PAGO,10
246,1098.0,18,M,RJ,Eletronicos,0,1,200,R$ 30,,0,cancelado,3
247,2060.0, 35 ,Masculino,PE,roupas ,5,8,150,20,NAO,sim,cancelado,4
248,1279.0,22,M,PE,Eletronicos,10,0,R$400,10,sim,nao,,2
249,1496.0, 35 ,  M,SP,casa,,2,300,gratis,não,1,,
250,1301.0,18,,ce,Casa,5,5,R$ 400,,nao,nao,,2
251,1180.0,trinta,m,ce,,10,0,R$ 400,20,nao,0,,10
252,1606.0, 35 ,m,ce,eletronicos,,0,200,gratis,,0,cancelado,2
253,1699.0,30,  M,CE,,15,5,R$400,25.5,sim,1,pendente,1
254,1992.0, 35 ,f, sp ,Mercado,2,0,50,20,não,0,pendente,2
255,1190.0,55,m,SP,roupas ,5,6,R$ 400,0,Sim ,1,PAGO,4
256,1252.0,,,XX,Casa,10,5,100,R$ 30,Sim ,nao,pago,
257,1980.0,42,m,PE,Roupas,,4,300.0,,SIM,1,pendente,10
258,1927.0,35,  M,ce,Eletronicos,,5,R$400,25.5,,0,pendente,10
259,1127.0,,F,ce,casa,0,4,,25.5,,0,,3
260,1017.0, 35 ,M,ce,Eletronicos,0,1,200,,sim,1,,
261,1565.0,22,Feminino,SP,ELETRONICOS,10,3,,gratis,sim,1,,1
262,1569.0,,,ce,Roup@,25,0,R$ 400,10,Sim ,0,pendente,3
263,1685.0,22,M,RJ,casa,15,8,150,R$ 30,Sim ,1,PAGO,0
264,1625.0,,,PE,casa,,8,0,0,Sim ,0,,1
265,1853.0, 35 ,m,SP,eletronicos,,3,0,,,cancelado,,
266,1961.0,25,m,PE,Mercado,2,100,300,,nao,cancelado,pendente,4
267,,30,f,,Roupas,999,6,R$ 400,0,nao,sim,PAGO,1
268,1489.0,,M,,Roupas,,0,quatrocentos,gratis,SIM,nao,,2
269,1784.0, 35 ,,RJ,eletronicos,25,0,50,gratis,SIM,1,pago,1
270,1245.0,30,m,CE,Eletronicos,15,3,,25.5,NAO,0,,2
271,,30,f,CE,mercado,15,4,150,,nao,1,PAGO,3
272,1758.0,18,M, sp ,Casa,5,6,100,gratis,sim,0,pendente,1
273,,30,f,RJ,,,2,R$400,10,SIM,sim,,1
274,1920.0, 35 ,M,PE,mercado,25,8,100,25.5,não,0,pago,4
275,1407.0,22,Masculino,CE,ELETRONICOS,10,2,,25.5,sim,nao,PAGO,0
276,1524.0,25,Masculino,,Roupas,0,5,R$ 400,25.5,NAO,cancelado,pago,1
277,1827.0,trinta,  M,CE,,,4,300.0,0,Sim ,1,PAGO,3
278,1902.0,30,,ce,Mercado,,100,0,R$ 30,NAO,0,pendente,2
279,1035.0,42,f, sp ,Roup@,25,2,R$ 400,R$ 30,sim,1,PAGO,3
280,1684.0,30,  M,SP,Eletronicos,999,8,R$400,0,Sim ,sim,pendente,
281,1019.0,55,f,XX,Mercado,15,8,R$ 400,25.5,NAO,0,PAGO,10
282,1320.0,35,m,XX,Mercado,25,8,quatrocentos,10,NAO,0,,10
283,1511.0, 35 ,Feminino,CE,roupas ,-5,1,quatrocentos,20,sim,sim,PAGO,4
284,1399.0,30,f,PE,casa,-5,0,0,25.5,SIM,nao,PAGO,10
285,1653.0,42,m,PE,Casa,-5,2,,gratis,,0,cancelado,1
286,1971.0,22,,ce,,999,5,,,,1,cancelado,
287,1470.0,22,Masculino,CE,casa,25,2,300.0,,não,nao,PAGO,0
288,1833.0,22,  M,CE,Mercado,2,5,R$400,R$ 30,NAO,0,cancelado,0
289,1726.0,trinta,Feminino,XX,eletronicos,,8,200,,,nao,pendente,1
290,1853.0,55,Masculino,,mercado,,6,50,20,não,cancelado,cancelado,0
291,1050.0,22,  M,CE,roupas ,-5,5,R$ 400,0,nao,0,PAGO,3
292,1574.0,22,Feminino,SP,casa,0,4,R$400,0,nao,cancelado,,2
293,1149.0, 35 ,F, sp ,ELETRONICOS,25,0,300.0,20,sim,1,pago,1
294,1313.0,55,m, sp ,,25,0,200,R$ 30,,cancelado,,10
295,1569.0,,F,SP,,10,1,R$ 400,R$ 30,sim,0,,2
296,1304.0,25,m,,Roup@,2,2,300,gratis,,1,,0
297,1681.0,25,M,PE,Roup@,0,3,150,0,,sim,,4
298,1837.0,55,,XX,Casa,999,1,0,0,,1,pago,
299,2077.0,35,Feminino,SP,,5,3,50,0,SIM,0,PAGO,2
300,2002.0,trinta,F,RJ,ELETRONICOS,999,0,R$ 400,10,,cancelado,PAGO,
301,1443.0,42,,,casa,999,4,100,gratis,Sim ,nao,pago,
302,1612.0,30,Feminino,XX,casa,999,8,300.0,25.5,não,cancelado,,4
303,1992.0, 35 ,  M,,Mercado,10,8,300.0,,,1,cancelado,3
304,1263.0,18,M,RJ,casa,999,5,R$400,10,NAO,sim,,4
305,,25,  M,CE,ELETRONICOS,15,1,0,,Sim ,0,pendente,2
306,2003.0,,m,SP,Roup@,10,4,200,0,nao,cancelado,,2
307,1004.0,55,,CE,Mercado,,8,R$ 400,10,,nao,,1
308,1773.0,42,Feminino,ce,Eletronicos,999,5,100,0,nao,1,pago,10
309,1876.0,55,f,SP,ELETRONICOS,5,2,200,R$ 30,não,sim,pago,4
310,1991.0,30,,RJ,eletronicos,999,0,0,25.5,,0,,3
311,1883.0,42,,,casa,10,2,R$400,0,não,cancelado,pendente,1
312,1046.0,25,F,ce,Roup@,0,0,150,10,,0,,1
313,1866.0,22,Feminino,PE,mercado,25,2,200,25.5,,1,pendente,3
314,1822.0,55,Masculino,ce,,999,5,100,10,Sim ,cancelado,PAGO,1
315,1935.0,,Masculino, sp ,,,4,50,10,Sim ,nao,,3
316,1655.0,18,m,XX,casa,-5,1,300.0,20,SIM,1,PAGO,0
317,1268.0,25,,,eletronicos,0,0,,0,NAO,0,pago,1
318,1369.0,,,CE,,0,3,200,0,NAO,nao,PAGO,2
319,1635.0,30,Masculino,PE,Roup@,2,4,,10,NAO,1,,0
320,1656.0,18,,,Casa,25,4,quatrocentos,,,1,pendente,1
321,1119.0,35,,ce,casa,999,5,100,R$ 30,,sim,pago,3
322,1830.0,trinta,m,,Mercado,0,3,50,0,nao,cancelado,PAGO,0
323,2081.0,25,F,CE,roupas ,2,100,quatrocentos,gratis,nao,1,pago,10
324,1740.0,22,,PE,,25,4,300,R$ 30,Sim ,sim,pago,0
325,1116.0,25,F,,ELETRONICOS,25,4,quatrocentos,R$ 30,SIM,0,pendente,2
326,1790.0,30,,CE,eletronicos,10,6,300,R$ 30,sim,nao,,1
327,2012.0,42,f,CE,casa,999,0,100,0,SIM,sim,,1
328,2081.0,55,F,PE,Eletronicos,,8,R$400,R$ 30,,cancelado,,3
329,1633.0,42,M,RJ,mercado,0,4,0,R$ 30,nao,1,cancelado,0
330,1512.0,42,f,XX,Roup@,0,4,200,25.5,,0,pago,2
331,1801.0,25,,RJ,eletronicos,5,5,0,0,Sim ,1,PAGO,3
332,1559.0,30,,CE,ELETRONICOS,5,5,300.0,R$ 30,SIM,1,cancelado,10
333,1487.0,55,f,SP,casa,0,1,50,,Sim ,0,cancelado,3
334,1896.0,55,,PE,Eletronicos,999,0,,gratis,não,0,cancelado,2
335,1703.0,42,Feminino,CE,Roup@,5,5,,R$ 30,não,sim,cancelado,1
336,1580.0,35,M,CE,ELETRONICOS,,3,150,10,sim,0,,2
337,1789.0,trinta,Feminino,,Roup@,,3,150,0,nao,1,cancelado,1
338,1860.0,30,,XX,ELETRONICOS,15,4,R$ 400,25.5,,cancelado,PAGO,4
339,1246.0,35,F,,,15,8,,gratis,não,1,PAGO,0
340,2099.0, 35 ,Feminino,PE,,15,5,150,20,sim,1,pago,2
341,1153.0, 35 ,F, sp ,casa,25,1,100,10,NAO,nao,PAGO,10
342,1996.0,18,f,RJ,roupas ,999,5,quatrocentos,10,Sim ,0,,10
343,1696.0,42,,,Roupas,5,5,0,10,,1,pago,3
344,2092.0,55,  M,PE,Mercado,25,6,200,gratis,NAO,1,PAGO,3
345,2070.0,25,,RJ,roupas ,5,8,300,0,NAO,0,cancelado,1
346,2008.0,55,  M,PE,Roupas,999,5,300.0,0,,0,pendente,0
347,1093.0,,M, sp ,casa,2,2,200,R$ 30,sim,1,cancelado,10
348,1957.0,,F,XX,casa,-5,2,300.0,R$ 30,,nao,,0
349,2011.0,55,Feminino,XX,casa,10,4,200,0,Sim ,0,pago,2
350,1452.0,,  M,PE,Roupas,15,1,200,,sim,cancelado,pendente,3
351,1911.0,22,m,,Eletronicos,999,8,300,R$ 30,SIM,1,PAGO,10
352,1217.0,55,,XX,eletronicos,10,1,R$400,,NAO,nao,cancelado,2
353,1473.0,18,  M,SP,Roupas,-5,3,300,0,Sim ,1,pago,3
354,1431.0,35,Feminino,,mercado,2,8,quatrocentos,10,NAO,1,pago,4
355,1340.0, 35 ,Feminino,,eletronicos,,6,,20,SIM,nao,PAGO,2
356,1550.0,55,M,ce,,0,8,0,10,nao,nao,pago,
357,,55,Masculino,PE,mercado,10,5,,,SIM,1,PAGO,1
358,1022.0,,m,PE,ELETRONICOS,-5,0,300.0,R$ 30,nao,nao,PAGO,2
359,1521.0,22,  M,PE,Mercado,25,6,200,20,Sim ,0,pago,2
360,1801.0,30,m, sp ,Mercado,999,4,,20,Sim ,sim,pago,10
361,1761.0,25,Masculino,PE,,999,1,100,0,,0,,
362,1441.0,30,  M,XX,Mercado,,2,300,25.5,SIM,0,,4
363,1768.0,25,m,XX,Casa,0,6,50,gratis,,nao,cancelado,10
364,2015.0,trinta,F,ce,Roupas,15,4,0,25.5,NAO,1,cancelado,3
365,1515.0,55,Feminino,ce,Eletronicos,5,3,0,20,não,1,PAGO,10
366,2039.0,22,,,ELETRONICOS,10,8,50,25.5,NAO,1,,2
367,1791.0,30,f,XX,casa,25,8,R$400,R$ 30,não,nao,pago,3
368,1335.0,,,XX,Roupas,999,2,R$400,20,,nao,,4
369,1257.0,42,, sp ,mercado,5,0,300.0,10,sim,nao,cancelado,4
370,1496.0,,  M,XX,mercado,25,1,50,R$ 30,Sim ,cancelado,cancelado,3
371,1895.0, 35 ,  M,XX,eletronicos,,8,200,10,,cancelado,PAGO,0
372,1159.0,35,m,SP,casa,5,1,50,0,SIM,sim,pago,
373,1851.0, 35 ,Feminino,SP,Casa,999,3,50,0,sim,nao,cancelado,4
374,1689.0,35,Masculino,XX,,10,3,50,,,cancelado,,4
375,1379.0,trinta,M,XX,mercado,999,2,quatrocentos,R$ 30,NAO,0,pago,3
376,1956.0,30,m,XX,Mercado,15,5,R$ 400,gratis,não,1,,3
377,1690.0,18,M,ce,eletronicos,15,4,200,10,nao,1,PAGO,2
378,2066.0,55,f,CE,roupas ,-5,6,R$ 400,R$ 30,Sim ,cancelado,,
379,1284.0,30,m,SP,Roup@,25,2,50,gratis,não,nao,,2
380,1396.0,35,f,,eletronicos,15,4,50,0,NAO,1,cancelado,0
381,1011.0,42,,,eletronicos,-5,8,,R$ 30,,cancelado,cancelado,0
382,1498.0,35,m,,mercado,10,1,,,NAO,0,pago,0
383,1753.0,18,Feminino,CE,Roupas,,3,100,gratis,SIM,nao,cancelado,1
384,1034.0, 35 ,Feminino, sp ,casa,25,1,,,sim,sim,,3
385,1726.0,22,  M,,,10,2,quatrocentos,R$ 30,Sim ,0,pago,4
386,1848.0, 35 ,,,roupas ,5,100,R$ 400,10,SIM,0,,3
387,1089.0,trinta,  M,RJ,Mercado,-5,5,R$ 400,10,não,nao,pendente,3
388,1775.0,22,M,PE,Roupas,-5,4,100,25.5,,sim,cancelado,0
389,1604.0, 35 ,,RJ,ELETRONICOS,25,4,0,25.5,sim,cancelado,,3
390,1969.0,42,Masculino, sp ,mercado,15,0,300.0,R$ 30,,0,,1
391,2021.0,,,,casa,5,3,150,25.5,Sim ,nao,pago,10
392,1417.0, 35 ,Masculino,,Eletronicos,5,4,100,R$ 30,não,1,,4
393,1114.0,42,Masculino,PE,Mercado,-5,2,200,R$ 30,Sim ,sim,,10
394,1616.0,42,F,SP,Roupas,-5,6,50,0,Sim ,1,,0
395,1825.0,,m,,,15,100,0,gratis,nao,cancelado,,
396,2098.0,22,,,Mercado,15,4,R$400,10,nao,cancelado,pendente,2
397,1412.0,30,  M, sp ,casa,15,6,300,0,,cancelado,cancelado,
398,1728.0,25,M,,ELETRONICOS,5,4,100,20,,nao,,
399,2020.0,55,m,,ELETRONICOS,,2,0,10,sim,cancelado,PAGO,10
400,1760.0,35,F,CE,Mercado,2,6,R$400,25.5,nao,nao,PAGO,4
401,1675.0,25,M,,ELETRONICOS,999,8,50,R$ 30,não,1,,10
402,1456.0,18,,SP,Roupas,0,4,quatrocentos,25.5,nao,0,cancelado,2
403,1919.0,30,,CE,Mercado,-5,8,300,gratis,,1,PAGO,2
404,1191.0,25,Masculino,,Roupas,25,0,300,25.5,,cancelado,pago,3
405,1738.0,22,F,,,0,3,100,gratis,SIM,0,cancelado,4
406,1977.0,18,M,PE,ELETRONICOS,0,2,,0,SIM,cancelado,,1
407,2008.0,30,  M,,Casa,,5,300,R$ 30,SIM,cancelado,pendente,3
408,1095.0,30,F,XX,Roup@,15,2,50,25.5,,0,pago,2
409,1662.0,25,M,SP,Eletronicos,25,5,R$ 400,gratis,Sim ,sim,pago,10
410,1036.0,18,F,ce,mercado,15,6,0,25.5,NAO,0,,4
411,1278.0,30,  M,PE,casa,2,0,300,gratis,sim,0,cancelado,3
412,1216.0, 35 ,  M,RJ,Eletronicos,0,6,0,,SIM,nao,pendente,4
413,1866.0,18,Feminino,CE,Roupas,25,4,R$400,R$ 30,sim,cancelado,pago,10
414,1872.0,,Masculino,ce,Roup@,15,3,R$400,R$ 30,nao,1,pendente,0
415,1061.0,22,m,,Roup@,0,2,300,10,,cancelado,,1
416,1595.0, 35 ,m,,Casa,25,1,300,gratis,Sim ,0,pago,1
417,1728.0,22,,XX,,10,2,R$400,20,sim,cancelado,PAGO,1
418,1396.0,25,f,SP,roupas ,5,2,50,0,SIM,nao,,2
419,1698.0,55,,CE,roupas ,0,5,R$400,10,SIM,0,,2
420,2042.0,25,f,CE,Roupas,15,100,300,0,,nao,pago,0
421,1176.0, 35 ,F,SP,Roup@,10,1,150,10,Sim ,nao,pago,4
422,1395.0,42,f,CE,Casa,999,4,50,25.5,Sim ,0,PAGO,0
423,1444.0,25,Feminino,PE,mercado,,8,50,gratis,não,1,pendente,2
424,1075.0, 35 ,Feminino,,mercado,-5,3,0,25.5,Sim ,cancelado,PAGO,10
425,1264.0,18,Masculino,PE,Eletronicos,5,0,quatrocentos,0,NAO,nao,,3
426,1454.0,trinta,M,PE,Mercado,999,3,100,R$ 30,NAO,1,pago,3
427,1717.0,25,m,XX,casa,25,0,0,0,SIM,nao,PAGO,2
428,1734.0,18,Masculino,,Casa,-5,2,300,10,,nao,PAGO,1
429,1850.0,22,Feminino,XX,Mercado,25,5,,0,nao,0,,4
430,1143.0,30,M,CE,ELETRONICOS,5,4,300.0,gratis,Sim ,0,pendente,0
431,1884.0,55,,CE,mercado,15,100,R$400,0,NAO,cancelado,PAGO,3
432,2092.0,22,m,PE,Roupas,25,3,300.0,25.5,,0,,2
433,1395.0,22,m,PE,Casa,0,5,150,R$ 30,NAO,sim,PAGO,4
434,2048.0, 35 ,F,CE,Roup@,25,100,150,gratis,,0,cancelado,1
435,1947.0,42,, sp ,eletronicos,2,6,R$ 400,0,não,sim,,0
436,1890.0,35,m,SP,eletronicos,2,2,150,20,nao,nao,cancelado,0
437,1568.0,trinta,Feminino,ce,mercado,10,1,0,20,,0,,3
438,2062.0,42,F,,Casa,,1,R$400,R$ 30,nao,sim,,
439,1108.0, 35 ,  M,RJ,Mercado,5,8,100,25.5,Sim ,1,cancelado,3
440,2065.0,,f,,,25,2,0,10,não,0,pendente,10
441,1934.0,55,,XX,Mercado,,8,R$400,10,nao,0,pendente,2
442,1397.0,trinta,,,Casa,-5,1,,R$ 30,,1,,
443,1633.0,trinta,  M,CE,,999,4,,0,nao,1,cancelado,0
444,1732.0, 35 ,,ce,casa,5,4,quatrocentos,gratis,,1,PAGO,1
445,1234.0,30,m,RJ,mercado,25,5,quatrocentos,R$ 30,sim,cancelado,,1
446,1657.0,22,Masculino,PE,ELETRONICOS,,1,200,10,não,0,,
447,1750.0,30,F,PE,Eletronicos,2,8,R$400,20,nao,cancelado,,2
448,1587.0,30,  M,XX,Casa,2,2,100,10,sim,0,pago,0
449,2032.0, 35 ,,,casa,999,2,300,20,sim,sim,pendente,3
450,2097.0,30,,ce,eletronicos,5,0,,10,,0,cancelado,10
451,,30,  M,XX,Mercado,,100,,25.5,nao,cancelado,PAGO,1
452,1491.0, 35 ,,RJ,Roupas,,6,300.0,R$ 30,,1,,4
453,1912.0, 35 ,,RJ,mercado,15,1,200,gratis,Sim ,0,PAGO,2
454,1169.0,trinta,Feminino,RJ,,5,1,R$ 400,R$ 30,sim,0,,1
455,1945.0,30,F,PE,Mercado,10,8,quatrocentos,,sim,1,,4
456,1794.0,18,F, sp ,ELETRONICOS,2,0,300,0,,cancelado,PAGO,
457,1633.0,25,f,ce,casa,10,3,300,20,não,0,PAGO,4
458,1028.0, 35 ,,,,25,100,300.0,10,Sim ,1,,1
459,1338.0,30,  M,ce,eletronicos,10,4,R$ 400,0,,nao,pendente,2
460,1499.0,35,F,ce,ELETRONICOS,10,4,50,20,,1,pago,4
461,1510.0,55,,SP,Eletronicos,0,3,300.0,R$ 30,Sim ,0,pendente,4
462,1216.0,35,  M,ce,roupas ,10,0,R$400,20,sim,0,pendente,0
463,2093.0,30,,XX,Roupas,10,100,0,25.5,,0,pago,10
464,1444.0,22,,SP,Eletronicos,,1,0,10,não,0,,10
465,1875.0,22,m, sp ,mercado,5,2,300.0,,não,nao,pendente,10
466,1166.0,30,M,XX,Mercado,2,1,200,R$ 30,não,0,cancelado,0
467,1090.0,trinta,F,ce,Roup@,999,4,0,,,nao,cancelado,10
468,1713.0,trinta,F,,Roup@,10,8,0,0,não,0,pago,0
469,1038.0, 35 ,f,PE,,-5,8,50,10,SIM,nao,cancelado,4
470,1172.0,30,Feminino,CE,eletronicos,5,6,,R$ 30,,sim,,4
471,1652.0,25,f,,Casa,999,5,quatrocentos,,,sim,PAGO,2
472,1753.0, 35 ,,,Mercado,,4,R$400,10,nao,sim,,3
473,2081.0,35,f,XX,Roup@,999,0,100,gratis,,1,pago,0
474,1475.0,,Feminino,,,999,8,R$400,20,,1,PAGO,10
475,1455.0,25,Feminino,SP,casa,999,1,300,,sim,cancelado,cancelado,3
476,1828.0,35,M,RJ,roupas ,-5,6,quatrocentos,20,sim,nao,pendente,0
477,1894.0,trinta,,,eletronicos,5,2,300,gratis,sim,0,cancelado,10
478,2024.0,30,m,CE,Roupas,999,4,300.0,gratis,Sim ,1,,
479,1386.0,30,Feminino,,Eletronicos,25,5,quatrocentos,10,,nao,,
480,1347.0,35,m,,Eletronicos,0,0,,20,Sim ,sim,pago,0
481,1189.0,trinta,F,XX,Roup@,15,6,R$ 400,0,não,cancelado,pendente,10
482,,30,Masculino,ce,eletronicos,2,2,,25.5,nao,0,pendente,2
483,1823.0, 35 ,M,PE,Roup@,25,5,100,R$ 30,,sim,PAGO,2
484,1928.0,30,, sp ,Eletronicos,10,5,R$ 400,gratis,Sim ,cancelado,PAGO,
485,1933.0,55,  M,CE,,,6,300,0,NAO,0,,1
486,1133.0,22,m,ce,mercado,15,1,300,0,,1,pago,0
487,1057.0,42,f,PE,ELETRONICOS,5,0,,10,sim,1,,0
488,1684.0,30,Feminino,PE,Mercado,15,3,100,gratis,sim,nao,,
489,1671.0,55,m,XX,eletronicos,10,5,300,0,SIM,1,pendente,0
490,1172.0,55,  M,,casa,10,8,,25.5,SIM,0,pendente,2
491,1814.0,30,Feminino,,Roup@,25,3,R$ 400,0,NAO,cancelado,,10
492,1079.0,55,,,Roup@,2,6,300.0,25.5,SIM,sim,pendente,0
493,1885.0,35,Masculino,ce,Casa,25,5,quatrocentos,,nao,cancelado,PAGO,1
494,,55,f, sp ,roupas ,999,8,quatrocentos,25.5,não,cancelado,pendente,4
495,1763.0,trinta,m,SP,,,3,300.0,25.5,não,0,PAGO,1
496,1046.0,25,M,RJ,Roupas,2,2,100,gratis,,0,cancelado,10
497,1655.0,35,m,ce,Roup@,5,4,quatrocentos,,sim,1,pago,4
498,1470.0,55,m,SP,casa,5,3,100,25.5,,sim,pago,2
499,1970.0, 35 ,  M,RJ,Roupas,0,4,200,gratis,não,0,pendente,
500,2035.0,22,  M,PE,roupas ,2,8,200,,SIM,0,pago,10
501,1735.0,30,M, sp ,Casa,2,5,R$400,0,NAO,1,,3
502,1783.0,55,m,ce,Roup@,5,4,R$400,,,sim,cancelado,10
503,1967.0,18,,PE,Roupas,15,6,quatrocentos,25.5,nao,0,pendente,2
504,1357.0,22,,SP,Roupas,5,8,200,,,sim,PAGO,3
505,1971.0, 35 ,  M,ce,mercado,15,5,200,20,não,cancelado,cancelado,4
506,1667.0,trinta,  M,ce,Roupas,10,8,300,0,sim,1,,3
507,1372.0,55,,XX,Eletronicos,10,3,R$ 400,R$ 30,sim,1,cancelado,4
508,2031.0,trinta,Feminino,CE,roupas ,,8,300,,,0,pago,10
509,1675.0,55,m,PE,casa,999,3,,,nao,sim,,3
510,1089.0,42,M,ce,Casa,,6,300,,SIM,1,PAGO,4
511,1697.0,25,  M,,roupas ,2,0,R$400,20,não,0,,10
512,1539.0,trinta,M,,ELETRONICOS,25,6,0,20,SIM,1,cancelado,3
513,1731.0,25,M,CE,,15,3,150,10,sim,sim,pago,4
514,1868.0,22,,ce,Eletronicos,,5,quatrocentos,gratis,NAO,0,cancelado,1
515,1040.0,,  M,CE,Casa,10,100,quatrocentos,10,não,cancelado,PAGO,0
516,1739.0,42,f,CE,,25,0,50,gratis,,0,PAGO,1
517,1501.0,30,Feminino,SP,ELETRONICOS,999,6,R$400,10,NAO,1,pendente,2
518,1958.0,35,M,SP,Roupas,25,100,100,0,nao,nao,,
519,1928.0,25,  M,,roupas ,,2,quatrocentos,20,não,1,,
520,1460.0,42,Feminino,PE,casa,5,100,,0,sim,cancelado,pago,3
521,1731.0,,f,RJ,Casa,0,6,50,gratis,não,nao,,
522,1751.0,25,  M,CE,Mercado,25,100,R$ 400,20,sim,1,PAGO,10
523,1924.0,30,m,SP,,,4,150,20,Sim ,0,,4
524,1908.0, 35 ,M, sp ,ELETRONICOS,-5,5,,gratis,sim,sim,pago,1
525,1389.0,30,f,,,999,2,50,0,sim,nao,cancelado,1
526,1882.0, 35 ,m,ce,mercado,-5,3,150,20,nao,0,,10
527,1255.0,55,M,PE,Eletronicos,25,1,300.0,R$ 30,não,0,,4
528,1708.0,25,F,ce,Eletronicos,25,4,300.0,,NAO,1,PAGO,3
529,1449.0,55,Masculino,,mercado,15,2,0,0,sim,nao,PAGO,10
530,1009.0,18,,XX,Eletronicos,5,2,0,0,,nao,cancelado,2
531,1823.0,25,M,,eletronicos,,1,100,0,não,sim,,2
532,1797.0,42,f,PE,eletronicos,10,2,50,20,sim,0,,10
533,1876.0,30,f,,Casa,10,4,100,25.5,SIM,0,pendente,2
534,2028.0,55,Masculino, sp ,Mercado,10,6,0,,,1,,3
535,2015.0,25,  M,ce,casa,999,8,300.0,10,SIM,sim,PAGO,4
536,1373.0,18,,XX,Roupas,0,8,50,gratis,SIM,cancelado,pendente,1
537,2088.0, 35 ,Feminino, sp ,eletronicos,2,8,300.0,0,,nao,,10
538,1145.0,42,M,RJ,ELETRONICOS,10,4,200,20,SIM,sim,,2
539,1223.0,30,  M,ce,mercado,15,5,R$ 400,gratis,NAO,1,pendente,1
540,1176.0,25,m,,roupas ,5,3,R$ 400,25.5,,0,PAGO,10
541,1852.0,30,Feminino,XX,Mercado,0,1,200,R$ 30,nao,nao,cancelado,2
542,1062.0,22,,PE,casa,2,0,quatrocentos,25.5,sim,0,,2
543,1826.0,30,  M,XX,ELETRONICOS,2,8,R$ 400,20,SIM,cancelado,,10
544,1794.0,25,Feminino,ce,Mercado,999,100,300,0,não,1,cancelado,2
545,1688.0,trinta,,SP,mercado,15,4,300.0,25.5,SIM,1,pago,4
546,1104.0,18,, sp ,ELETRONICOS,2,5,300,,Sim ,1,pago,3
547,1510.0,55,M,XX,mercado,-5,5,300.0,25.5,Sim ,0,cancelado,
548,1384.0,,M,,casa,,8,300.0,25.5,nao,0,,1
549,1404.0,trinta,M, sp ,Eletronicos,-5,100,100,,NAO,0,,
550,1822.0,22,,,Roupas,2,0,300,R$ 30,,cancelado,PAGO,1
551,1517.0,30,  M,XX,Roupas,2,8,300,20,Sim ,sim,PAGO,10
552,1475.0, 35 ,m,SP,Roup@,2,1,,gratis,,1,,4
553,1708.0,42,F, sp ,eletronicos,999,6,R$400,10,não,0,cancelado,2
554,1770.0,30,f,,Casa,-5,100,0,20,SIM,cancelado,,4
555,2046.0,22,m, sp ,roupas ,10,8,0,0,Sim ,1,,3
556,1996.0,55,  M,PE,mercado,10,1,0,20,Sim ,nao,pendente,0
557,1676.0,42,,XX,Roup@,10,100,quatrocentos,20,NAO,0,pendente,
558,1713.0, 35 ,Feminino,RJ,,5,3,150,R$ 30,,0,,0
559,1082.0,55,m,ce,Roup@,15,100,300.0,10,Sim ,cancelado,,4
560,1456.0,18,Feminino,CE,,-5,4,300,10,,1,cancelado,2
561,1000.0,30,F,RJ,Roup@,,100,300,10,SIM,nao,cancelado,0
562,1050.0,,  M,,mercado,10,0,200,gratis,nao,1,cancelado,0
563,1684.0,trinta,  M,,casa,-5,8,,20,,0,,
564,1716.0,25,f,,mercado,15,4,300.0,R$ 30,nao,1,PAGO,
565,1448.0,22,,SP,Roupas,2,100,R$400,0,,0,pago,1
566,1880.0,25,f,PE,mercado,25,4,300,10,nao,0,pendente,2
567,1487.0,,  M,ce,casa,999,1,quatrocentos,,,1,,10
568,,42,f,RJ,Mercado,10,6,300.0,10,,1,,0
569,1094.0,25,Masculino,CE,Roupas,15,4,R$400,,sim,0,pendente,3
570,2095.0,trinta,  M, sp ,Eletronicos,10,3,300.0,20,SIM,nao,pendente,
571,1153.0,35,m,SP,ELETRONICOS,999,5,300,0,Sim ,sim,,1
572,1249.0,42,Masculino,,Eletronicos,999,3,100,R$ 30,Sim ,0,cancelado,2
573,1673.0,30,m,CE,Casa,15,100,200,10,,0,pago,2
574,1437.0,55,Masculino,,Eletronicos,5,6,quatrocentos,20,Sim ,0,pago,3
575,1117.0,,m,XX,,10,3,R$400,25.5,NAO,1,pago,10
576,1770.0,30,  M,SP,Roupas,10,5,300.0,R$ 30,não,0,,2
577,1267.0,25,M, sp ,Eletronicos,15,0,100,,SIM,sim,,4
578,2077.0,30,,,eletronicos,5,0,quatrocentos,gratis,nao,0,PAGO,4
579,1235.0,42,,SP,,5,6,R$400,R$ 30,Sim ,nao,pendente,1
580,1388.0,,Masculino,ce,Eletronicos,10,5,100,20,,sim,PAGO,10
581,1989.0,55,, sp ,roupas ,2,5,100,10,sim,0,PAGO,4
582,1762.0, 35 ,Feminino,RJ,Casa,999,1,300.0,R$ 30,NAO,0,,
583,1400.0,18,Masculino,SP,ELETRONICOS,0,2,50,0,não,nao,,2
584,1623.0,30,m, sp ,casa,10,4,quatrocentos,,Sim ,cancelado,pendente,3
585,1766.0,30,,RJ,roupas ,2,6,300.0,25.5,nao,cancelado,cancelado,3
586,1918.0,42,f,SP,roupas ,10,8,300.0,0,SIM,1,pago,4
587,1852.0,30,m,CE,roupas ,2,1,0,0,sim,sim,,0
588,1577.0,25,Feminino,,casa,10,0,quatrocentos,0,nao,1,pendente,0
589,1074.0,,,CE,eletronicos,15,1,300,20,NAO,1,pago,0
590,1434.0,25,,ce,eletronicos,0,100,50,20,SIM,cancelado,PAGO,0
591,1102.0,42,Feminino, sp ,casa,-5,4,200,R$ 30,,sim,,4
592,1763.0,30,Masculino,RJ,Mercado,-5,8,150,,SIM,0,PAGO,4
593,1737.0,55,F,XX,,,6,100,gratis,NAO,0,PAGO,4
594,1805.0,,F,SP,mercado,999,100,quatrocentos,,,0,,
595,1097.0,18,,XX,mercado,15,2,,25.5,SIM,cancelado,pendente,2
596,1797.0,,F,SP,eletronicos,0,8,R$ 400,R$ 30,,1,,0
597,1858.0,42,F,ce,Roupas,2,5,300.0,0,,1,pago,1
598,1434.0,55,m,XX,casa,999,8,R$400,R$ 30,,1,pendente,10
599,1446.0,55,m,RJ,eletronicos,0,1,100,,sim,0,cancelado,2
600,1248.0, 35 ,f,PE,Roupas,5,100,quatrocentos,10,sim,1,cancelado,10
601,1165.0,,  M,CE,mercado,999,1,0,R$ 30,,1,pago,10
602,1983.0,,,RJ,Eletronicos,15,5,R$400,,,0,,2
603,2019.0,trinta,F,,eletronicos,,0,R$400,R$ 30,SIM,0,cancelado,4
604,1541.0,35,f,ce,Casa,15,1,0,,Sim ,1,PAGO,4
605,1758.0,18,,,Eletronicos,2,8,R$ 400,0,,nao,cancelado,2
606,1080.0,22,F,SP,Eletronicos,-5,2,quatrocentos,R$ 30,SIM,sim,,4
607,1132.0,30,M,RJ,eletronicos,25,8,0,25.5,Sim ,1,PAGO,0
608,1796.0,35,,XX,Roupas,25,8,300,0,SIM,1,cancelado,2
609,1899.0, 35 ,,PE,Casa,15,100,R$400,20,nao,0,,
610,1137.0,,  M,,Roupas,0,6,100,20,não,nao,pago,
611,1183.0,18,,XX,roupas ,2,4,300,R$ 30,sim,0,,10
612,1784.0,25,f,CE,Roupas,10,8,100,R$ 30,SIM,cancelado,,
613,1983.0,35,f,PE,Roupas,-5,8,,25.5,sim,1,pago,2
614,1068.0,25,F, sp ,Mercado,999,4,200,,NAO,sim,cancelado,
615,1545.0,30,, sp ,Roup@,,2,,,não,cancelado,pago,2
616,1052.0,25,F, sp ,ELETRONICOS,2,100,300.0,gratis,Sim ,0,pago,4
617,1204.0,30,,ce,Roup@,15,0,,0,,nao,cancelado,
618,1125.0,18,f,RJ,Casa,5,5,quatrocentos,25.5,NAO,1,pendente,2
619,1042.0,30,M,SP,Casa,5,5,150,R$ 30,não,0,,1
620,1110.0,30,f,RJ,casa,2,1,150,R$ 30,NAO,1,pago,1
621,1760.0,55,m,,Roupas,25,100,300.0,R$ 30,sim,1,cancelado,0
622,1847.0,22,Feminino,RJ,Eletronicos,5,0,200,R$ 30,nao,cancelado,,2
623,1094.0,22,  M,RJ,Roup@,15,5,0,10,não,cancelado,pago,
624,1899.0,42,,CE,casa,,6,,R$ 30,NAO,0,,2
625,1359.0,22,F,SP,roupas ,10,0,quatrocentos,R$ 30,Sim ,1,pago,10
626,1899.0,42,Feminino,RJ,ELETRONICOS,999,6,50,10,não,cancelado,pendente,4
627,1280.0,,Feminino,SP,Roupas,0,4,300,gratis,não,0,pendente,10
628,1666.0,22,Masculino,,casa,25,3,R$400,,NAO,1,,
629,1092.0,30,  M, sp ,Roup@,5,8,300.0,20,nao,1,pendente,3
630,1671.0,55,m,XX,roupas ,10,2,150,R$ 30,,0,,10
631,1060.0,30,f,CE,Mercado,999,8,50,,,cancelado,,
632,1633.0,25,, sp ,mercado,,1,150,R$ 30,,sim,pago,3
633,2074.0, 35 ,f,SP,ELETRONICOS,-5,5,200,25.5,,1,cancelado,
634,2028.0,22,m, sp ,Casa,2,100,50,0,,0,pendente,2
635,1603.0,30,F,RJ,Mercado,0,1,0,25.5,SIM,nao,,0
636,1681.0,30,Masculino,XX,,-5,0,200,R$ 30,Sim ,0,pago,2
637,1533.0,30,f,RJ,,0,100,,gratis,Sim ,0,pendente,2
638,1837.0,18,,,Roupas,5,100,300,25.5,,cancelado,PAGO,2
639,1644.0,18,  M,RJ,mercado,,0,0,gratis,NAO,nao,pago,0
640,1232.0,22,Feminino,XX,mercado,10,4,0,gratis,nao,1,pendente,0
641,1523.0, 35 ,F,PE,ELETRONICOS,0,8,R$400,R$ 30,sim,nao,cancelado,3
642,1345.0,22,m,,Eletronicos,0,1,200,gratis,sim,sim,,
643,2069.0,22,,SP,Mercado,999,8,50,25.5,,0,PAGO,2
644,1545.0,42,,,Eletronicos,15,6,,10,,1,,
645,2096.0,55,Masculino,,eletronicos,0,5,50,0,SIM,cancelado,,2
646,1793.0,55,m,,Mercado,2,1,150,gratis,,nao,cancelado,4
647,1248.0, 35 ,F, sp ,roupas ,,0,,,SIM,1,cancelado,1
648,1046.0,42,,CE,Roupas,,1,50,R$ 30,NAO,nao,,4
649,1213.0,30,Feminino,XX,Mercado,-5,1,150,20,nao,0,pago,4
650,1238.0,,  M,CE,Mercado,2,3,,gratis,sim,1,cancelado,1
651,2079.0,42,M,XX,eletronicos,10,0,300,,Sim ,sim,,2
652,1349.0,22,M,SP,ELETRONICOS,25,0,300.0,25.5,nao,1,pago,3
653,1106.0,18,F,,ELETRONICOS,15,8,300,gratis,sim,1,cancelado,
654,1830.0,35,m,SP,roupas ,25,5,150,20,nao,0,cancelado,1
655,1047.0, 35 ,M,RJ,ELETRONICOS,-5,0,quatrocentos,,NAO,0,,0
656,1336.0,30,Masculino,RJ,mercado,,2,100,10,sim,0,pago,2
657,2049.0,30,m,CE,Roup@,2,0,150,25.5,não,1,PAGO,1
658,1803.0,35,M,ce,eletronicos,25,2,200,25.5,,sim,PAGO,1
659,1007.0,35,,ce,Roup@,10,5,150,R$ 30,NAO,0,,10
660,1624.0,42,Feminino,ce,Roup@,10,4,100,25.5,não,1,pago,
661,1718.0,25,,,eletronicos,5,1,0,20,,1,cancelado,1
662,1302.0,35,m, sp ,Roup@,0,5,100,,nao,cancelado,cancelado,3
663,1638.0,22,, sp ,Roup@,0,8,,25.5,NAO,sim,pago,4
664,1055.0,trinta,,RJ,Roup@,10,1,200,10,,1,PAGO,4
665,1725.0,18,M,ce,roupas ,2,2,300,0,Sim ,1,,10
666,1525.0,,m,XX,Casa,-5,100,150,0,NAO,1,pendente,1
667,1473.0,18,Feminino,RJ,roupas ,5,5,0,gratis,NAO,1,,1
668,1027.0,trinta,,SP,,999,8,quatrocentos,0,,0,pago,4
669,1077.0,55,f,ce,Eletronicos,10,2,300.0,20,NAO,sim,,3
670,1364.0,22,Masculino,RJ,Mercado,2,8,R$400,0,NAO,1,pendente,2
671,1665.0,30,,ce,ELETRONICOS,,8,300,20,SIM,1,,4
672,1525.0,35,Feminino,,eletronicos,25,8,300,20,não,nao,pendente,1
673,1698.0,55,  M,CE,mercado,2,5,R$400,gratis,NAO,1,pendente,3
674,1882.0,22,  M,PE,Roup@,0,100,150,0,NAO,sim,,
675,2030.0,42,f,ce,casa,10,2,200,gratis,nao,nao,pendente,3
676,2026.0,18,f,SP,eletronicos,15,4,200,25.5,SIM,0,PAGO,
677,1918.0,55,f,SP,Roupas,999,2,200,10,sim,1,,10
678,1749.0, 35 ,Masculino,CE,eletronicos,25,0,300,,,nao,pago,0
679,1362.0,35,Masculino,,Mercado,0,1,,0,nao,sim,,0
680,1805.0,35,,SP,mercado,15,100,0,25.5,nao,nao,PAGO,3
681,1738.0,30,,RJ,eletronicos,0,5,quatrocentos,R$ 30,,cancelado,PAGO,4
682,,25,F,SP,mercado,10,3,,,,0,,0
683,1484.0, 35 ,  M,PE,eletronicos,2,4,quatrocentos,,,nao,,10
684,1027.0,35,M,CE,roupas ,0,1,,,SIM,cancelado,,2
685,1713.0,30,M,RJ,roupas ,2,3,300,25.5,,1,cancelado,2
686,2062.0, 35 ,f,ce,Casa,10,0,R$ 400,gratis,SIM,cancelado,pendente,10
687,1085.0,35,  M,CE,Eletronicos,999,2,,gratis,,0,pago,
688,1125.0,trinta,F,PE,eletronicos,-5,2,R$400,,SIM,1,pendente,10
689,1811.0, 35 ,F, sp ,,999,100,50,,nao,1,pago,10
690,1536.0,22,M,PE,,5,5,150,10,nao,1,PAGO,1
691,1144.0, 35 ,F,XX,Roup@,-5,5,R$ 400,10,,0,pago,0
692,1024.0,,  M,XX,eletronicos,15,1,200,,NAO,1,pago,10
693,1066.0,30,, sp ,Roupas,2,6,0,10,SIM,cancelado,,10
694,1232.0,42,Feminino,,mercado,10,0,300,,,cancelado,pendente,10
695,1108.0,42,F,SP,Roup@,25,6,R$400,10,SIM,0,cancelado,4
696,1110.0,42,,,Casa,999,8,R$400,,,0,cancelado,10
697,1227.0,22,  M,,mercado,5,4,,gratis,nao,nao,,3
698,1110.0,55,M,PE,roupas ,5,2,0,20,nao,cancelado,,1
699,1033.0,42,, sp ,casa,999,1,150,gratis,SIM,0,,0
700,1622.0,,F, sp ,Roup@,,6,0,20,NAO,cancelado,,3
701,1747.0,18,f,ce,roupas ,2,100,300.0,gratis,Sim ,sim,PAGO,10
702,1594.0,22,,CE,Roupas,5,5,100,R$ 30,Sim ,1,PAGO,
703,1424.0,55,f,RJ,Roup@,15,2,300,gratis,,1,cancelado,2
704,1612.0,18,m,XX,Roup@,10,1,R$ 400,10,sim,0,pago,1
705,,18,M,,Roup@,2,3,R$400,20,NAO,nao,pendente,0
706,1314.0,18,  M,SP,Eletronicos,15,4,300.0,25.5,nao,1,PAGO,0
707,1876.0,30,Feminino,RJ,Roup@,5,8,300,R$ 30,SIM,0,cancelado,0
708,1661.0,30,f,PE,Eletronicos,25,100,quatrocentos,25.5,,0,pago,4
709,1276.0,30,Feminino,ce,roupas ,2,0,,R$ 30,SIM,1,PAGO,
710,1623.0,22,Feminino,RJ,Casa,999,100,300,25.5,,nao,PAGO,1
711,1515.0,,f,ce,Eletronicos,5,8,R$400,10,,1,,10
712,1842.0,,Feminino,,Eletronicos,10,0,200,25.5,SIM,0,,2
713,1349.0,,,,Roup@,10,0,200,,,0,pendente,3
714,1822.0,18,m,SP,Casa,15,1,50,gratis,,0,pendente,0
715,1758.0,trinta,f, sp ,Roup@,-5,100,300,10,,1,pago,1
716,1898.0, 35 ,M,PE,roupas ,,2,300,,Sim ,sim,cancelado,
717,1242.0,55,f,,Roup@,10,8,300,25.5,,0,,10
718,1542.0,30,,SP,ELETRONICOS,2,5,150,10,nao,1,,3
719,2063.0,42,,,Mercado,2,4,,gratis,,0,cancelado,2
720,1228.0,22,f,CE,roupas ,0,1,300.0,10,SIM,nao,,3
721,1547.0,55,  M, sp ,eletronicos,25,1,R$400,25.5,SIM,1,pendente,2
722,1919.0,22,m,CE,mercado,-5,3,0,10,Sim ,nao,pendente,10
723,1005.0,trinta,,SP,mercado,-5,1,100,R$ 30,SIM,0,,0
724,1467.0,30,f,RJ,Casa,10,0,quatrocentos,0,,1,cancelado,4
725,1074.0,30,F,,ELETRONICOS,-5,3,R$400,25.5,,nao,cancelado,2
726,1003.0,18,Masculino,ce,Eletronicos,,2,200,gratis,sim,sim,,0
727,1645.0,30,F,SP,ELETRONICOS,999,6,300,20,nao,0,pendente,3
728,1117.0,22,Feminino,ce,Mercado,10,4,R$ 400,10,,cancelado,pago,10
729,1880.0,42,M,ce,roupas ,25,4,R$400,R$ 30,não,0,cancelado,
730,1503.0,18,Feminino,CE,Casa,999,2,R$ 400,10,,1,PAGO,3
731,1946.0,35,f,RJ,ELETRONICOS,5,2,100,25.5,,1,cancelado,3
732,1573.0,,m,ce,Roupas,-5,6,quatrocentos,R$ 30,sim,1,cancelado,10
733,1193.0,55,F,,Eletronicos,-5,5,0,25.5,,sim,cancelado,10
734,1846.0,trinta,  M,CE,ELETRONICOS,999,100,,0,NAO,0,pendente,4
735,1714.0,18,,,Casa,2,4,200,gratis,,1,PAGO,1
736,2049.0,22,m,CE,Roupas,999,5,300.0,R$ 30,sim,nao,cancelado,2
737,1172.0,55,Feminino,,eletronicos,2,1,50,R$ 30,sim,0,pago,
738,1325.0,42,, sp ,roupas ,10,2,0,10,,1,,10
739,1835.0,25,F,CE,roupas ,,3,150,10,,nao,,1
740,1723.0,trinta,  M,,eletronicos,15,5,100,20,Sim ,1,PAGO,3
741,1224.0,22,Masculino,ce,,,5,150,,NAO,nao,,
742,1531.0,trinta,Masculino,XX,Roup@,2,4,0,R$ 30,,1,pago,4
743,1112.0,30,  M,XX,mercado,999,3,50,10,nao,cancelado,,0
744,1139.0,25,,XX,Roupas,10,100,0,10,,1,cancelado,4
745,1558.0,55,f, sp ,Eletronicos,-5,1,0,,nao,1,pendente,3
746,1000.0,30,,,ELETRONICOS,5,6,150,0,sim,1,cancelado,1
747,1089.0,22,,,Mercado,-5,8,0,20,não,nao,cancelado,3
748,1653.0,trinta,f,SP,mercado,-5,4,300,,sim,nao,,
749,1319.0,55,m,XX,Casa,,3,0,10,SIM,1,cancelado,3
750,1138.0,30,F,SP,Roup@,5,0,quatrocentos,10,Sim ,nao,pago,
751,1844.0,42,, sp ,Eletronicos,999,100,,gratis,SIM,1,pendente,2
752,1258.0,42,F,SP,Mercado,25,1,200,R$ 30,,cancelado,,4
753,1901.0,trinta,Feminino, sp ,Mercado,,100,R$ 400,10,NAO,cancelado,PAGO,1
754,1689.0,18,Masculino,SP,Eletronicos,999,8,150,0,NAO,nao,,1
755,1009.0,30,Masculino,CE,Roup@,10,1,200,10,Sim ,1,cancelado,0
756,1260.0,18,f,XX,Casa,10,8,R$400,R$ 30,sim,nao,,2
757,1171.0,30,Feminino,RJ,eletronicos,999,5,50,10,NAO,cancelado,,
758,1897.0,22,Masculino,PE,mercado,,8,50,,não,1,,1
759,1012.0,,f, sp ,casa,5,100,300,25.5,,cancelado,cancelado,2
760,1320.0,35,,ce,casa,10,0,300,10,Sim ,0,cancelado,3
761,1328.0,trinta,Feminino,PE,Roup@,999,6,100,20,SIM,cancelado,,10
762,1784.0, 35 ,m,,Mercado,5,2,R$400,R$ 30,não,cancelado,pago,4
763,1776.0,,Feminino, sp ,ELETRONICOS,999,0,0,R$ 30,,0,PAGO,1
764,1910.0,trinta,M, sp ,eletronicos,25,4,100,25.5,,1,cancelado,3
765,1317.0,25,Masculino,SP,eletronicos,0,0,R$ 400,20,nao,nao,pago,0
766,1235.0,30,Feminino, sp ,Roup@,15,8,R$ 400,20,Sim ,1,cancelado,2
767,1333.0,25,,XX,Casa,10,4,150,R$ 30,não,1,cancelado,10
768,1375.0,42,,,Roup@,999,0,R$ 400,0,,cancelado,pago,3
769,1587.0,30,m,,,,2,300,10,Sim ,1,cancelado,2
770,1512.0,30,F,,ELETRONICOS,999,100,quatrocentos,20,SIM,cancelado,PAGO,
771,1917.0,,f,RJ,roupas ,,6,R$ 400,10,sim,nao,,
772,1872.0,42,,XX,casa,2,8,200,10,Sim ,0,pago,2
773,1269.0,30,,XX,Roup@,25,1,100,,NAO,0,,2
774,1797.0,18,m,CE,eletronicos,-5,3,0,0,,nao,pago,1
775,1724.0,42,f,,Casa,999,5,50,0,SIM,sim,,2
776,1004.0,18,m,PE,casa,5,8,150,20,SIM,sim,pendente,3
777,1850.0,18,F,ce,Roupas,15,1,100,20,não,nao,cancelado,0
778,1077.0,30,f, sp ,Eletronicos,-5,100,,R$ 30,NAO,sim,,1
779,1573.0,55,Feminino,RJ,eletronicos,25,5,300,,não,0,PAGO,4
780,1131.0,25,Masculino,ce,Roupas,2,3,200,,,1,PAGO,0
781,1600.0,42,m,ce,Casa,5,8,200,25.5,nao,cancelado,pendente,3
782,2065.0, 35 ,F,CE,eletronicos,25,0,quatrocentos,10,SIM,sim,,1
783,1088.0,55,,RJ,Roup@,0,3,300.0,R$ 30,Sim ,cancelado,PAGO,10
784,1401.0,25,M,SP,eletronicos,2,8,50,0,nao,sim,,10
785,1295.0,42,,CE,Casa,10,8,R$400,0,NAO,nao,,2
786,1615.0,,M,XX,eletronicos,0,4,R$ 400,0,SIM,1,pendente,
787,1799.0,30,  M,CE,ELETRONICOS,0,100,100,,,1,,0
788,1421.0,25,Feminino,XX,Mercado,-5,1,50,R$ 30,NAO,1,pago,1
789,2046.0, 35 ,  M,PE,Roupas,10,1,0,20,nao,nao,,4
790,1574.0,trinta,m,,roupas ,2,5,quatrocentos,25.5,Sim ,0,,
791,1142.0,22,m,XX,Mercado,-5,3,300,,sim,0,pendente,4
792,1992.0,18,M,ce,Casa,10,100,150,25.5,não,sim,pago,4
793,1664.0,22,f,XX,casa,25,5,100,0,,nao,PAGO,10
794,1144.0,55,F,,,15,8,,0,não,cancelado,,1
795,2006.0,trinta,, sp ,ELETRONICOS,2,1,,25.5,,cancelado,,0
796,1502.0,18,m,CE,,-5,2,50,25.5,,nao,cancelado,2
797,1820.0,42,  M, sp ,,15,4,50,20,nao,0,pendente,0
798,,55,  M,CE,Roupas,2,100,,25.5,SIM,1,PAGO,2
799,2062.0, 35 ,,PE,Casa,0,5,200,10,SIM,0,pago,2
800,1197.0,30,Feminino,,Roupas,15,5,0,25.5,Sim ,1,,0
801,1578.0,42,M,ce,eletronicos,15,100,300,gratis,,0,cancelado,1
802,1390.0,25,,ce,mercado,5,0,quatrocentos,25.5,SIM,cancelado,pendente,4
803,1553.0,30,M,,Roup@,2,2,,0,SIM,1,,
804,2038.0,55,m,,Mercado,10,8,200,0,SIM,0,PAGO,4
805,1477.0,25,Masculino,CE,eletronicos,25,1,quatrocentos,,NAO,sim,,4
806,1922.0, 35 ,,ce,Eletronicos,,100,R$400,gratis,NAO,sim,,
807,1419.0,22,,ce,casa,-5,3,50,10,,1,,4
808,1156.0,25,  M,,Eletronicos,15,2,300,25.5,sim,0,pago,0
809,1549.0,22,,CE,Eletronicos,999,4,R$400,25.5,,0,,4
810,2020.0,18,m,XX,ELETRONICOS,15,4,quatrocentos,gratis,NAO,1,pendente,0
811,1996.0,30,Masculino,XX,roupas ,0,3,R$400,,,0,,2
812,1950.0,35,,,Mercado,2,2,quatrocentos,20,,0,pago,3
813,1288.0,42,M,SP,,0,5,quatrocentos,20,,sim,,
814,1195.0,35,,RJ,mercado,25,4,150,,não,cancelado,pago,
815,1597.0,18,  M,PE,eletronicos,5,5,200,10,,cancelado,pendente,3
816,1516.0,25,M,CE,Eletronicos,2,0,R$ 400,25.5,nao,sim,,2
817,1864.0,18,Feminino,XX,Eletronicos,0,2,R$ 400,25.5,sim,cancelado,PAGO,0
818,1805.0,,M,RJ,casa,5,100,0,25.5,SIM,nao,cancelado,
819,1814.0,35,F,RJ,mercado,,1,quatrocentos,,não,sim,pago,4
820,1227.0,35,Masculino,RJ,mercado,,0,0,0,sim,nao,PAGO,1
821,1215.0,,F,,mercado,2,5,quatrocentos,R$ 30,nao,cancelado,,0
822,1947.0,42,M,,eletronicos,25,2,300,20,sim,0,pendente,0
823,1014.0,30,Feminino,SP,Mercado,999,0,300.0,,não,1,PAGO,
824,1046.0,trinta,,CE,Mercado,15,5,50,R$ 30,sim,0,PAGO,2
825,1323.0,18,,,eletronicos,10,3,50,gratis,não,1,,2
826,1843.0,30,, sp ,ELETRONICOS,25,8,200,R$ 30,sim,nao,PAGO,1
827,1129.0,trinta,Feminino,,eletronicos,25,4,R$400,0,sim,1,pendente,4
828,1094.0,,m, sp ,Roup@,999,6,200,0,,cancelado,pago,3
829,1626.0,18,M,SP,Casa,0,0,R$ 400,20,sim,sim,cancelado,10
830,, 35 ,F,CE,Roup@,5,1,R$ 400,25.5,não,1,,4
831,1793.0,,Masculino,,ELETRONICOS,2,2,200,10,sim,nao,pago,4
832,,55,Masculino,RJ,ELETRONICOS,10,0,R$ 400,R$ 30,,0,cancelado,10
833,1010.0,55,M,CE,eletronicos,5,8,R$ 400,,,nao,pendente,10
834,1871.0,35,M,,eletronicos,15,100,0,,nao,1,cancelado,3
835,1549.0,55,,CE,,10,2,200,gratis,nao,1,pendente,1
836,,22,F,,roupas ,,0,150,20,NAO,1,cancelado,
837,1022.0,30,  M,CE,,25,6,0,10,NAO,1,pago,0
838,1814.0,55,f,,,15,1,R$400,20,NAO,0,,2
839,1345.0,25,  M,,casa,,4,50,20,NAO,nao,,10
840,1301.0,22,,,Roup@,15,2,0,20,,1,,3
841,1362.0,trinta,Masculino,RJ,Mercado,0,8,300,20,NAO,0,pendente,
842,1395.0,22,M,PE,,2,100,200,25.5,nao,sim,PAGO,1
843,1217.0,18,f,ce,roupas ,5,6,,,SIM,cancelado,,
844,1140.0,35,m, sp ,mercado,15,4,0,0,sim,cancelado,pendente,1
845,1957.0,42,Masculino,,Roupas,,5,300.0,,nao,cancelado,pendente,4
846,1984.0,42,Feminino,PE,Mercado,0,1,300.0,,nao,nao,cancelado,0
847,1992.0, 35 ,F, sp ,mercado,0,4,100,R$ 30,Sim ,nao,pendente,4
848,1827.0,30,  M,CE,,,3,R$ 400,20,SIM,nao,cancelado,4
849,1682.0,18,m,SP,roupas ,15,100,300,10,não,1,pago,1
850,2003.0,42,M,,Eletronicos,10,6,150,R$ 30,,1,pendente,3
851,1355.0,35,m,PE,roupas ,-5,4,quatrocentos,10,SIM,0,PAGO,2
852,2007.0,trinta,,XX,roupas ,-5,3,quatrocentos,10,Sim ,sim,PAGO,4
853,1887.0,42,Feminino,PE,roupas ,,4,quatrocentos,0,nao,0,pago,10
854,1126.0,25,Feminino,SP,eletronicos,0,0,50,0,SIM,sim,,3
855,2008.0,22,f,,Roup@,5,5,0,10,sim,1,PAGO,10
856,1603.0,42,,PE,roupas ,0,1,50,25.5,NAO,sim,cancelado,4
857,2013.0,18,Masculino,,eletronicos,999,5,50,0,sim,1,pendente,3
858,1050.0,55,  M, sp ,mercado,0,0,,0,SIM,1,,0
859,2052.0,55,,CE,casa,,4,200,25.5,nao,0,pendente,10
860,1778.0,trinta,Masculino,XX,Roup@,15,2,150,20,nao,nao,pendente,2
861,1813.0,55,Masculino,CE,,10,3,50,0,Sim ,0,,1
862,1419.0,,f,RJ,mercado,25,100,,R$ 30,não,cancelado,,0
863,1982.0,trinta,Feminino,,,10,8,R$400,10,sim,sim,PAGO,4
864,1824.0,18,F,,ELETRONICOS,5,3,300.0,10,Sim ,0,PAGO,4
865,,30,m,RJ,Mercado,5,5,R$ 400,25.5,não,cancelado,pendente,2
866,1566.0,55,M,CE,,15,3,R$ 400,10,NAO,1,PAGO,
867,1370.0,,F,CE,,10,4,50,,sim,cancelado,cancelado,
868,1935.0, 35 ,F,XX,Roupas,,0,200,gratis,nao,nao,cancelado,10
869,1660.0,35,,ce,ELETRONICOS,-5,3,100,10,sim,0,,10
870,1968.0,22,,CE,Casa,0,3,quatrocentos,25.5,nao,0,pendente,2
871,1201.0,55,F, sp ,casa,999,0,R$400,25.5,nao,1,,2
872,1312.0,trinta,Feminino, sp ,Casa,,8,R$400,25.5,NAO,nao,cancelado,4
873,1116.0,18,Masculino,PE,Eletronicos,10,8,300,,NAO,1,pago,4
874,1936.0,55,m,XX,Eletronicos,-5,2,150,R$ 30,SIM,0,PAGO,1
875,1574.0,42,Masculino,XX,roupas ,,8,R$ 400,gratis,não,1,,2
876,1243.0,55,Masculino,,casa,2,3,200,,Sim ,1,pendente,3
877,1536.0,trinta,Masculino,CE,mercado,,8,100,0,,1,cancelado,
878,1074.0,25,m,ce,,-5,4,,20,,0,,1
879,1385.0,25,m,RJ,ELETRONICOS,15,0,R$ 400,10,NAO,cancelado,cancelado,3
880,1474.0,55,f,XX,casa,0,0,300,R$ 30,SIM,nao,pago,
881,1417.0,22,  M,PE,ELETRONICOS,0,6,200,0,não,0,cancelado,0
882,1346.0,18,F,PE,Roupas,0,3,0,25.5,,sim,pendente,2
883,1639.0, 35 ,f,CE,mercado,5,6,100,0,não,0,,1
884,1938.0, 35 ,f,CE,Casa,25,6,300.0,,sim,1,,10
885,1954.0,55,M,SP,ELETRONICOS,-5,3,100,0,SIM,0,pago,
886,1875.0,55,,SP,Roupas,0,4,0,gratis,SIM,1,pendente,1
887,1762.0,25,M,CE,casa,10,2,R$ 400,25.5,sim,0,pago,0
888,1663.0,trinta,,,Roupas,25,1,300.0,R$ 30,,0,pago,0
889,1024.0,22,  M, sp ,Mercado,999,2,200,R$ 30,Sim ,nao,pago,0
890,1709.0,,, sp ,Roupas,25,8,quatrocentos,25.5,,nao,cancelado,
891,1176.0,55,,,Roupas,10,5,200,10,NAO,0,pago,2
892,1284.0, 35 ,Masculino,ce,roupas ,,100,300,R$ 30,nao,cancelado,cancelado,4
893,1062.0,18,,PE,Eletronicos,10,3,300.0,R$ 30,sim,1,pendente,3
894,2002.0,30,m, sp ,Casa,5,2,100,10,NAO,0,,10
895,1661.0,42,  M,,Mercado,0,4,0,10,nao,1,pago,3
896,1665.0,55,f,CE,Mercado,999,2,150,,SIM,sim,pago,3
897,1155.0,trinta,Masculino,XX,Eletronicos,0,8,0,R$ 30,,0,PAGO,10
898,2072.0,55,,,Roup@,2,6,300.0,R$ 30,sim,nao,,0
899,1966.0,trinta,  M,,ELETRONICOS,999,0,quatrocentos,R$ 30,nao,sim,pago,10
900,1848.0,22,f,,Roupas,2,5,50,10,Sim ,nao,cancelado,4
901,1688.0,30,Feminino,XX,casa,,2,300.0,R$ 30,NAO,cancelado,pago,4
902,,35,  M,RJ,Roupas,999,4,300,0,,cancelado,pendente,0
903,1341.0,18,,SP,casa,0,1,150,0,NAO,0,PAGO,2
904,1475.0,18,f,RJ,Roupas,5,2,,10,NAO,0,,1
905,2086.0,trinta,m,PE,Mercado,,4,50,10,SIM,1,,
906,1560.0,25,,PE,Roup@,999,6,300,10,,sim,pago,0
907,1326.0,trinta,M, sp ,Eletronicos,15,4,300.0,20,nao,sim,pendente,
908,1989.0,25,,XX,mercado,5,4,200,10,NAO,1,cancelado,
909,1214.0,30,M,PE,eletronicos,0,2,R$400,,não,cancelado,,4
910,1434.0, 35 ,F, sp ,Casa,2,100,100,20,,nao,pendente,0
911,1951.0,,,,mercado,-5,0,R$400,10,NAO,0,,1
912,1722.0,18,, sp ,Casa,2,0,200,25.5,SIM,1,pago,3
913,1031.0,,  M,RJ,ELETRONICOS,0,5,50,gratis,sim,cancelado,PAGO,10
914,1669.0,22,m,CE,Eletronicos,25,3,R$400,R$ 30,NAO,0,pago,4
915,1284.0,trinta,  M,ce,casa,10,6,0,R$ 30,NAO,sim,PAGO,1
916,1428.0,22,Feminino,RJ,mercado,0,100,0,0,sim,1,cancelado,1
917,1285.0,30,F,,,15,0,300.0,25.5,nao,nao,pendente,2
918,2042.0,22,m,CE,,0,8,100,gratis,nao,cancelado,,3
919,1017.0,55,Masculino,SP,mercado,15,0,R$ 400,R$ 30,,1,PAGO,2
920,1768.0, 35 ,f,RJ,Casa,2,4,300.0,R$ 30,não,0,pendente,2
921,1589.0,55,F,RJ,mercado,25,6,300,20,SIM,1,cancelado,2
922,2009.0,42,f,,casa,999,5,300.0,0,sim,sim,PAGO,2
923,1193.0,trinta,,ce,Eletronicos,0,2,0,20,SIM,1,pago,4
924,1501.0,18,Masculino,,ELETRONICOS,,0,0,,nao,0,PAGO,3
925,1987.0,,Masculino, sp ,eletronicos,15,3,50,,sim,1,PAGO,2
926,1113.0,trinta,m,SP,Eletronicos,,5,50,20,Sim ,1,,
927,1946.0, 35 ,,PE,roupas ,999,0,,0,não,sim,,4
928,1830.0,35,Feminino,,ELETRONICOS,10,100,200,gratis,,0,,
929,1924.0,,F,PE,mercado,0,100,R$400,0,Sim ,1,cancelado,10
930,1054.0,35,F,ce,casa,15,5,300.0,10,nao,0,,4
931,1799.0,42,,ce,Roup@,2,2,50,20,,cancelado,pago,1
932,1777.0, 35 ,  M,,mercado,,8,200,10,sim,nao,pago,1
933,1161.0,30,, sp ,Mercado,15,8,200,0,nao,nao,pendente,0
934,1086.0,30,Feminino,XX,Mercado,25,0,R$ 400,0,sim,1,PAGO,4
935,1054.0,30,Masculino, sp ,,10,0,R$400,R$ 30,SIM,0,PAGO,
936,2031.0,18,M,ce,Roup@,15,5,R$ 400,,sim,cancelado,,0
937,1832.0,18,Feminino,ce,eletronicos,,1,50,gratis,nao,nao,PAGO,4
938,1312.0,30,Feminino,RJ,Mercado,-5,4,150,20,SIM,sim,pago,2
939,1758.0,35,m,XX,eletronicos,999,4,50,,SIM,nao,,2
940,1442.0, 35 ,m,ce,ELETRONICOS,10,3,300,25.5,sim,0,pendente,0
941,1327.0,22,m,XX,Roup@,10,0,0,0,SIM,1,PAGO,3
942,2077.0, 35 ,m,SP,eletronicos,-5,3,300.0,R$ 30,,1,,2
943,1760.0,30,  M,,roupas ,999,5,50,25.5,,cancelado,,
944,1578.0, 35 ,F,,eletronicos,25,2,R$400,20,nao,cancelado,cancelado,1
945,2074.0,30,F,ce,Roupas,2,6,200,10,,0,pago,2
946,,18,m,SP,,10,6,0,20,não,0,cancelado,1
947,1095.0,18,  M, sp ,,25,0,,,Sim ,1,pago,3
948,1813.0,35,m,,ELETRONICOS,10,0,100,gratis,,0,pendente,4
949,1490.0,22,  M,XX,roupas ,2,1,150,25.5,sim,cancelado,,1
950,1451.0,30,,,Roup@,-5,5,100,R$ 30,,1,cancelado,10
951,1164.0,trinta,f,PE,Casa,2,2,300,,SIM,cancelado,pendente,10
952,1181.0,,  M,RJ,mercado,0,5,300,25.5,SIM,1,pendente,1
953,1468.0,35,,XX,casa,0,100,quatrocentos,10,nao,cancelado,pendente,1
954,1909.0,35,,SP,Mercado,-5,4,,,SIM,cancelado,cancelado,10
955,1734.0,22,,ce,Roupas,2,0,300.0,R$ 30,SIM,sim,cancelado,4
956,1822.0,55,,XX,Roupas,10,1,R$400,10,não,nao,cancelado,4
957,1943.0,30,Masculino,SP,Casa,,0,50,0,,1,PAGO,4
958,1006.0,trinta,Masculino,PE,mercado,5,6,R$400,,sim,0,pendente,10
959,1329.0,18,m,SP,mercado,25,0,300.0,20,sim,sim,,2
960,1774.0,22,Masculino, sp ,,10,6,200,,nao,0,pago,2
961,1150.0,trinta,,CE,Mercado,25,3,0,,não,nao,pago,4
962,1146.0,30,Masculino,XX,,-5,0,100,gratis,não,1,cancelado,3
963,1914.0,35,f,RJ,eletronicos,2,5,200,0,não,sim,,10
964,1699.0,22,,CE,,10,5,quatrocentos,20,sim,1,,4
965,1081.0,18,  M,,Roup@,0,8,300,10,,1,pago,0
966,1513.0, 35 ,Feminino,XX,mercado,-5,6,300,gratis,NAO,1,pendente,
967,1814.0,18,Masculino,SP,mercado,10,100,300,10,nao,cancelado,pendente,0
968,1708.0,30,Masculino,XX,casa,15,8,200,R$ 30,nao,cancelado,,0
969,1745.0,22,F,RJ,roupas ,0,3,300,10,Sim ,0,PAGO,1
970,2022.0,,f,,roupas ,25,5,R$400,25.5,,1,cancelado,1
971,1706.0,30,,,casa,,100,0,20,,nao,,1
972,1470.0,30,,ce,Eletronicos,2,2,0,0,não,cancelado,cancelado,
973,1395.0,30,M,XX,Roup@,25,1,R$400,,,cancelado,pago,
974,1260.0,,F,RJ,mercado,2,0,R$ 400,25.5,não,nao,,2
975,1804.0, 35 ,Masculino,CE,Mercado,999,0,R$400,R$ 30,sim,1,pago,10
976,1933.0,,,CE,Roup@,-5,2,300.0,20,,0,pago,0
977,1904.0,35,  M,SP,Casa,25,0,quatrocentos,R$ 30,nao,cancelado,,0
978,2076.0,55,Masculino,,Roupas,0,5,300,20,,0,,1
979,1939.0,25,M,CE,mercado,15,2,R$400,20,sim,cancelado,pendente,10
980,1853.0,trinta,Feminino,ce,Eletronicos,,8,50,gratis,,1,pendente,0
981,1592.0,30,,,Mercado,10,8,150,25.5,Sim ,1,pendente,0
982,1713.0,trinta,  M,,Roup@,5,3,50,0,SIM,0,,2
983,1631.0, 35 ,F,SP,ELETRONICOS,-5,1,300,25.5,sim,0,cancelado,3
984,1058.0,trinta,Masculino,XX,Roupas,5,4,0,R$ 30,,1,pendente,1
985,1127.0,trinta,f,CE,mercado,0,2,300.0,10,,0,PAGO,3
986,1735.0,18,,RJ,Roup@,999,4,300.0,R$ 30,Sim ,0,pago,3
987,1720.0,22,M, sp ,Roup@,10,0,300.0,20,,1,,2
988,1525.0,35,Feminino,,Mercado,10,2,150,10,,0,cancelado,
989,1520.0,25,m,SP,Roupas,10,1,R$ 400,25.5,sim,sim,,0
990,1551.0,22,,XX,roupas ,2,3,200,0,sim,1,pago,1
991,1236.0,18,Masculino,PE,roupas ,,8,50,10,sim,1,pendente,4
992,1493.0,trinta,Feminino,SP,ELETRONICOS,25,6,200,10,NAO,nao,,
993,1003.0,25,,RJ,eletronicos,,6,300,,,1,cancelado,2
994,1665.0,18,, sp ,casa,25,8,300,gratis,,1,cancelado,2
995,1441.0,18,,,mercado,-5,0,quatrocentos,25.5,NAO,0,,3
996,1028.0,18,,,Mercado,2,3,0,10,não,sim,pago,2
997,1609.0,30,f,,mercado,,3,,25.5,NAO,nao,cancelado,3
998,1804.0,25,Feminino,PE,,2,0,50,0,Sim ,1,pago,3
999,1074.0,,Masculino,PE,Mercado,15,8,quatrocentos,10,sim,sim,PAGO,3
1000,1837.0,18,Masculino,,roupas ,-5,5,R$ 400,0,NAO,0,pendente,2
1001,1127.0,55,f,,,,4,200,R$ 30,nao,0,,0
1002,1041.0,trinta,F,SP,Mercado,2,6,R$400,10,sim,0,cancelado,10
1003,1040.0,25,Feminino,,Roupas,0,100,300,,SIM,1,,3
1004,1933.0,30,,SP,eletronicos,25,6,50,0,não,nao,cancelado,1
1005,1033.0,30,M,,ELETRONICOS,10,0,0,gratis,NAO,nao,pendente,10
1006,2040.0,30,  M,,Eletronicos,5,1,R$400,gratis,nao,0,PAGO,3
1007,1997.0,35,Feminino,,roupas ,2,6,R$400,gratis,,sim,,3
1008,1587.0,42,m,ce,Eletronicos,5,2,100,0,nao,nao,pendente,1
1009,1341.0,55,M,ce,,15,3,0,25.5,sim,1,,2
1010,1026.0,30,f,RJ,Eletronicos,0,6,R$ 400,,SIM,sim,pendente,4
1011,1645.0,30,,ce,,25,2,R$ 400,gratis,não,cancelado,pago,1
1012,1730.0,42,F,PE,,15,4,R$400,R$ 30,não,1,,
1013,1167.0,18,m,CE,Casa,999,6,300,10,SIM,0,PAGO,4
1014,1609.0,18,F,,eletronicos,-5,5,R$400,10,NAO,nao,,0
1015,1267.0, 35 ,F,PE,casa,15,6,quatrocentos,20,NAO,1,PAGO,0
1016,1820.0,trinta,,SP,Roup@,25,6,50,0,sim,0,pendente,3
1017,1454.0,42,m, sp ,Roupas,25,0,150,10,,sim,PAGO,10
1018,1905.0,trinta,  M,CE,Mercado,10,100,,10,Sim ,0,,3
1019,1921.0,30,,ce,mercado,,5,200,,sim,0,PAGO,2
1020,1980.0,55,m,XX,casa,25,6,300,20,sim,0,pago,0
1021,1701.0,42,F,SP,mercado,5,6,300,20,,cancelado,,0
1022,1633.0,30,,,ELETRONICOS,15,6,quatrocentos,25.5,sim,0,PAGO,0
1023,1129.0,55,m, sp ,ELETRONICOS,15,2,50,25.5,,0,cancelado,3
1024,2019.0, 35 ,  M,SP,Roupas,25,4,150,25.5,SIM,1,pendente,3
1025,1818.0,,M,,Mercado,999,1,R$400,10,não,0,pago,2
1026,1692.0,trinta,Feminino,,Mercado,25,1,300.0,20,não,sim,pago,3
1027,1793.0,trinta,,CE,roupas ,2,1,R$400,R$ 30,Sim ,0,cancelado,
1028,1028.0,55,m,CE,Mercado,5,8,200,0,,0,pago,2
1029,1148.0,18,  M,CE,Roup@,10,1,,25.5,NAO,cancelado,cancelado,3
1030,1010.0,trinta,Feminino,PE,casa,10,6,300.0,R$ 30,sim,nao,pago,10
1031,1675.0, 35 ,,PE,,0,2,R$400,gratis,SIM,cancelado,,
1032,1186.0,30,m,,casa,,6,150,10,SIM,sim,pago,10
1033,1806.0,25,m,CE,mercado,2,6,R$400,0,sim,sim,pago,2
1034,1743.0,30,f,RJ,Casa,0,3,100,10,SIM,0,pendente,3
1035,1097.0,30,m,CE,Roupas,,0,,R$ 30,SIM,1,pago,10
1036,1054.0,trinta,,,Roupas,15,4,R$ 400,25.5,,cancelado,pago,10
1037,1622.0,,f,,Roup@,10,8,100,R$ 30,sim,nao,PAGO,
1038,1663.0,22,Feminino,XX,Mercado,0,4,100,R$ 30,Sim ,0,cancelado,3
1039,1757.0,18,,,Casa,0,1,100,,SIM,sim,pago,3
1040,1405.0,trinta,,CE,roupas ,5,6,R$400,10,não,0,pago,4
1041,1068.0,18,Masculino,ce,roupas ,25,5,quatrocentos,25.5,nao,1,,0
1042,1750.0,30,Masculino,SP,casa,2,100,100,10,não,0,pago,1
1043,1957.0,22,Feminino,SP,Roup@,,100,50,0,,0,pendente,0
1044,1364.0,trinta,  M,RJ,Eletronicos,,0,,,,cancelado,,4
1045,1481.0,35,  M,XX,Eletronicos,10,8,150,20,,cancelado,,1
1046,1200.0,30,f,CE,Mercado,25,2,50,20,,0,pago,0
1047,1153.0,30,Feminino,SP,casa,10,0,100,,nao,cancelado,,2
1048,1072.0,22,  M,SP,Roup@,-5,3,200,,nao,1,pendente,
1049,1712.0,trinta,Masculino,PE,Eletronicos,2,6,quatrocentos,,não,nao,cancelado,4
1050,1295.0, 35 ,Masculino,RJ,eletronicos,25,8,150,,sim,1,pago,2
1051,2040.0,55,F,RJ,mercado,0,6,200,20,,cancelado,cancelado,2
1052,1060.0,55,  M,ce,ELETRONICOS,-5,5,,20,nao,sim,pago,0
1053,1938.0,18,Feminino,RJ,mercado,10,4,0,,não,0,,
1054,1041.0,22,M,XX,ELETRONICOS,-5,2,150,20,NAO,0,,10
1055,1024.0,30,f,ce,eletronicos,15,100,,gratis,SIM,sim,,1
1056,2062.0,30,m,PE,eletronicos,0,8,quatrocentos,10,,sim,pendente,10
1057,1130.0,,m,RJ,Roup@,25,8,100,R$ 30,Sim ,cancelado,PAGO,3
1058,1107.0,25,  M,PE,Casa,15,4,50,,nao,nao,,3
1059,1171.0,55,f,SP,Roupas,0,5,300.0,20,,cancelado,,4
1060,1101.0,30,,CE,Eletronicos,10,6,quatrocentos,gratis,,1,pendente,2
1061,1865.0,22,,RJ,Roup@,10,2,R$400,,,0,pago,4
1062,1523.0,30,m,SP,Casa,25,4,0,gratis,não,0,cancelado,0
1063,1274.0,25,Masculino,CE,Roupas,25,4,200,10,,0,pago,2
1064,2067.0,22,f,CE,Roup@,,4,,10,sim,0,pago,
1065,1816.0,42,Feminino,SP,Mercado,15,8,0,25.5,,sim,PAGO,2
1066,1956.0,30,f,,Roupas,25,8,200,25.5,nao,sim,PAGO,3
1067,2040.0,42,,ce,mercado,,8,0,20,Sim ,sim,PAGO,0
1068,1329.0,22,m,,Roupas,15,8,100,0,,cancelado,pago,0
1069,1011.0,30,Masculino,,mercado,10,2,R$ 400,25.5,sim,0,,10
1070,1215.0,,M, sp ,roupas ,-5,5,150,0,Sim ,1,,4
1071,1338.0,42,Feminino,CE,ELETRONICOS,-5,2,0,R$ 30,Sim ,nao,,
1072,1660.0,35,Masculino,ce,mercado,999,5,0,25.5,SIM,1,pago,4
1073,1373.0,25,,CE,eletronicos,15,6,R$ 400,R$ 30,nao,0,,10
1074,1975.0,30,,XX,Mercado,15,3,R$ 400,gratis,nao,1,PAGO,
1075,1709.0,55,,,Eletronicos,,6,150,gratis,nao,0,,1
1076,1465.0,25,,,roupas ,-5,5,150,R$ 30,Sim ,sim,pago,3
1077,1488.0,42,m,XX,roupas ,10,4,quatrocentos,gratis,NAO,0,,3
1078,1046.0,30,f,SP,casa,,100,,R$ 30,NAO,1,,4
1079,1777.0,,f,ce,Roup@,25,0,50,0,,sim,,3
1080,,35,Masculino,PE,Roup@,15,8,50,20,NAO,0,,3
1081,1710.0,,,ce,Roup@,2,1,300,R$ 30,,nao,,0
1082,1400.0,35,,,Roupas,,100,R$ 400,25.5,,nao,,10
1083,1980.0,55,M,PE,Eletronicos,0,100,300.0,25.5,sim,1,pago,10
1084,1249.0,,,,ELETRONICOS,5,6,300.0,0,SIM,1,pendente,2
1085,1390.0,35,M,,mercado,-5,8,100,R$ 30,sim,1,,2
1086,1334.0,,F,SP,,10,3,50,gratis,nao,1,pendente,1
1087,1628.0,25,  M, sp ,Roup@,0,5,quatrocentos,20,nao,1,,2
1088,1136.0,trinta,,ce,roupas ,999,8,300.0,25.5,não,sim,pago,10
1089,1882.0,35,M,SP,mercado,10,1,150,20,nao,cancelado,cancelado,3
1090,1687.0,55,m,PE,Eletronicos,25,1,0,20,NAO,0,pendente,10
1091,1826.0,35,  M,XX,roupas ,0,5,0,10,SIM,0,pago,0
1092,1726.0,35,,CE,eletronicos,2,100,150,20,NAO,1,cancelado,10
1093,1593.0, 35 ,,,Eletronicos,-5,8,200,R$ 30,SIM,cancelado,,2
1094,1989.0,25,,CE,Roupas,15,1,200,,,cancelado,,3
1095,1371.0,42,,ce,Roup@,-5,5,0,10,sim,0,,10
1096,1934.0,18,m,XX,Casa,-5,0,100,,nao,nao,pago,3
1097,1994.0,trinta,,,Mercado,25,0,300,0,sim,1,PAGO,4
1098,1401.0,35,M,SP,roupas ,999,2,quatrocentos,gratis,,nao,cancelado,
1099,1614.0,30,,PE,casa,999,8,300.0,10,NAO,0,PAGO,10
1100,1994.0,35,  M,SP,casa,25,5,,,Sim ,0,,4
1101,1619.0, 35 ,,PE,,25,100,0,20,,0,,2
1102,1187.0,,M, sp ,Mercado,-5,3,R$ 400,gratis,SIM,sim,,4
1103,1130.0,42,Feminino, sp ,ELETRONICOS,0,1,150,20,nao,1,,3
1104,1804.0,30,  M,SP,ELETRONICOS,15,4,R$400,20,não,1,pendente,3
1105,1935.0,trinta,Masculino,PE,Mercado,5,8,,10,,0,,4
1106,1985.0,30,Masculino,PE,Casa,999,1,,0,Sim ,sim,,
1107,1182.0,25,  M,CE,Roupas,10,2,300,,,1,pendente,0
1108,1982.0,55,m,SP,Eletronicos,5,5,0,20,sim,0,cancelado,4
1109,1363.0,55,Feminino,RJ,Casa,-5,100,50,R$ 30,SIM,1,PAGO,0
1110,1038.0,trinta,  M,ce,mercado,0,1,100,10,Sim ,1,cancelado,
1111,1496.0,42,M,,Roup@,999,4,50,R$ 30,,sim,PAGO,4
1112,1981.0,55,F, sp ,ELETRONICOS,0,3,quatrocentos,R$ 30,não,nao,pago,3
1113,1920.0,22,f,RJ,roupas ,-5,5,300.0,,Sim ,sim,cancelado,10
1114,1721.0, 35 ,, sp ,ELETRONICOS,5,5,0,20,não,sim,pago,3
1115,1015.0,trinta,Feminino,XX,casa,5,2,R$400,,sim,sim,PAGO,4
1116,1492.0,trinta,M, sp ,roupas ,0,5,50,R$ 30,,sim,,1
1117,1893.0,18,Masculino, sp ,mercado,,100,150,,SIM,1,,0
1118,1310.0,18,  M,CE,mercado,10,5,R$ 400,gratis,sim,0,pendente,1
1119,1738.0,25,Feminino,RJ,Roup@,999,2,,0,SIM,cancelado,cancelado,3
1120,1545.0,25,,XX,eletronicos,25,8,100,20,Sim ,0,cancelado,
1121,1413.0,18,,PE,casa,0,6,R$400,R$ 30,sim,cancelado,pendente,0
1122,1250.0,55,f,PE,Mercado,0,8,300.0,0,SIM,0,pendente,10
1123,1758.0,30,Masculino,XX,ELETRONICOS,10,0,300,,nao,1,cancelado,2
1124,2062.0,trinta,  M,,Roup@,25,5,100,0,não,0,,4
1125,1813.0,22,,SP,Roup@,2,2,100,gratis,SIM,sim,,0
1126,1028.0,trinta,Masculino,,eletronicos,5,8,300,gratis,nao,1,cancelado,2
1127,1957.0,35,,RJ,mercado,10,8,200,25.5,sim,cancelado,,
1128,1476.0,42,f, sp ,casa,15,0,quatrocentos,0,sim,nao,cancelado,2
1129,1317.0, 35 ,f,PE,roupas ,,8,200,20,Sim ,cancelado,pendente,10
1130,1244.0,30,,CE,,2,8,R$400,gratis,,nao,pendente,0
1131,1747.0,22,M,,,10,100,R$400,20,não,0,,10
1132,1696.0,35,, sp ,casa,10,0,300,0,SIM,sim,pago,3
1133,1271.0,25,Masculino,,casa,0,2,,gratis,sim,cancelado,,10
1134,1376.0,22,M,SP,ELETRONICOS,25,2,,25.5,SIM,1,,1
1135,1265.0,18,f,XX,roupas ,10,8,300.0,0,NAO,sim,,1
1136,1925.0,trinta,F, sp ,Casa,15,3,quatrocentos,20,,0,pago,10
1137,1920.0,22,f,SP,roupas ,-5,1,R$ 400,25.5,não,0,pendente,4
1138,1339.0,42,,SP,Roup@,10,100,R$400,0,não,0,cancelado,2
1139,1388.0,30,Masculino,PE,eletronicos,,3,300,gratis,nao,sim,cancelado,1
1140,1576.0,25,M,PE,casa,999,1,R$ 400,R$ 30,NAO,0,pago,
1141,1002.0,,  M,RJ,roupas ,5,6,50,0,não,0,,1
1142,1375.0, 35 ,M,,Roup@,25,4,quatrocentos,10,NAO,1,PAGO,0
1143,1323.0, 35 ,,XX,Eletronicos,15,1,R$ 400,20,SIM,nao,,10
1144,1145.0,22,m,SP,mercado,25,4,,gratis,,0,cancelado,3
1145,1292.0,30,m,RJ,eletronicos,10,0,50,gratis,NAO,nao,PAGO,10
1146,1431.0,trinta,Feminino,,,2,8,R$ 400,10,Sim ,0,,10
1147,1704.0,,Feminino,ce,Roupas,999,1,50,R$ 30,nao,cancelado,,3
1148,1948.0,35,Feminino,SP,,,100,100,25.5,NAO,0,pago,4
1149,1584.0,30,M,RJ,Mercado,999,6,300.0,gratis,SIM,1,,3
1150,1398.0,trinta,Masculino,,Roup@,15,2,,,não,1,pendente,1
1151,1816.0,35,Feminino,PE,casa,5,3,R$400,25.5,Sim ,cancelado,,0
1152,1963.0,30,,SP,eletronicos,15,8,100,25.5,NAO,sim,pago,3
1153,1186.0,30,M,SP,mercado,,3,200,25.5,,cancelado,pago,2
1154,1060.0,30,Masculino, sp ,roupas ,,3,R$400,R$ 30,,1,,2
1155,1938.0,trinta,m,,Eletronicos,25,5,300.0,0,nao,1,,2
1156,1709.0,42,F,XX,Roupas,25,3,50,10,,0,pago,3
1157,1806.0,22,,PE,mercado,10,3,200,20,nao,0,pendente,0
1158,1010.0,35,  M,SP,Eletronicos,0,5,200,10,SIM,nao,PAGO,3
1159,2085.0,42,  M,,,-5,5,R$400,gratis,Sim ,1,,1
1160,1225.0,35,Masculino,PE,,,100,50,10,Sim ,nao,pago,3
1161,1563.0,22,,,Mercado,-5,1,0,20,,1,,
1162,1771.0,55,Masculino,SP,eletronicos,10,1,50,0,Sim ,0,,
1163,1884.0,30,F,XX,Casa,-5,100,150,gratis,NAO,1,,10
1164,1225.0,30,m,ce,ELETRONICOS,2,5,0,0,SIM,sim,PAGO,2
1165,1824.0,55,f,SP,eletronicos,5,4,quatrocentos,gratis,SIM,1,pendente,2
1166,1217.0,55,Masculino, sp ,Roupas,15,2,300.0,20,SIM,1,,10
1167,1936.0, 35 ,m,XX,Casa,-5,100,50,0,,cancelado,pago,0
1168,1752.0,18,  M, sp ,Casa,,6,,20,,sim,PAGO,4
1169,1505.0,trinta,Masculino,RJ,Mercado,25,100,R$400,20,sim,sim,pendente,2
1170,1258.0,42,Masculino,,ELETRONICOS,999,5,300.0,R$ 30,não,sim,cancelado,2
1171,1053.0,42,Feminino,RJ,Casa,-5,4,300.0,10,SIM,nao,pago,4
1172,2070.0,42,  M,ce,Roup@,25,8,0,gratis,sim,0,,3
1173,1726.0,42,,,mercado,10,5,R$400,25.5,sim,cancelado,,2
1174,1688.0,trinta,,ce,Casa,10,0,quatrocentos,25.5,Sim ,1,pendente,0
1175,2043.0,55,f,XX,Casa,0,0,R$400,0,não,sim,PAGO,
1176,1418.0,trinta,Masculino,XX,mercado,15,2,50,20,Sim ,sim,,3
1177,1689.0,42,Masculino,ce,roupas ,10,5,quatrocentos,10,não,0,,3
1178,1849.0,18,,SP,Mercado,15,0,R$400,gratis,,1,PAGO,2
1179,1061.0,25,,ce,Casa,10,3,300,0,Sim ,1,pago,0
1180,1215.0,22,  M,XX,Casa,0,8,50,20,nao,1,,3
1181,1002.0,42,Masculino,XX,ELETRONICOS,-5,3,R$ 400,R$ 30,,1,pendente,0
1182,1159.0,30,m,PE,Eletronicos,15,6,100,25.5,,sim,pendente,3
1183,1780.0,25,M,CE,roupas ,10,2,100,25.5,NAO,nao,PAGO,10
1184,1892.0,trinta,, sp ,casa,10,6,300.0,gratis,não,0,PAGO,2
1185,1328.0,30,Masculino,RJ,roupas ,10,6,quatrocentos,gratis,nao,1,,2
1186,1579.0,30,,ce,mercado,,0,300,gratis,sim,1,pago,10
1187,1951.0,35,f,PE,ELETRONICOS,10,5,300.0,0,sim,1,PAGO,
1188,1634.0,30,Masculino,SP,Mercado,10,1,300,gratis,não,nao,,10
1189,1987.0,42,f,XX,eletronicos,999,0,R$400,0,Sim ,1,pago,10
1190,1920.0,35,F,ce,ELETRONICOS,15,100,50,10,,0,pago,4
1191,1737.0, 35 ,M,XX,Roupas,-5,1,R$ 400,20,NAO,0,pago,1
1192,1169.0,55,,,mercado,10,5,,25.5,NAO,0,pendente,4
1193,1520.0,30,f,PE,Eletronicos,999,6,300,,SIM,1,pendente,0
1194,1039.0,18,Masculino,ce,,10,4,150,,não,sim,pago,0
1195,1954.0,,Feminino,,Roupas,25,2,300,0,NAO,0,pago,
1196,1983.0,22,,PE,Roupas,2,5,300,20,Sim ,0,pendente,2
1197,1974.0,30,,ce,Mercado,25,4,quatrocentos,R$ 30,Sim ,0,,1
1198,1037.0, 35 ,  M,ce,casa,0,8,100,gratis,sim,1,,4
1199,1327.0,30,f,,eletronicos,-5,6,R$ 400,25.5,NAO,0,cancelado,
1200,1913.0,trinta,Feminino,PE,Casa,5,3,200,R$ 30,NAO,sim,PAGO,
1201,1453.0,,f,PE,Roup@,5,100,,0,Sim ,nao,pago,1
1202,,trinta,  M,XX,Casa,,4,quatrocentos,gratis,sim,nao,pendente,2
1203,1972.0, 35 ,M,ce,,2,5,,20,NAO,nao,pago,
1204,1795.0,30,Masculino, sp ,Roupas,5,3,150,10,,1,pago,
1205,1972.0,trinta,f, sp ,roupas ,5,0,50,20,,nao,pago,3
1206,1592.0,trinta,  M, sp ,Roup@,-5,8,quatrocentos,0,Sim ,cancelado,pago,2
1207,2063.0,trinta,,ce,Mercado,0,8,0,10,sim,nao,,
1208,1223.0, 35 ,Masculino,ce,eletronicos,,0,300.0,10,sim,1,PAGO,2
1209,1317.0,,f,,,-5,8,quatrocentos,gratis,Sim ,cancelado,PAGO,1
1210,1348.0,55,,,Mercado,10,3,,20,sim,nao,pendente,0
1211,1114.0,22,Masculino,PE,mercado,10,3,100,0,nao,nao,,3
1212,1697.0, 35 ,,XX,Eletronicos,2,2,100,R$ 30,nao,sim,,3
1213,2063.0,30,,,Roupas,999,1,100,R$ 30,sim,sim,PAGO,
1214,1039.0,30,f,,roupas ,2,5,quatrocentos,10,SIM,0,pendente,0
1215,1215.0,55,  M,ce,Mercado,5,4,100,gratis,,cancelado,,1
1216,1335.0,55,Masculino,RJ,Roup@,-5,2,50,R$ 30,,0,pendente,1
1217,1091.0,30,f,PE,Roupas,2,1,300,10,sim,0,PAGO,0
1218,1352.0,18,Masculino, sp ,eletronicos,15,3,quatrocentos,,,0,pago,4
1219,1570.0,35,Masculino,ce,roupas ,,6,100,20,NAO,1,,1
1220,1815.0,22,,,casa,999,2,0,R$ 30,sim,0,,
1221,1780.0,22,,RJ,casa,999,8,quatrocentos,25.5,NAO,1,,0
1222,1362.0,18,Feminino,SP,Roup@,10,8,R$400,,Sim ,nao,,4
1223,1556.0,35,f, sp ,,25,3,300,0,sim,sim,pendente,2
1224,1355.0,22,F,XX,Eletronicos,15,1,300,,Sim ,nao,pago,3
1225,1190.0,30,m,ce,casa,999,100,quatrocentos,25.5,,1,PAGO,0
1226,1421.0,25,F,CE,Roupas,-5,5,R$400,20,não,sim,cancelado,
1227,1699.0,25,Masculino,RJ,eletronicos,-5,2,200,25.5,,0,pago,2
1228,1006.0,22,Feminino,RJ,Eletronicos,-5,0,quatrocentos,20,nao,nao,,3
1229,1132.0,42,Masculino,PE,Casa,2,4,R$400,20,sim,1,,4
1230,1556.0,22,F, sp ,eletronicos,-5,8,100,gratis,Sim ,nao,pendente,
1231,1825.0,30,Masculino,ce,Roupas,15,5,100,,não,0,PAGO,3
1232,1760.0,30,,CE,Roupas,10,3,100,25.5,NAO,1,,
1233,2054.0,35,f, sp ,mercado,25,0,0,10,,sim,PAGO,10
1234,1534.0,trinta,F,,Eletronicos,5,2,quatrocentos,20,,1,,0
1235,1425.0,55,m,CE,eletronicos,999,1,300.0,,NAO,nao,,2
1236,1671.0,30,m,,Eletronicos,,5,quatrocentos,25.5,,cancelado,,4
1237,1362.0,18,,,Roup@,25,4,300,10,nao,1,cancelado,2
1238,1081.0,,f,RJ,ELETRONICOS,10,8,50,0,nao,cancelado,pendente,4
1239,1355.0,22,M,,Eletronicos,-5,100,300,10,,0,pendente,4
1240,1588.0,trinta,M,,casa,2,6,150,25.5,,sim,cancelado,3
1241,1294.0,trinta,  M,RJ,Roupas,10,1,,25.5,NAO,nao,pago,2
1242,2069.0,30,  M,ce,mercado,,0,300.0,10,NAO,cancelado,pendente,
1243,1016.0,18,F,RJ,Casa,5,2,300.0,10,NAO,1,pago,0
1244,1359.0,30,,ce,mercado,,4,150,R$ 30,SIM,nao,,0
1245,1865.0, 35 ,,,eletronicos,2,3,100,20,,0,cancelado,3
1246,1699.0,30,Masculino,PE,Roup@,15,6,300.0,25.5,nao,1,cancelado,10
1247,1447.0,trinta,m, sp ,Roup@,0,2,R$400,20,,0,cancelado,
1248,1855.0,25,m,SP,Casa,-5,5,50,0,Sim ,0,PAGO,0
1249,1364.0,22,m,RJ,Eletronicos,10,100,300,,não,nao,,0
1250,1674.0,35,Feminino,ce,Eletronicos,,3,300.0,0,não,1,,2
1251,2007.0,25,f,,eletronicos,15,2,quatrocentos,,,1,,3
1252,1466.0,trinta,,,,25,2,100,25.5,sim,1,PAGO,3
1253,1413.0,55,Masculino,RJ,eletronicos,999,100,200,20,Sim ,1,PAGO,4
1254,1585.0,,M,,roupas ,10,6,0,0,nao,cancelado,cancelado,0
1255,1993.0,42,,,Eletronicos,999,2,300,R$ 30,,nao,PAGO,1
1256,1571.0,18,M,RJ,,2,3,200,20,,1,,10
1257,,30,Feminino,SP,eletronicos,999,1,300.0,20,SIM,0,,2
1258,1036.0,22,M,SP,Roup@,999,2,R$400,R$ 30,SIM,0,PAGO,2
1259,1988.0,35,m,,ELETRONICOS,0,2,,25.5,Sim ,cancelado,,
1260,1277.0, 35 ,Masculino,XX,Roupas,25,2,150,,NAO,1,,10
1261,1915.0,30,  M, sp ,Eletronicos,,8,R$400,10,NAO,0,,10
1262,1483.0,22,,XX,roupas ,0,3,300,R$ 30,Sim ,sim,pago,1
1263,1730.0, 35 ,,,Roupas,2,4,200,10,nao,1,PAGO,4
1264,1191.0,35,Feminino,CE,casa,0,2,50,25.5,não,1,cancelado,1
1265,2040.0,trinta,,,ELETRONICOS,2,5,0,,NAO,nao,cancelado,10
1266,1523.0,42,,RJ,mercado,0,100,R$ 400,10,,cancelado,,
1267,1917.0,25,,RJ,Eletronicos,10,100,300,,sim,0,,10
1268,1400.0,25,f,SP,mercado,0,8,50,0,nao,sim,cancelado,1
1269,1885.0,trinta,,PE,roupas ,0,0,300,10,nao,1,pago,4
1270,1704.0,30,  M,PE,Eletronicos,2,5,quatrocentos,,SIM,1,cancelado,1
1271,1021.0,,Masculino,PE,,,5,300.0,R$ 30,,sim,PAGO,
1272,1473.0,trinta,Masculino,,roupas ,999,3,0,20,NAO,1,cancelado,3
1273,1209.0,trinta,M,,Mercado,5,6,200,20,não,cancelado,pendente,10
1274,1305.0,22,F,RJ,roupas ,5,1,0,0,nao,1,pago,10
1275,1703.0,,m,CE,eletronicos,25,3,0,R$ 30,NAO,1,pago,10
1276,1686.0,22,,CE,eletronicos,5,2,R$400,,NAO,cancelado,cancelado,0
1277,1284.0,35,Feminino,CE,mercado,2,8,200,25.5,SIM,1,pendente,4
1278,1715.0,42,Masculino,PE,Mercado,5,100,,0,sim,nao,PAGO,10
1279,1762.0,22,M, sp ,roupas ,25,4,50,20,nao,0,cancelado,3
1280,1947.0,35,,PE,,-5,8,100,20,,sim,PAGO,
1281,1380.0,55,m,RJ,casa,25,0,0,0,sim,1,pendente,3
1282,1459.0,trinta,m,,mercado,2,2,300,R$ 30,não,1,cancelado,1
1283,2030.0,trinta,F,,Roupas,-5,8,300,gratis,,0,cancelado,3
1284,1028.0,30,f, sp ,eletronicos,0,3,100,10,Sim ,sim,PAGO,4
1285,1906.0,55,F,,Roupas,-5,0,100,,Sim ,0,cancelado,0
1286,2056.0,30,,CE,,5,6,300.0,,,0,pendente,4
1287,1878.0, 35 ,  M,,Roupas,25,3,0,gratis,Sim ,1,cancelado,2
1288,1078.0,35,, sp ,,999,0,200,gratis,não,0,,1
1289,1946.0,35,m,CE,Mercado,-5,3,100,gratis,,cancelado,pendente,10
1290,1458.0,,Feminino,PE,mercado,0,100,200,,nao,cancelado,pago,0
1291,1569.0,trinta,Feminino,ce,,0,3,,R$ 30,NAO,cancelado,PAGO,1
1292,1737.0,30,M,XX,Roup@,2,1,150,gratis,,sim,,2
1293,, 35 ,Feminino,,mercado,2,2,300,10,sim,1,,3
1294,1396.0,35,m,,Roup@,-5,4,R$400,25.5,sim,1,pendente,2
1295,1038.0,22,m, sp ,roupas ,10,2,50,0,NAO,1,,3
1296,1886.0,trinta,m,,Roup@,0,4,quatrocentos,gratis,nao,sim,pago,1
1297,1796.0,30,,PE,Eletronicos,25,4,300,gratis,,cancelado,pago,0
1298,,55,Masculino,,roupas ,10,4,50,0,sim,1,pendente,10
1299,2098.0,30,f,RJ,Roup@,0,1,150,,nao,0,pago,10
1300,1883.0,25,,PE,casa,10,100,R$400,,,cancelado,pago,1
1301,1973.0,30,,PE,Roupas,999,8,150,0,,cancelado,,10
1302,2045.0,35,M, sp ,roupas ,-5,2,300.0,,,0,,4
1303,1848.0,42,F,,Roupas,,3,,,sim,cancelado,cancelado,0
1304,1747.0,18,, sp ,Casa,25,0,200,25.5,Sim ,0,,4
1305,1988.0,30,Masculino,CE,mercado,2,8,50,20,Sim ,cancelado,,
1306,1020.0,,  M,ce,Roup@,999,4,R$ 400,25.5,SIM,cancelado,,
1307,1302.0,trinta,M,,Roupas,5,4,,20,SIM,cancelado,cancelado,2
1308,1868.0,35,Masculino,ce,Roup@,0,100,quatrocentos,R$ 30,sim,0,pago,
1309,1083.0,55,m, sp ,Roupas,2,5,quatrocentos,10,Sim ,0,cancelado,0
1310,1569.0,35,F,RJ,casa,0,5,50,,nao,0,,1
1311,1933.0,18,F,,,15,8,100,25.5,SIM,1,PAGO,1
1312,2008.0,,,PE,ELETRONICOS,25,1,quatrocentos,10,SIM,1,PAGO,1
1313,1792.0,55,f,PE,casa,-5,3,300.0,0,Sim ,0,cancelado,3
1314,1791.0,30,f,ce,eletronicos,0,2,200,25.5,nao,1,PAGO,2
1315,1491.0,55,  M,,Roup@,2,6,quatrocentos,R$ 30,SIM,sim,pendente,4
1316,1207.0,,F,,casa,,6,,0,NAO,1,PAGO,10
1317,2083.0,30,m,XX,Eletronicos,0,1,100,R$ 30,,1,cancelado,2
1318,1429.0,30,m,ce,Roup@,0,6,50,R$ 30,nao,1,pago,
1319,1984.0,35,Feminino,,Mercado,,2,,gratis,NAO,0,,3
1320,1519.0,trinta,m,,mercado,25,4,300,0,Sim ,1,PAGO,3
1321,1590.0, 35 ,Masculino,SP,mercado,0,6,quatrocentos,,Sim ,cancelado,cancelado,2
1322,2050.0,trinta,f,PE,eletronicos,0,3,0,R$ 30,SIM,1,,3
1323,1198.0,35,m,,,-5,3,R$ 400,gratis,sim,sim,pendente,10
1324,1386.0,18,,CE,Eletronicos,,3,200,20,não,sim,pago,0
1325,1348.0, 35 ,m,ce,eletronicos,25,4,200,gratis,,0,,1
1326,1959.0,35,Feminino,,roupas ,25,100,50,,NAO,nao,,4
1327,1692.0,42,  M,SP,Roup@,15,4,300.0,20,NAO,0,,3
1328,1377.0,30,  M,SP,Eletronicos,15,4,200,gratis,,1,,4
1329,1898.0,42,F,,Casa,999,4,R$ 400,gratis,,0,cancelado,1
1330,1915.0,30,m,,,5,8,200,10,nao,0,pendente,10
1331,1526.0,25,f,XX,Roupas,999,5,R$400,10,nao,0,PAGO,2
1332,1733.0,35,  M,,Mercado,5,2,200,,Sim ,nao,pendente,
1333,1205.0,22,F,ce,Roup@,2,8,100,0,,0,pago,10
1334,1454.0,22,m,CE,Mercado,,3,50,R$ 30,sim,0,,1
1335,1520.0,55,  M,PE,Eletronicos,999,1,200,,Sim ,0,PAGO,4
1336,2016.0,trinta,  M,SP,Roupas,0,100,quatrocentos,10,SIM,1,,0
1337,1955.0,trinta,m,RJ,eletronicos,15,5,quatrocentos,20,sim,0,pendente,2
1338,1725.0,,M,RJ,Roup@,5,1,200,10,SIM,sim,pago,3
1339,2013.0,trinta,m,,Roupas,999,1,300,0,NAO,cancelado,,0
1340,1500.0,42,Masculino,PE,Mercado,10,1,50,25.5,,0,,1
1341,1116.0,30,  M,SP,ELETRONICOS,15,100,200,20,Sim ,0,,4
1342,1385.0,35,f,RJ,Eletronicos,25,0,0,25.5,nao,0,,4
1343,1583.0,18,M,RJ,,15,6,100,20,,nao,,4
1344,1394.0,55,Feminino,XX,,999,6,300,R$ 30,Sim ,cancelado,pago,0
1345,2087.0,30,F,,Eletronicos,,6,100,R$ 30,não,1,,2
1346,1720.0, 35 ,m, sp ,Mercado,2,4,100,R$ 30,sim,1,,3
1347,1071.0,30,f,PE,Mercado,5,5,R$ 400,0,,nao,PAGO,0
1348,1273.0,35,Feminino, sp ,roupas ,15,3,0,10,NAO,nao,,1
1349,1337.0,25,Feminino,CE,eletronicos,2,3,300,25.5,não,sim,,4
1350,1606.0,trinta,  M,,Mercado,0,8,300,25.5,não,cancelado,PAGO,3
1351,1165.0,,Masculino,CE,casa,25,5,0,10,Sim ,sim,PAGO,4
1352,1010.0, 35 ,  M,ce,,-5,0,0,0,sim,0,pendente,1
1353,1728.0,42,F,SP,mercado,0,5,100,10,Sim ,1,,4
1354,1800.0,35,M, sp ,mercado,10,4,R$ 400,gratis,,sim,cancelado,1
1355,1101.0,25,,,Roup@,25,3,300,gratis,sim,0,,
1356,1778.0,42,M,ce,Casa,10,2,150,R$ 30,,1,,4
1357,1213.0,25,F,PE,Roup@,,3,200,gratis,não,0,cancelado,1
1358,1400.0,trinta,Feminino,SP,roupas ,5,8,quatrocentos,25.5,SIM,cancelado,,4
1359,1587.0,42,M,RJ,Roupas,0,0,100,R$ 30,NAO,sim,PAGO,3
1360,1888.0,30,m, sp ,Casa,,5,,25.5,,cancelado,,3
1361,2069.0,22,  M,,Roupas,-5,1,,0,não,0,,4
1362,1591.0,30,,,mercado,25,3,300,20,Sim ,cancelado,,4
1363,1091.0,30,f,ce,mercado,5,4,300,10,,cancelado,,1
1364,1672.0, 35 ,m,ce,mercado,5,4,300,,,1,pendente,1
1365,1713.0,55,M,RJ,Mercado,15,1,R$400,,NAO,sim,,1
1366,1935.0,22,,XX,roupas ,5,100,quatrocentos,,,0,pendente,2
1367,1241.0,30,Feminino, sp ,casa,999,4,,20,não,sim,PAGO,4
1368,1001.0,35,Feminino,CE,Roup@,-5,2,R$ 400,25.5,sim,nao,PAGO,10
1369,1224.0,25,,PE,Roupas,-5,100,300,10,,nao,cancelado,4
1370,1800.0, 35 ,M, sp ,ELETRONICOS,10,4,50,25.5,Sim ,0,PAGO,4
1371,1588.0,35,Feminino, sp ,,-5,4,150,0,,0,pendente,4
1372,1115.0,22,Masculino,RJ,Roup@,999,6,300,R$ 30,não,sim,PAGO,1
1373,1917.0,,Feminino, sp ,Eletronicos,25,0,R$400,10,sim,sim,cancelado,
1374,1193.0,25,, sp ,eletronicos,2,5,,25.5,sim,nao,cancelado,
1375,1870.0, 35 ,Masculino,,Casa,2,0,200,gratis,sim,0,pago,2
1376,1089.0,55,F,,Roupas,15,1,300,,,cancelado,PAGO,
1377,1121.0,22,F,SP,roupas ,5,4,quatrocentos,gratis,NAO,sim,,1
1378,1142.0, 35 ,Masculino,PE,,-5,1,,25.5,Sim ,sim,cancelado,2
1379,1993.0,30,m,,mercado,10,3,quatrocentos,20,sim,nao,PAGO,
1380,1105.0, 35 ,m,PE,Eletronicos,15,8,quatrocentos,R$ 30,não,0,PAGO,1
1381,1886.0,22,,,eletronicos,,1,300.0,0,sim,1,,10
1382,1427.0,trinta,  M,RJ,Roupas,5,5,R$ 400,0,Sim ,cancelado,pendente,4
1383,1316.0,30,M,RJ,casa,999,1,R$400,,,0,pendente,4
1384,1634.0,35,Masculino,,mercado,2,6,200,25.5,nao,1,PAGO,
1385,1008.0,22,,,Roupas,10,100,R$400,0,,0,,0
1386,1773.0,trinta,f,CE,ELETRONICOS,15,3,R$400,10,nao,0,,1
1387,2096.0,18,M,SP,ELETRONICOS,0,6,,0,,0,pago,0
1388,1222.0,55,,RJ,roupas ,2,4,300.0,gratis,NAO,sim,pago,4
1389,1552.0,trinta,Masculino,SP,ELETRONICOS,999,6,50,25.5,sim,cancelado,pago,1
1390,1715.0,18,F,RJ,casa,5,2,R$ 400,10,não,1,pendente,
1391,1110.0,,M,,roupas ,25,4,200,,Sim ,cancelado,PAGO,4
1392,1250.0,,m, sp ,Casa,0,8,0,0,,1,,3
1393,1382.0,30,,XX,,999,6,R$ 400,,sim,nao,,
1394,1006.0,25,M, sp ,casa,10,100,50,gratis,,cancelado,cancelado,0
1395,1458.0,trinta,f,CE,roupas ,,8,300.0,R$ 30,,sim,PAGO,3
1396,1207.0,42,,RJ,casa,25,1,200,20,NAO,1,PAGO,
1397,1899.0,55,,CE,ELETRONICOS,999,6,150,0,SIM,0,pago,3
1398,1021.0,trinta,,,Casa,15,3,quatrocentos,,nao,1,PAGO,1
1399,1409.0,18,,,casa,,0,300,gratis,não,sim,,1
1400,1894.0,42,f,ce,Casa,999,1,200,R$ 30,,0,pago,
1401,1514.0,55,,PE,eletronicos,25,2,300,R$ 30,,0,PAGO,1
1402,1808.0,42,,,casa,10,3,R$400,gratis,nao,cancelado,cancelado,1
1403,1873.0,30,  M,,Roup@,2,3,0,gratis,,1,,1
1404,1013.0,18,F,RJ,mercado,25,8,,,sim,1,,1
1405,,,,ce,ELETRONICOS,25,0,0,gratis,sim,1,pendente,10
1406,1977.0, 35 ,,RJ,Roupas,15,100,300,20,SIM,sim,cancelado,1
1407,2013.0,30,Masculino,SP,Casa,999,8,50,25.5,Sim ,0,,0
1408,2035.0,55,m,CE,ELETRONICOS,10,0,R$ 400,gratis,,nao,PAGO,0
1409,1086.0,55,  M,SP,Eletronicos,,6,300.0,25.5,,cancelado,cancelado,0
1410,1908.0,22,F,,Roup@,10,2,300,R$ 30,,cancelado,PAGO,10
1411,1121.0,18,m,,ELETRONICOS,15,1,150,20,,0,cancelado,4
1412,1749.0,30,,RJ,,0,3,R$400,,,0,cancelado,
1413,1684.0,30,f,XX,mercado,,100,300.0,R$ 30,SIM,nao,,
1414,1308.0,55,f,XX,Roup@,5,8,300.0,20,,1,cancelado,2
1415,1694.0,30,m,SP,mercado,5,2,200,R$ 30,,1,pendente,4
1416,1287.0,25,Masculino,,ELETRONICOS,5,1,0,10,,0,PAGO,1
1417,1306.0,,m,RJ,Roup@,25,2,50,10,Sim ,nao,pago,2
1418,1913.0,22,,SP,,0,3,R$ 400,gratis,sim,nao,cancelado,0
1419,1661.0,55,m,RJ,Roupas,10,6,,25.5,SIM,0,pago,0
1420,1548.0,30,F,SP,Roupas,10,100,200,R$ 30,nao,0,,3
1421,1311.0,18,Masculino,,mercado,5,0,50,20,,1,pago,1
1422,1872.0,trinta,Feminino,ce,mercado,0,100,200,0,nao,0,pendente,1
1423,2082.0, 35 ,M,RJ,,2,0,R$ 400,10,,cancelado,pendente,3
1424,1923.0,,Feminino,ce,eletronicos,,8,150,10,,1,,4
1425,1754.0,30,m,,Roupas,15,6,100,R$ 30,sim,0,,3
1426,1034.0,30,f,XX,,5,0,200,,SIM,sim,pendente,10
1427,1444.0,25,Feminino, sp ,Roupas,0,6,300.0,0,sim,0,PAGO,1
1428,1092.0,42,,CE,,25,2,50,25.5,,cancelado,,10
1429,1352.0,18,,CE,Casa,10,100,0,25.5,,0,pendente,10
1430,1902.0,42,Feminino,CE,roupas ,10,100,,25.5,,nao,,10
1431,1861.0,22,  M,,casa,25,3,200,gratis,nao,cancelado,cancelado,0
1432,1158.0, 35 ,Masculino,,Casa,15,100,300.0,gratis,,cancelado,pendente,3
1433,1956.0,22,,XX,mercado,25,2,R$ 400,,,sim,,2
1434,1023.0,55,f, sp ,Mercado,5,3,,R$ 30,nao,1,PAGO,0
1435,1403.0,18,Feminino,PE,casa,2,6,R$ 400,0,sim,0,,4
1436,1804.0,55,Masculino,CE,Mercado,25,4,quatrocentos,R$ 30,,0,pendente,0
1437,1515.0,35,M,,Eletronicos,2,0,R$400,20,sim,1,PAGO,4
1438,1731.0,30,Masculino,CE,mercado,10,1,,0,NAO,nao,cancelado,0
1439,1531.0,30,Masculino,PE,ELETRONICOS,999,6,,20,SIM,nao,pago,1
1440,1955.0,trinta,,RJ,roupas ,999,2,0,0,,0,pago,
1441,1151.0,55,M,XX,Mercado,,6,300.0,gratis,NAO,1,,10
1442,1946.0,42,Masculino,ce,casa,2,1,quatrocentos,25.5,,0,,
1443,1607.0,35,  M,ce,mercado,15,2,R$ 400,10,sim,1,pago,4
1444,1419.0,30,Feminino,PE,Casa,0,100,300,,não,nao,pago,4
1445,1865.0,55,Feminino,CE,eletronicos,-5,6,quatrocentos,0,,0,,3
1446,1577.0,35,  M,ce,,25,0,150,0,nao,1,pago,0
1447,1334.0,35,Feminino,PE,Roup@,-5,8,0,,Sim ,1,pendente,3
1448,1931.0,18,Masculino,,Roupas,999,100,100,10,SIM,0,,4
1449,1294.0,22,Masculino,SP,roupas ,0,100,50,,SIM,cancelado,PAGO,0
1450,1754.0,35,,,roupas ,15,4,300,0,nao,0,,0
1451,1185.0,25,,CE,Roupas,2,8,50,,Sim ,0,,2
1452,1636.0,22,f,PE,Roupas,25,5,300,25.5,NAO,nao,PAGO,3
1453,1529.0,30,f,RJ,Roupas,15,8,quatrocentos,R$ 30,Sim ,0,cancelado,4
1454,1020.0,30,Masculino,ce,,25,4,100,10,não,sim,cancelado,0
1455,1910.0,30,m,ce,eletronicos,15,1,50,10,sim,0,pendente,4
1456,1866.0,30,,ce,Eletronicos,,4,R$ 400,25.5,Sim ,nao,cancelado,2
1457,1793.0,25,  M,PE,eletronicos,10,3,150,25.5,,cancelado,,2
1458,1099.0,55,Masculino,,Casa,10,100,150,10,,0,pendente,4
1459,1751.0, 35 ,m,RJ,Eletronicos,-5,5,300.0,25.5,Sim ,1,,3
1460,1477.0,35,Masculino,PE,Roup@,5,4,R$ 400,R$ 30,sim,1,pendente,1
1461,1939.0,30,m,CE,Roupas,,0,R$400,25.5,nao,0,,
1462,1525.0,,Masculino,XX,eletronicos,999,5,quatrocentos,R$ 30,SIM,0,pago,4
1463,1333.0,22,M,CE,ELETRONICOS,0,3,R$ 400,25.5,nao,0,PAGO,2
1464,1001.0,22,Feminino,SP,Casa,,2,150,10,,0,,3
1465,1374.0,35,f,XX,Roup@,10,0,50,0,,nao,pago,10
1466,1292.0,55,f,CE,Roup@,15,2,quatrocentos,20,não,sim,pago,0
1467,1836.0,trinta,,RJ,casa,-5,0,200,10,nao,1,cancelado,
1468,2004.0,trinta,F, sp ,casa,2,5,300.0,,Sim ,1,,10
1469,1552.0, 35 ,f, sp ,Roup@,2,0,50,20,Sim ,cancelado,pendente,3
1470,1317.0,55,F, sp ,Eletronicos,2,5,150,25.5,SIM,0,pendente,3
1471,1380.0,35,M,SP,mercado,999,1,300,25.5,não,0,cancelado,
1472,1013.0,trinta,m,SP,Casa,0,2,R$ 400,0,sim,nao,cancelado,
1473,1503.0,trinta,, sp ,casa,10,6,quatrocentos,25.5,sim,nao,pendente,4
1474,1230.0,trinta,Feminino,ce,roupas ,-5,3,300,,NAO,0,,3
1475,1129.0,42,  M,XX,,0,0,300,20,não,1,,0
1476,1837.0,,F,XX,Roupas,25,5,300,10,não,nao,,
1477,1890.0,25,Feminino,ce,Casa,10,3,150,10,Sim ,nao,,10
1478,1027.0,35,,,,15,8,100,,NAO,nao,cancelado,4
1479,1065.0,30,, sp ,Roup@,2,0,0,R$ 30,sim,1,PAGO,2
1480,1260.0,18,f,ce,Roup@,,4,50,0,,nao,PAGO,
1481,1459.0,18,Feminino,PE,ELETRONICOS,25,100,50,,,1,pendente,0
1482,1300.0,55,Masculino,XX,,5,6,quatrocentos,20,,sim,PAGO,4
1483,1918.0,35,,PE,mercado,,1,300.0,25.5,não,1,,
1484,1286.0,35,,ce,Roupas,-5,5,,gratis,não,1,cancelado,4
1485,2033.0,18,F,ce,roupas ,999,5,300,0,SIM,sim,,
1486,1629.0, 35 ,  M,CE,Mercado,10,8,R$ 400,0,sim,1,pago,1
1487,1269.0,18,  M,CE,casa,-5,8,R$400,gratis,SIM,0,cancelado,0
1488,1591.0,35,M,RJ,ELETRONICOS,2,6,200,,,cancelado,pago,3
1489,1843.0,trinta,M,RJ,Roup@,0,0,,10,NAO,0,pago,0
1490,1861.0, 35 ,f,SP,mercado,0,2,100,R$ 30,não,1,pendente,
1491,1132.0,30,Masculino,SP,Eletronicos,0,8,150,10,NAO,sim,pago,0
1492,,30,f, sp ,ELETRONICOS,10,8,,10,nao,cancelado,PAGO,1
1493,1512.0,42,  M,CE,mercado,0,4,R$ 400,gratis,SIM,nao,PAGO,
1494,1312.0,,m, sp ,Casa,10,2,100,25.5,sim,nao,pago,3
1495,1575.0,25,  M,ce,Casa,,4,50,25.5,não,sim,pendente,10
1496,1885.0,30,, sp ,eletronicos,-5,4,300.0,R$ 30,nao,nao,pago,1
1497,1686.0,22,Feminino,ce,ELETRONICOS,15,6,150,R$ 30,nao,sim,cancelado,1
1498,1164.0,18,Feminino,XX,Casa,10,8,R$ 400,20,sim,cancelado,cancelado,1
1499,1304.0,30,,CE,Roup@,0,3,0,20,NAO,1,cancelado,
1500,1155.0,18,,RJ,Casa,,1,R$ 400,10,nao,0,cancelado,0
1501,1619.0,,  M, sp ,mercado,10,3,200,gratis,Sim ,1,pago,10
1502,1956.0,18,Feminino,CE,Mercado,999,100,50,R$ 30,sim,1,,1
1503,1333.0,30,Feminino,XX,casa,0,1,0,0,nao,1,,2
1504,1968.0,trinta,Feminino,PE,Roup@,15,0,300,25.5,sim,sim,,3
1505,1510.0,trinta,,RJ,Roupas,25,2,R$400,,sim,1,cancelado,10
1506,2043.0,42,M,,mercado,10,6,R$400,gratis,não,cancelado,,3
1507,1281.0, 35 ,Masculino,CE,Mercado,5,3,R$400,R$ 30,NAO,0,,10
1508,1796.0,18,m,,Casa,,8,,20,,0,pendente,1
1509,2024.0,55,,CE,roupas ,10,2,150,R$ 30,NAO,0,pendente,10
1510,1118.0,trinta,Feminino,ce,eletronicos,0,4,300,25.5,não,0,pago,0
1511,2058.0,,F,,Mercado,25,100,quatrocentos,R$ 30,sim,sim,,10
1512,1197.0,35,  M, sp ,Casa,999,6,300,25.5,sim,0,pago,
1513,1484.0,30,  M,XX,Mercado,25,4,200,gratis,,1,PAGO,4
1514,2082.0,55,Masculino,,,999,2,50,R$ 30,Sim ,sim,cancelado,
1515,1836.0,30,, sp ,Mercado,25,100,300.0,R$ 30,nao,0,PAGO,4
1516,2008.0,30,Masculino, sp ,mercado,0,4,0,20,sim,sim,PAGO,0
1517,1690.0,42,M, sp ,roupas ,25,100,300,gratis,nao,0,,1
1518,2035.0,42,,ce,Casa,5,2,200,0,SIM,0,pago,2
1519,1489.0, 35 ,f,,roupas ,0,8,200,25.5,nao,cancelado,,2
1520,1275.0,35,F,SP,ELETRONICOS,-5,5,R$ 400,,,sim,,4
1521,1692.0,30,f,XX,mercado,10,0,R$400,,sim,1,,4
1522,1241.0,35,,PE,casa,10,0,300.0,gratis,,nao,cancelado,3
1523,1125.0,22,F,CE,casa,-5,4,quatrocentos,,Sim ,cancelado,pago,1
1524,1216.0,42,f,ce,Mercado,15,4,300,gratis,SIM,0,pago,0
1525,2062.0, 35 ,F,RJ,,5,0,50,,Sim ,1,pago,1
1526,1494.0,25,Masculino,PE,Roup@,,3,50,0,nao,0,pago,1
1527,1426.0,18,m,XX,eletronicos,,8,R$ 400,gratis,Sim ,cancelado,,2
1528,1918.0,18,F,ce,ELETRONICOS,0,0,300,25.5,nao,1,PAGO,10
1529,1150.0,25,,PE,,5,0,R$ 400,,NAO,0,pago,10
1530,1383.0,trinta,Masculino,CE,mercado,10,4,R$400,10,nao,cancelado,,0
1531,1307.0,35,Masculino, sp ,,25,100,R$400,10,não,cancelado,PAGO,2
1532,1745.0,25,M, sp ,Roup@,25,4,,20,Sim ,0,,2
1533,1891.0, 35 ,Feminino,XX,Eletronicos,,0,0,0,sim,1,,3
1534,1374.0,30,  M,CE,eletronicos,10,6,R$ 400,20,NAO,1,PAGO,10
1535,2031.0,25,M,PE,casa,5,5,50,10,,1,cancelado,2
1536,1128.0, 35 ,,,,999,4,R$ 400,0,SIM,sim,cancelado,1
1537,2014.0,42,, sp ,casa,-5,5,300,gratis,nao,1,cancelado,2
1538,1668.0,55,,SP,Roup@,,1,0,gratis,não,0,pendente,10
1539,1516.0,30,  M,PE,ELETRONICOS,10,8,300.0,25.5,NAO,sim,PAGO,3
1540,1085.0,30,Masculino, sp ,eletronicos,0,0,0,R$ 30,Sim ,1,pendente,1
1541,1310.0,22,m,PE,Roup@,25,100,,10,,0,cancelado,2
1542,1426.0,35,,XX,Eletronicos,25,3,0,gratis,,sim,,2
1543,1113.0,30,  M,RJ,mercado,999,100,0,0,NAO,0,cancelado,3
1544,1302.0,55,, sp ,Roup@,2,5,150,R$ 30,sim,0,pago,4
1545,1743.0,55,Feminino,PE,Mercado,2,6,150,R$ 30,sim,cancelado,,
1546,1587.0,42,Masculino,RJ,Casa,10,1,300,gratis,sim,1,cancelado,2
1547,1986.0,25,,RJ,Mercado,5,100,,20,não,0,PAGO,2
1548,1344.0,35,m,SP,eletronicos,5,100,300,20,,0,pendente,
1549,1813.0,18,  M,RJ,,5,6,quatrocentos,20,,sim,pago,2
1550,1800.0,55,F,CE,roupas ,15,0,100,R$ 30,NAO,nao,,1
1551,2024.0, 35 ,m,RJ,Mercado,2,4,quatrocentos,20,,nao,pendente,2
1552,2076.0,18,F,,Casa,,5,300,20,NAO,1,pendente,2
1553,2092.0,22,Masculino,PE,Mercado,25,5,300.0,R$ 30,,sim,pago,0
1554,1360.0,25,  M,RJ,,25,8,,25.5,Sim ,0,pago,
1555,2009.0,25,M,,Roup@,,8,0,20,SIM,cancelado,cancelado,1
1556,1703.0,30,,CE,Casa,25,8,300,25.5,,0,cancelado,
1557,1574.0,55,M,ce,mercado,999,5,quatrocentos,25.5,sim,0,,4
1558,1687.0,42,M,CE,roupas ,2,4,0,gratis,SIM,0,,2
1559,1780.0,trinta,,XX,Roup@,2,0,300.0,R$ 30,,1,,2
1560,1584.0,trinta,Feminino,ce,Eletronicos,15,1,quatrocentos,0,,cancelado,cancelado,4
1561,1588.0,,Feminino,SP,Eletronicos,999,1,200,20,SIM,nao,,3
1562,1488.0,30,,CE,eletronicos,10,6,quatrocentos,0,sim,0,,
1563,1970.0, 35 ,f,XX,,2,2,150,10,,sim,cancelado,4
1564,1493.0,18,,CE,Roupas,,3,0,25.5,,1,cancelado,4
1565,1018.0,,f,RJ,,,4,R$400,,sim,nao,,1
1566,1396.0,22,F, sp ,Mercado,,2,300.0,10,,sim,,10
1567,2000.0,30,, sp ,Casa,,8,50,25.5,Sim ,cancelado,pendente,4
1568,1850.0,25,  M,XX,Roup@,5,1,150,20,não,sim,PAGO,1
1569,1821.0,18,f,CE,Eletronicos,15,3,150,10,sim,cancelado,cancelado,10
1570,1454.0,35,,XX,roupas ,5,2,R$ 400,R$ 30,SIM,0,PAGO,4
1571,1724.0,55,,SP,,-5,100,50,gratis,,1,cancelado,
1572,2088.0,22,, sp ,Roupas,10,0,,10,,1,,2
1573,2099.0,35,M,,roupas ,,3,200,25.5,,cancelado,pendente,2
1574,1710.0,42,  M,ce,,-5,5,quatrocentos,R$ 30,Sim ,0,PAGO,10
1575,1142.0,,Masculino,RJ,Mercado,999,3,R$ 400,25.5,,1,pendente,3
1576,1916.0,55,  M,,ELETRONICOS,,6,300,0,NAO,0,pago,10
1577,1827.0,18,,,Roupas,999,5,150,,,1,PAGO,
1578,1604.0,55,F,PE,casa,-5,2,200,,Sim ,nao,PAGO,4
1579,1304.0,30,f,,ELETRONICOS,,0,50,10,sim,0,,0
1580,1735.0,30,f,ce,ELETRONICOS,2,6,200,gratis,,1,PAGO,4
1581,1290.0,30,F,ce,Mercado,15,3,100,20,nao,1,pago,10
1582,1101.0,42,m,RJ,roupas ,15,1,100,0,sim,sim,pago,
1583,1866.0, 35 ,,XX,mercado,25,5,300.0,10,não,0,pendente,0
1584,1967.0,35,,,Eletronicos,999,2,100,0,Sim ,0,pago,
1585,1973.0,30,Feminino,,Casa,2,2,150,10,sim,1,cancelado,
1586,1841.0,30,F,CE,Casa,0,100,300.0,,SIM,0,,10
1587,1961.0, 35 ,F,CE,Roup@,,8,100,20,SIM,1,PAGO,4
1588,1941.0,30,  M,ce,Roup@,999,6,quatrocentos,20,Sim ,1,pendente,1
1589,2026.0,25,,CE,ELETRONICOS,5,1,quatrocentos,,,cancelado,pendente,2
1590,1084.0,30,,PE,ELETRONICOS,-5,2,50,gratis,não,1,pendente,
1591,1327.0,35,Feminino,CE,mercado,25,8,quatrocentos,0,nao,cancelado,pendente,
1592,1815.0,22,,SP,,5,3,300.0,gratis,Sim ,0,PAGO,0
1593,1453.0,trinta,M,SP,Mercado,2,2,200,10,não,sim,pendente,0
1594,1628.0, 35 ,,PE,Eletronicos,5,6,0,20,SIM,cancelado,PAGO,4
1595,1664.0,25,M,,Casa,0,0,quatrocentos,20,sim,1,pendente,2
1596,1011.0,22,m,SP,,999,0,R$ 400,25.5,NAO,cancelado,pendente,
1597,1303.0,18,,,mercado,10,2,100,25.5,sim,0,,3
1598,1974.0,30,Masculino,,Casa,25,6,,,SIM,1,cancelado,0
1599,1782.0,,,SP,casa,5,5,300.0,gratis,nao,nao,pago,2
1600,1042.0,25,,CE,Roup@,999,8,300,0,,sim,pago,2
1601,1943.0,55,Feminino,,casa,15,4,quatrocentos,,SIM,sim,pago,
1602,1342.0,18,M,SP,Eletronicos,0,2,300,10,sim,sim,cancelado,0
1603,1497.0,18,  M,,Eletronicos,10,3,R$ 400,gratis,sim,0,PAGO,1
1604,1363.0, 35 ,Feminino,RJ,Mercado,999,100,150,20,nao,nao,pago,10
1605,1890.0,30,,CE,Roupas,999,0,150,20,nao,0,pago,1
1606,1426.0,25,  M,CE,ELETRONICOS,10,100,100,20,SIM,1,pago,4
1607,2004.0,42,f,SP,Roup@,,5,0,10,sim,1,PAGO,
1608,1020.0,,  M,XX,mercado,25,5,quatrocentos,,,cancelado,cancelado,10
1609,1406.0,25,F, sp ,Mercado,,8,100,gratis,NAO,cancelado,cancelado,10
1610,1618.0,30,Feminino,SP,mercado,-5,8,0,10,,sim,,4
1611,2014.0,18,Feminino,PE,,10,1,300,R$ 30,NAO,sim,,2
1612,1335.0,35,F,SP,Roupas,0,5,R$ 400,20,Sim ,sim,PAGO,
1613,1398.0,18,f,CE,Mercado,5,0,100,25.5,NAO,0,,0
1614,1792.0,18,,RJ,roupas ,0,8,200,gratis,SIM,0,pago,2
1615,1714.0,trinta,,PE,Casa,25,2,200,25.5,SIM,0,PAGO,2
1616,1050.0,,,ce,ELETRONICOS,10,0,300.0,gratis,Sim ,1,pendente,
1617,1323.0,,,ce,ELETRONICOS,-5,2,,,,1,cancelado,1
1618,1788.0,55,M,XX,ELETRONICOS,15,1,300,20,não,cancelado,pendente,0
1619,1140.0,42,F,,casa,0,3,50,25.5,,0,,1
1620,1469.0,22,f,,Roup@,,3,300.0,25.5,Sim ,1,pago,3
1621,1786.0,,,XX,Mercado,0,6,R$ 400,gratis,não,nao,pendente,
1622,1963.0,22,m,ce,Mercado,15,3,0,R$ 30,não,0,,4
1623,2007.0,,Feminino,,casa,5,8,300,R$ 30,sim,0,pendente,10
1624,1372.0,55,  M,,Eletronicos,,0,,25.5,nao,0,cancelado,1
1625,1493.0,18,,,Roup@,15,3,R$400,25.5,NAO,0,,0
1626,1750.0,22,  M,,Roupas,15,100,300.0,,,1,pendente,
1627,1290.0,30,m, sp ,Roupas,5,1,200,20,não,1,cancelado,0
1628,1105.0,42,Feminino,PE,ELETRONICOS,25,3,quatrocentos,gratis,,1,pago,3
1629,1669.0,22,Masculino,,Mercado,0,3,,gratis,sim,1,pendente,0
1630,1001.0,55,f,,eletronicos,0,8,quatrocentos,0,Sim ,sim,pendente,3
1631,1588.0,30,M,,Eletronicos,10,5,R$400,gratis,,sim,pago,2
1632,1643.0,22,  M,RJ,mercado,,4,50,20,Sim ,nao,,1
1633,1089.0,42,,RJ,ELETRONICOS,-5,2,300.0,25.5,,0,,0
1634,1349.0,,F, sp ,Roupas,10,8,R$400,,,cancelado,,4
1635,2062.0, 35 ,  M, sp ,Roupas,15,3,50,0,,sim,PAGO,1
1636,1908.0,,Feminino, sp ,Roup@,-5,8,,,não,cancelado,,
1637,1158.0, 35 ,Masculino,ce,Eletronicos,999,8,quatrocentos,,,cancelado,pago,3
1638,1958.0,30,f,ce,Eletronicos,0,2,300,25.5,sim,1,,1
1639,1311.0,25,F,SP,eletronicos,15,8,R$400,gratis,SIM,1,pago,1
1640,1444.0,25,Feminino,XX,Roupas,5,6,100,10,,sim,pago,0
1641,1297.0,22,Masculino,PE,Casa,999,4,R$ 400,25.5,nao,1,PAGO,4
1642,1951.0,35,F,RJ,Roup@,2,5,200,R$ 30,nao,nao,pago,2
1643,1035.0,30,  M,,,,0,300.0,gratis,NAO,cancelado,PAGO,4
1644,1558.0,55,Feminino,PE,Mercado,999,5,100,R$ 30,não,cancelado,,10
1645,1890.0,30,,PE,Casa,10,3,R$ 400,20,SIM,0,PAGO,3
1646,1140.0, 35 ,Masculino,,roupas ,15,2,50,R$ 30,,0,,10
1647,1886.0,22,,CE,Roup@,15,6,R$ 400,gratis,NAO,nao,,
1648,1725.0,,,,mercado,5,6,50,0,,0,,4
1649,2049.0,42,M,XX,Mercado,25,8,300.0,R$ 30,SIM,0,cancelado,4
1650,1520.0,55,Masculino,SP,Eletronicos,10,0,50,10,nao,0,,3
1651,1009.0,30,, sp ,,2,4,300.0,,sim,nao,PAGO,
1652,1983.0,42,  M,,Mercado,5,0,0,10,,cancelado,cancelado,
1653,1377.0,55,Feminino,ce,Roup@,-5,1,300,10,não,nao,pago,4
1654,1681.0,30,Feminino, sp ,Roupas,2,6,quatrocentos,R$ 30,SIM,sim,pago,2
1655,1583.0,30,  M,,roupas ,5,6,300.0,20,,cancelado,pendente,1
1656,1151.0, 35 ,M, sp ,Eletronicos,-5,3,150,10,SIM,0,,2
1657,1719.0,18,f,,Casa,2,100,,25.5,SIM,1,pendente,10
1658,2072.0,55,M,,casa,-5,5,,,nao,0,,1
1659,1858.0, 35 ,Feminino,,,999,1,0,20,não,1,,1
1660,1049.0,trinta,f, sp ,roupas ,5,8,300,gratis,sim,sim,,4
1661,1663.0,35,M,,eletronicos,15,3,150,0,sim,sim,PAGO,1
1662,1530.0,22,,RJ,casa,-5,4,100,20,SIM,0,PAGO,3
1663,2083.0,trinta,f,ce,mercado,2,6,150,,sim,nao,pago,2
1664,1856.0,42,Feminino,SP,Casa,0,0,300,,NAO,1,cancelado,1
1665,1145.0,55,  M,,mercado,25,4,200,0,sim,1,pago,4
1666,1914.0,22,,SP,Mercado,0,100,50,0,SIM,1,,4
1667,1992.0,22,, sp ,Roupas,999,0,50,gratis,NAO,1,,4
1668,1241.0,trinta,, sp ,,2,6,100,0,,0,cancelado,0
1669,1580.0,trinta,,ce,Mercado,10,8,300,,não,sim,pago,0
1670,1686.0,18,m,CE,Roupas,,0,300,20,Sim ,1,,4
1671,1482.0,30,F,XX,ELETRONICOS,999,2,0,,nao,0,PAGO,
1672,1672.0,55,Masculino,,,15,5,,0,sim,0,pago,3
1673,, 35 ,M,CE,ELETRONICOS,,8,300.0,10,,sim,pago,4
1674,1660.0,25,m,XX,mercado,-5,0,R$ 400,,NAO,1,pendente,0
1675,1661.0,,M,PE,eletronicos,5,5,300.0,10,Sim ,0,pago,2
1676,1804.0,55,m, sp ,mercado,2,3,,R$ 30,não,sim,pago,1
1677,1418.0,55,f,,ELETRONICOS,2,6,100,10,Sim ,1,cancelado,2
1678,1987.0,55,  M,ce,casa,10,5,300,25.5,,nao,,1
1679,1649.0,22,Masculino,,,5,0,150,10,não,0,cancelado,
1680,1968.0,42,Masculino,ce,casa,15,100,200,10,SIM,0,pago,2
1681,1589.0,22,M,SP,eletronicos,999,100,100,gratis,SIM,0,pago,4
1682,1508.0,42,,PE,,25,6,200,0,nao,0,,10
1683,1440.0,trinta,f,SP,eletronicos,25,4,300,0,nao,1,pago,3
1684,1920.0,25,Masculino,XX,eletronicos,0,4,R$ 400,10,não,0,,3
1685,1769.0,22,F,XX,mercado,25,100,300,0,Sim ,cancelado,,10
1686,1262.0,42,M,RJ,Casa,25,4,R$400,20,nao,1,pago,4
1687,1636.0,22,,XX,Roup@,-5,0,quatrocentos,R$ 30,,0,cancelado,0
1688,1458.0,35,F,CE,,0,100,quatrocentos,,sim,0,,1
1689,1998.0,22,Feminino,CE,Eletronicos,5,5,quatrocentos,10,Sim ,nao,PAGO,10
1690,1699.0,25,M,,eletronicos,2,6,300,R$ 30,nao,1,cancelado,2
1691,1301.0,25,M, sp ,Eletronicos,2,3,150,10,Sim ,sim,PAGO,2
1692,1553.0,42,,SP,,15,5,50,0,,cancelado,cancelado,0
1693,1287.0,42,f, sp ,Casa,5,5,R$400,R$ 30,sim,1,cancelado,4
1694,1620.0,trinta,, sp ,Roup@,0,2,,20,Sim ,0,pago,0
1695,2005.0,25,Masculino,CE,eletronicos,,6,100,10,Sim ,cancelado,,
1696,1035.0,25,  M,ce,eletronicos,999,100,,10,NAO,1,,
1697,1743.0,18,M,,eletronicos,15,8,300.0,0,não,1,pago,3
1698,1352.0,55,Feminino,PE,casa,5,0,150,10,SIM,cancelado,pago,10
1699,1072.0,30,,RJ,Casa,2,2,0,R$ 30,nao,0,pendente,
1700,1647.0,22,M,CE,Eletronicos,-5,100,R$ 400,R$ 30,,nao,pago,
1701,2093.0,30,,SP,Roupas,10,3,150,10,nao,1,,
1702,1424.0,trinta,m,RJ,,0,5,,10,nao,0,pago,4
1703,1998.0,55,M,PE,Roupas,25,8,300,10,não,nao,cancelado,3
1704,1707.0,30,M,XX,Casa,25,4,300.0,25.5,Sim ,0,,1
1705,1560.0,18,Feminino, sp ,eletronicos,5,8,R$ 400,20,sim,1,,
1706,1827.0,30,Feminino,,Roupas,,0,quatrocentos,,sim,0,cancelado,
1707,1955.0,42,M,,Eletronicos,15,4,50,R$ 30,SIM,1,pendente,
1708,1516.0,25,m, sp ,,2,5,R$400,25.5,SIM,1,pendente,0
1709,1427.0,35,  M,XX,,5,3,quatrocentos,,SIM,0,,10
1710,1159.0,trinta,m,PE,Roupas,,5,100,0,sim,cancelado,,1
1711,1148.0, 35 ,m,SP,,-5,0,0,gratis,Sim ,0,PAGO,2
1712,1775.0,,m,,Eletronicos,5,3,50,10,SIM,0,PAGO,1
1713,1066.0,25,  M,,eletronicos,-5,5,R$ 400,R$ 30,SIM,0,,0
1714,2013.0,35,f,PE,eletronicos,15,1,quatrocentos,,,1,,2
1715,1380.0,30,f,RJ,mercado,5,2,300,0,sim,sim,cancelado,3
1716,1057.0,42,m, sp ,ELETRONICOS,15,3,,R$ 30,nao,0,pendente,10
1717,1341.0,30,,RJ,casa,25,1,0,gratis,Sim ,1,,2
1718,1726.0,30,F,CE,,15,100,,,SIM,0,pago,0
1719,1769.0,,f,PE,Roup@,10,100,R$400,10,,cancelado,cancelado,
1720,1613.0,25,,CE,Roup@,0,5,300,R$ 30,Sim ,0,pago,0
1721,1353.0,25,Feminino,SP,Mercado,2,4,quatrocentos,10,NAO,0,cancelado,2
1722,1115.0,30,  M,RJ,casa,999,5,,gratis,nao,1,pendente,3
1723,1661.0, 35 ,  M,,eletronicos,25,4,100,25.5,nao,0,pago,2
1724,1452.0,35,F,PE,Roup@,999,5,300.0,,,cancelado,pendente,10
1725,1286.0,30,f,PE,Eletronicos,15,8,300,gratis,SIM,cancelado,cancelado,1
1726,2016.0,42,Feminino,,Mercado,15,0,100,gratis,,nao,pendente,4
1727,1310.0,25,m,XX,Roupas,25,2,R$ 400,R$ 30,SIM,cancelado,cancelado,0
1728,1207.0,30,,SP,Roupas,25,4,0,,,1,,4
1729,1617.0, 35 ,f,RJ,Mercado,0,0,200,20,sim,1,pago,1
1730,1445.0,30,F,PE,ELETRONICOS,25,8,R$ 400,10,nao,0,cancelado,
1731,1669.0,30,Feminino,PE,roupas ,25,100,100,,,nao,PAGO,4
1732,1632.0,,M,,Eletronicos,999,5,,R$ 30,,1,PAGO,
1733,1054.0,42,Feminino, sp ,Roup@,0,6,quatrocentos,10,NAO,cancelado,,
1734,1911.0,18,M,RJ,ELETRONICOS,5,0,,25.5,NAO,0,,1
1735,2035.0,30,,,Eletronicos,15,5,300,,NAO,sim,pendente,10
1736,1656.0,30,Masculino,,mercado,15,100,200,25.5,não,0,pago,2
1737,1979.0,18,Feminino,,Roup@,25,4,,20,sim,1,,0
1738,1514.0,25,F,ce,mercado,0,0,50,20,sim,cancelado,PAGO,1
1739,1236.0,18,F,RJ,eletronicos,25,3,R$400,20,,1,pendente,
1740,1347.0, 35 ,,PE,casa,0,5,50,25.5,SIM,1,,1
1741,1626.0,22,m,ce,,999,0,200,gratis,sim,0,,2
1742,1629.0, 35 ,Feminino,SP,eletronicos,15,8,50,0,SIM,1,pendente,1
1743,1363.0,30,Masculino,,Roupas,10,1,quatrocentos,10,,1,cancelado,0
1744,1320.0,22,f,RJ,ELETRONICOS,,4,R$400,10,SIM,0,PAGO,3
1745,1285.0,30,F,XX,Mercado,10,2,R$400,R$ 30,não,0,,4
1746,1148.0,,, sp ,eletronicos,999,2,300.0,0,,1,,10
1747,1405.0,,  M,PE,ELETRONICOS,25,8,quatrocentos,25.5,sim,1,cancelado,10
1748,1977.0,trinta,F,ce,Casa,,3,200,25.5,sim,0,cancelado,1
1749,1455.0,42,Feminino,SP,Roupas,10,3,R$400,20,não,0,cancelado,4
1750,1799.0,,,XX,Roup@,999,6,300.0,,não,0,cancelado,10
1751,2012.0,55,  M,PE,ELETRONICOS,-5,6,300,,,1,cancelado,2
1752,1783.0,25,M,SP,Eletronicos,-5,1,quatrocentos,R$ 30,,0,pago,10
1753,1459.0,25,Masculino, sp ,,,1,0,0,sim,0,,3
1754,1737.0,trinta,F,SP,Roup@,999,6,quatrocentos,0,sim,0,pendente,1
1755,1508.0,30,Feminino,SP,Roupas,10,8,quatrocentos,25.5,,sim,PAGO,
1756,,35,  M,XX,eletronicos,0,100,150,20,SIM,1,pendente,0
1757,1113.0,30,  M,CE,Casa,0,4,quatrocentos,10,Sim ,cancelado,pago,1
1758,1748.0,55,m,XX,mercado,25,6,R$ 400,20,nao,cancelado,pendente,4
1759,1360.0,55,  M,ce,roupas ,10,3,300,10,SIM,0,pendente,2
1760,1340.0, 35 ,Masculino,CE,Roup@,,4,50,,NAO,nao,cancelado,3
1761,1769.0, 35 ,, sp ,Roup@,-5,100,200,25.5,NAO,0,,0
1762,1760.0,35,,XX,Mercado,15,1,R$400,20,Sim ,cancelado,pago,0
1763,1968.0,30,  M,CE,eletronicos,0,5,300,0,nao,1,pago,4
1764,1448.0,trinta,Feminino,,Roup@,25,8,300,R$ 30,não,sim,pendente,0
1765,1834.0,18,F,XX,Mercado,2,3,300.0,gratis,NAO,1,,4
1766,1310.0, 35 ,Feminino,CE,Roupas,5,2,,0,não,0,pendente,0
1767,1261.0,30,,RJ,,2,2,200,,não,0,PAGO,0
1768,1405.0,42,F,ce,Roup@,,1,300,R$ 30,SIM,nao,pago,0
1769,1142.0,25,M,PE,Casa,,5,100,10,não,nao,cancelado,10
1770,1341.0,25,Masculino,SP,Eletronicos,25,3,200,25.5,Sim ,1,cancelado,4
1771,1243.0,30,Feminino,CE,roupas ,999,8,150,20,SIM,1,cancelado,3
1772,1489.0,35,m,PE,Roupas,15,1,200,,,1,,0
1773,1011.0,trinta,,XX,mercado,2,100,R$400,,,1,,1
1774,1560.0,,  M,PE,eletronicos,15,2,200,25.5,Sim ,1,pago,2
1775,1041.0,55,F,,eletronicos,-5,0,150,25.5,,0,pago,10
1776,1677.0,35,  M,,eletronicos,5,4,150,10,não,0,cancelado,
1777,1593.0,30,M,,Casa,5,6,0,25.5,NAO,0,pago,4
1778,1133.0,trinta,,ce,,0,100,quatrocentos,20,nao,0,cancelado,0
1779,2090.0,trinta,  M,CE,,,8,150,,não,0,PAGO,10
1780,2030.0,30,Feminino,,Roupas,10,0,150,0,Sim ,1,PAGO,3
1781,1947.0,22,F,SP,Roup@,-5,8,R$400,25.5,sim,0,PAGO,10
1782,1072.0,25,m, sp ,Casa,,2,,20,,sim,pendente,1
1783,1398.0,30,M,ce,Mercado,,100,150,20,sim,0,pendente,4
1784,1577.0,,Masculino,,,15,1,300.0,10,,nao,,1
1785,1858.0,55,,RJ,eletronicos,5,2,0,25.5,NAO,nao,,10
1786,1129.0,22,Feminino, sp ,mercado,2,3,300.0,,,0,,2
1787,1930.0,42,Masculino, sp ,Mercado,0,3,200,10,,0,pago,2
1788,1265.0, 35 ,m,RJ,,25,4,,0,nao,sim,PAGO,4
1789,1792.0,30,Masculino,XX,roupas ,0,5,R$ 400,0,Sim ,0,PAGO,4
1790,1252.0, 35 ,,PE,Roup@,-5,6,0,R$ 30,NAO,0,pago,0
1791,1821.0,22,F,ce,Roup@,,1,quatrocentos,20,SIM,0,pago,1
1792,1163.0,22,Masculino,,,0,0,300,25.5,não,1,cancelado,2
1793,1094.0, 35 ,Feminino, sp ,ELETRONICOS,0,6,R$ 400,R$ 30,,1,cancelado,1
1794,1832.0,55,,PE,,10,100,quatrocentos,,SIM,1,,2
1795,1335.0,55,,,,999,5,R$ 400,20,sim,1,pendente,0
1796,1821.0,18,Masculino,,mercado,,8,,,não,sim,,
1797,1237.0,,,ce,Casa,2,4,200,25.5,SIM,sim,cancelado,2
1798,1380.0,42,f,SP,Casa,0,6,200,10,,0,,0
1799,1898.0,55,, sp ,casa,-5,6,R$ 400,0,sim,0,pago,0
1800,1482.0,,  M,,roupas ,999,4,quatrocentos,R$ 30,nao,cancelado,PAGO,1
1801,1901.0,42,Feminino,ce,eletronicos,999,6,200,,SIM,cancelado,pago,
1802,2048.0,42,f,CE,ELETRONICOS,-5,0,R$400,R$ 30,,0,pago,
1803,1481.0,22,F,,Mercado,999,5,0,0,não,cancelado,cancelado,10
1804,1916.0,42,,,Roup@,,2,200,10,SIM,1,pago,0
1805,1993.0,30,Feminino,CE,casa,-5,100,100,gratis,,0,pago,2
1806,1963.0, 35 ,m,,casa,10,4,100,gratis,,nao,,10
1807,1536.0,18,  M,SP,roupas ,,4,50,,,0,,2
1808,2035.0,30,  M,PE,Eletronicos,2,8,100,gratis,não,cancelado,,
1809,1127.0,35,Feminino,SP,Roup@,999,6,300.0,25.5,SIM,nao,cancelado,10
1810,1091.0,18,F,SP,Casa,0,4,R$ 400,R$ 30,NAO,0,PAGO,2
1811,,30,,RJ,Mercado,10,6,R$ 400,10,nao,cancelado,,1
1812,1845.0,18,M,,eletronicos,,3,,25.5,SIM,1,,1
1813,1988.0,42,M,PE,eletronicos,0,8,R$ 400,25.5,SIM,0,pago,3
1814,1446.0,22,Feminino,XX,mercado,-5,6,0,,,1,,
1815,1389.0,35,Masculino,RJ,Eletronicos,5,3,,10,,sim,,
1816,1671.0,55,,RJ,roupas ,2,1,300.0,25.5,NAO,0,pendente,4
1817,1042.0,22,  M,SP,eletronicos,2,5,50,,,1,,3
1818,1253.0,42,F, sp ,ELETRONICOS,10,2,,R$ 30,sim,0,,3
1819,2083.0,42,  M, sp ,eletronicos,10,8,quatrocentos,10,não,1,,0
1820,1662.0,35,m,CE,,999,8,150,gratis,Sim ,cancelado,pendente,
1821,1466.0,35,M,XX,Roupas,-5,4,200,gratis,sim,0,PAGO,0
1822,1286.0,25,,SP,,999,6,50,0,não,0,pago,3
1823,2010.0,trinta,m,RJ,ELETRONICOS,2,1,150,0,SIM,1,,4
1824,1777.0,trinta,,,Mercado,15,2,150,10,sim,0,PAGO,3
1825,1344.0,,  M,SP,mercado,999,6,R$400,20,SIM,1,cancelado,1
1826,1641.0,22,F,,eletronicos,5,2,R$400,,sim,nao,PAGO,2
1827,1381.0,55,M,,Casa,-5,4,,20,sim,nao,cancelado,3
1828,1689.0,18,  M,,,999,4,quatrocentos,25.5,Sim ,nao,cancelado,0
1829,2079.0,42,M,RJ,ELETRONICOS,,100,0,0,NAO,cancelado,,4
1830,1456.0,42,Feminino,PE,mercado,-5,8,R$ 400,10,sim,nao,pendente,0
1831,1982.0,25,,SP,casa,,8,150,gratis,,sim,cancelado,
1832,1082.0,22,  M,SP,Roupas,5,1,150,25.5,SIM,0,pago,1
1833,1148.0,22,f,PE,Roupas,2,5,200,10,Sim ,0,,
1834,1189.0, 35 ,M, sp ,Mercado,2,3,50,10,sim,1,,10
1835,1882.0,,M,ce,,15,3,0,10,,1,,0
1836,1262.0,35,f,CE,ELETRONICOS,2,6,200,0,NAO,0,cancelado,
1837,1399.0,55,Masculino,CE,Casa,-5,4,300.0,10,SIM,sim,,10
1838,1763.0,35,  M, sp ,Eletronicos,999,0,quatrocentos,0,Sim ,sim,pago,0
1839,1608.0,55,f,RJ,Casa,10,4,R$400,0,não,1,,4
1840,1784.0,30,M,RJ,mercado,2,0,0,R$ 30,nao,1,,3
1841,1100.0,30,  M,XX,,10,4,R$ 400,10,NAO,nao,,10
1842,1819.0,,F,CE,eletronicos,5,3,300.0,R$ 30,,0,cancelado,4
1843,1819.0,trinta,F,CE,Roup@,0,5,50,gratis,,0,PAGO,0
1844,1419.0,,,RJ,Mercado,-5,5,200,R$ 30,não,sim,,0
1845,1123.0,trinta,Masculino,,Roup@,,1,300.0,R$ 30,não,0,cancelado,3
1846,1421.0,55,F,CE,ELETRONICOS,25,0,100,,Sim ,nao,,1
1847,2086.0,trinta,Masculino,PE,Eletronicos,15,0,50,,Sim ,0,pago,10
1848,1767.0,35,,,Roupas,2,0,300,,Sim ,cancelado,pago,3
1849,1482.0,,Feminino,PE,Roupas,0,4,quatrocentos,10,,cancelado,PAGO,4
1850,1518.0,42,m,,casa,999,100,0,gratis,,1,pago,3
1851,1154.0,35,,XX,mercado,15,3,,25.5,,0,cancelado,3
1852,1091.0,55,,RJ,mercado,2,8,150,20,não,nao,PAGO,10
1853,1981.0,22,Masculino,XX,Casa,25,6,0,25.5,nao,cancelado,,0
1854,1454.0,35,F,XX,mercado,25,100,200,0,SIM,nao,cancelado,0
1855,1597.0,trinta,F,RJ,Casa,5,4,0,25.5,Sim ,1,,10
1856,1509.0,25,  M,SP,Casa,0,4,,20,NAO,sim,,1
1857,1385.0, 35 ,M,,eletronicos,,6,,20,Sim ,0,PAGO,2
1858,1404.0,42,F,CE,Mercado,0,0,R$ 400,gratis,nao,cancelado,PAGO,2
1859,1245.0,trinta,f,XX,Roup@,999,3,50,,Sim ,1,cancelado,10
1860,1741.0,25,M,PE,eletronicos,10,0,R$400,25.5,nao,nao,PAGO,10
1861,1660.0,55,f,SP,Eletronicos,5,0,R$400,0,Sim ,0,cancelado,3
1862,1649.0,30,Masculino,SP,,15,8,300,R$ 30,,1,cancelado,2
1863,1900.0,25,,,Eletronicos,,8,200,R$ 30,não,0,pago,2
1864,1064.0,30,M,XX,Eletronicos,,5,R$400,0,nao,0,,4
1865,2036.0,30,Masculino,XX,Roupas,10,2,300.0,gratis,SIM,1,pendente,0
1866,1212.0,,F,ce,Roupas,2,2,150,R$ 30,Sim ,sim,pendente,
1867,1241.0,18,,,Mercado,2,0,100,gratis,não,1,pago,10
1868,1492.0,42,Feminino,SP,Eletronicos,15,6,50,R$ 30,,sim,,
1869,1337.0,trinta,F,SP,ELETRONICOS,15,0,quatrocentos,R$ 30,NAO,sim,pendente,10
1870,1172.0,,m,ce,ELETRONICOS,0,3,quatrocentos,25.5,SIM,nao,cancelado,10
1871,1671.0,,,CE,casa,25,1,0,gratis,não,sim,cancelado,10
1872,1163.0,18,M, sp ,eletronicos,0,6,,20,,1,PAGO,4
1873,1464.0,35,m,PE,Roup@,-5,2,quatrocentos,0,nao,0,pendente,2
1874,1994.0,55,M, sp ,,-5,100,,R$ 30,sim,1,,1
1875,1496.0,42,,XX,Roupas,,5,0,,NAO,1,cancelado,
1876,1699.0,22,M,RJ,mercado,0,5,150,20,NAO,sim,pendente,2
1877,1394.0,,Masculino,,Roup@,999,0,150,10,sim,nao,PAGO,0
1878,1702.0,30,f,XX,roupas ,5,6,R$400,20,não,1,pago,0
1879,1307.0,,  M,CE,Mercado,999,3,quatrocentos,,não,1,,10
1880,1182.0,22,Masculino, sp ,Mercado,,100,0,0,,0,,
1881,1628.0,,,XX,Eletronicos,15,4,,10,nao,1,PAGO,0
1882,1509.0,18,M,PE,ELETRONICOS,25,4,150,25.5,NAO,sim,PAGO,2
1883,1545.0,25,Masculino,SP,Eletronicos,25,2,100,,,sim,PAGO,
1884,1623.0,25,f,,Roup@,5,3,R$400,10,não,cancelado,,1
1885,1593.0,55,m,XX,ELETRONICOS,25,4,200,gratis,sim,0,cancelado,
1886,1743.0,18,Masculino,CE,Eletronicos,,8,R$400,0,,sim,pendente,4
1887,1553.0, 35 ,m,,Roup@,15,3,quatrocentos,gratis,não,0,pago,1
1888,1020.0,,,RJ,roupas ,10,0,300,20,NAO,1,pago,1
1889,1553.0,42,m,PE,casa,-5,0,,25.5,não,0,,3
1890,1396.0,30,M,ce,eletronicos,999,2,R$400,0,SIM,cancelado,,1
1891,1624.0,25,,CE,casa,0,4,300,25.5,sim,nao,pago,0
1892,1104.0,25,, sp ,roupas ,0,0,150,R$ 30,,1,,3
1893,1191.0,22,Feminino, sp ,casa,25,1,150,0,sim,sim,,1
1894,1016.0,22,M,SP,mercado,0,1,quatrocentos,,,1,,3
1895,1392.0,trinta,, sp ,Roupas,,4,quatrocentos,gratis,Sim ,sim,,
1896,1424.0,35,F,,Roupas,5,2,300,20,não,0,pago,0
1897,1128.0, 35 ,, sp ,mercado,10,1,quatrocentos,10,nao,1,pendente,0
1898,1571.0,22,,PE,Roupas,2,0,0,25.5,,1,,0
1899,1028.0,22,m,PE,,15,2,quatrocentos,0,sim,0,pendente,1
1900,2033.0,42,Masculino,,Roup@,5,4,200,0,não,1,cancelado,
1901,1241.0,trinta,, sp ,Roupas,0,3,100,R$ 30,SIM,nao,PAGO,3
1902,1231.0,22,M,,Mercado,2,2,0,25.5,,nao,pago,4
1903,1788.0,30,,,Mercado,999,0,300,10,NAO,1,pago,0
1904,1714.0,42,f,XX,ELETRONICOS,0,3,100,20,NAO,nao,pago,3
1905,1758.0,35,f,RJ,Casa,,100,150,0,Sim ,0,pago,4
1906,1801.0,18,f,CE,roupas ,0,5,R$400,0,Sim ,1,cancelado,3
1907,1775.0,42,,ce,Mercado,-5,100,50,25.5,,1,cancelado,1
1908,1725.0,18,Feminino,SP,eletronicos,25,3,0,25.5,,0,PAGO,0
1909,1199.0,25,,SP,ELETRONICOS,999,5,quatrocentos,0,nao,nao,,0
1910,1944.0,trinta,f,XX,mercado,999,6,300,0,,0,pendente,0
1911,1078.0,35,m,RJ,roupas ,,100,0,R$ 30,sim,sim,PAGO,1
1912,1955.0,trinta,M,,roupas ,0,0,0,0,nao,nao,pago,4
1913,1855.0,35,  M,,mercado,2,2,300,gratis,sim,0,pago,0
1914,1466.0,trinta,f,,Casa,,2,50,0,sim,1,PAGO,10
1915,1580.0,42,, sp ,casa,10,5,150,20,SIM,1,pago,10
1916,1939.0,trinta,m,ce,casa,,5,0,20,Sim ,1,PAGO,3
1917,1448.0,30,M,RJ,Eletronicos,-5,5,50,,Sim ,sim,pago,0
1918,1086.0,35,Masculino,RJ,Eletronicos,10,4,300,R$ 30,NAO,1,,10
1919,1100.0,,F,XX,ELETRONICOS,,0,quatrocentos,10,Sim ,1,pago,
1920,2031.0,18,m,ce,Eletronicos,-5,5,50,25.5,Sim ,1,,4
1921,1844.0,35,Feminino, sp ,Eletronicos,-5,1,R$ 400,10,SIM,0,cancelado,10
1922,1086.0,25,m, sp ,mercado,-5,5,150,0,nao,0,pago,10
1923,1042.0,30,m,,casa,5,1,0,25.5,sim,nao,PAGO,0
1924,1407.0,30,Feminino,CE,Eletronicos,15,4,300.0,0,nao,nao,pendente,4
1925,1663.0,55,Masculino,,Mercado,999,1,300,25.5,,nao,cancelado,
1926,2040.0,,,ce,eletronicos,5,6,300,R$ 30,,nao,,0
1927,1147.0,35,M, sp ,Mercado,15,6,,,,1,pendente,4
1928,1276.0,22,m, sp ,Casa,999,1,100,gratis,SIM,1,,3
1929,1231.0,42,m,CE,Mercado,10,0,300,,não,1,cancelado,2
1930,1365.0,,Feminino,RJ,ELETRONICOS,0,4,300.0,gratis,NAO,1,pendente,10
1931,1435.0,42,, sp ,Eletronicos,5,2,300,gratis,NAO,cancelado,,
1932,1398.0,trinta,m,,Eletronicos,999,1,quatrocentos,,NAO,sim,,
1933,1498.0,trinta,m, sp ,,999,3,quatrocentos,R$ 30,nao,nao,cancelado,
1934,1539.0,,Feminino, sp ,mercado,2,8,R$400,,sim,1,pendente,10
1935,1562.0,42,,CE,Roup@,10,0,100,10,sim,0,,0
1936,1441.0, 35 ,Feminino,,Casa,5,5,100,25.5,sim,0,pago,10
1937,1772.0,,m,PE,Mercado,-5,8,150,10,NAO,cancelado,cancelado,2
1938,1349.0,30,f,SP,Roup@,-5,2,100,25.5,,0,cancelado,0
1939,1519.0,30,M,CE,roupas ,15,4,150,0,NAO,1,pago,4
1940,1137.0,18,,RJ,eletronicos,999,6,300,gratis,nao,1,pendente,
1941,1991.0,35,f,RJ,eletronicos,10,5,0,gratis,nao,cancelado,,3
1942,,55,Feminino,ce,casa,,6,50,25.5,,1,cancelado,3
1943,1359.0,42,m,CE,Eletronicos,25,2,quatrocentos,10,NAO,1,,4
1944,1920.0,35,Feminino,XX,casa,5,8,300,10,não,nao,pago,1
1945,1328.0,30,,CE,,,0,300,20,não,sim,,
1946,1961.0,25,,PE,mercado,2,100,0,gratis,,0,PAGO,10
1947,1462.0,42,m, sp ,,999,6,300,gratis,nao,nao,cancelado,0
1948,1945.0,35,m,CE,Casa,0,8,,10,NAO,0,,
1949,1962.0,30,f,XX,Casa,2,1,R$400,gratis,sim,sim,,3
1950,1835.0,30,  M,XX,roupas ,15,100,R$ 400,10,sim,cancelado,pendente,4
1951,1168.0,30,m,RJ,ELETRONICOS,10,6,quatrocentos,20,não,1,pendente,3
1952,1216.0,trinta,,PE,Casa,-5,4,200,25.5,não,1,pago,
1953,1377.0,22,, sp ,Casa,-5,100,150,25.5,NAO,cancelado,,
1954,1118.0, 35 ,Feminino,XX,Casa,0,1,300,20,NAO,0,pago,
1955,1189.0, 35 ,f,PE,,999,2,,gratis,sim,1,cancelado,
1956,1766.0,trinta,Masculino,,eletronicos,-5,3,200,,nao,0,pago,3
1957,1369.0,trinta,F,,ELETRONICOS,15,1,300,0,Sim ,0,PAGO,
1958,1148.0,42,Feminino,,ELETRONICOS,-5,2,quatrocentos,gratis,nao,cancelado,pago,4
1959,1651.0,30,m, sp ,Roupas,2,2,,10,,sim,pago,2
1960,1769.0,30,Feminino,SP,Mercado,10,8,100,R$ 30,sim,nao,cancelado,3
1961,1373.0,42,Masculino,SP,mercado,5,6,50,0,nao,1,,3
1962,1780.0,35,F,PE,Eletronicos,-5,100,R$ 400,20,sim,0,,1
1963,1159.0,42,Masculino,,Casa,,5,200,25.5,NAO,nao,,2
1964,1350.0,55,Masculino,RJ,Casa,25,100,200,25.5,,nao,PAGO,1
1965,1891.0,55,, sp ,,,100,150,,,nao,pago,4
1966,1522.0, 35 ,,SP,Roupas,999,2,quatrocentos,gratis,Sim ,sim,cancelado,
1967,1521.0,30,  M,CE,,2,100,200,25.5,Sim ,1,cancelado,
1968,1782.0,42,m,ce,Eletronicos,5,3,quatrocentos,gratis,,0,,10
1969,1272.0,42,f,,ELETRONICOS,0,3,,,,nao,cancelado,
1970,1935.0,35,Feminino,SP,roupas ,25,100,R$ 400,,NAO,1,,0
1971,1182.0,18,m,,eletronicos,-5,8,200,10,SIM,nao,pago,4
1972,1487.0, 35 ,,,Casa,,0,R$400,10,NAO,1,pendente,2
1973,1845.0, 35 ,,RJ,mercado,15,8,0,20,não,cancelado,,10
1974,1123.0, 35 ,Feminino,CE,mercado,999,100,300.0,R$ 30,nao,1,,4
1975,1984.0,,f,PE,Casa,15,0,200,10,Sim ,1,PAGO,2
1976,1789.0,30,  M,,mercado,10,4,150,gratis,,1,pendente,10
1977,1413.0,trinta,m,RJ,roupas ,5,2,100,25.5,NAO,1,,1
1978,1685.0,25,,SP,mercado,999,5,quatrocentos,10,sim,nao,,3
1979,1112.0,18,M,XX,Roup@,999,2,300.0,10,sim,sim,pago,4
1980,1887.0,,m,PE,Eletronicos,10,4,50,gratis,nao,0,pendente,
1981,1121.0,30,Masculino, sp ,Roupas,2,2,200,,sim,sim,pendente,4
1982,1038.0,55,Masculino,ce,Roupas,0,5,50,10,,cancelado,,10
1983,1496.0,35,F,SP,,25,6,300.0,25.5,,1,pendente,3
1984,,trinta,,SP,casa,999,1,300,R$ 30,NAO,cancelado,PAGO,4
1985,1942.0,55,Masculino,,eletronicos,0,0,quatrocentos,25.5,SIM,0,pago,
1986,1148.0,trinta,  M,SP,Eletronicos,15,2,300.0,,,cancelado,cancelado,4
1987,2021.0,30,  M,,Casa,5,5,R$400,R$ 30,não,cancelado,pago,10
1988,1660.0, 35 ,Masculino,,Roup@,999,0,50,25.5,sim,1,,0
1989,1301.0,,,CE,roupas ,25,5,R$400,,NAO,sim,pendente,10
1990,1237.0,trinta,,CE,casa,999,3,300.0,25.5,SIM,cancelado,pago,10
1991,1646.0,22,f,PE,,25,6,300,0,Sim ,1,cancelado,2
1992,1662.0, 35 ,f,SP,eletronicos,0,1,quatrocentos,,,sim,PAGO,0
1993,1235.0, 35 ,,CE,eletronicos,25,1,50,25.5,,1,pago,
1994,1202.0,35,M,,Mercado,10,0,150,,,0,pago,3
1995,1255.0,,f,RJ,Eletronicos,999,8,50,,,1,PAGO,1
1996,1597.0,18,Feminino,CE,Roup@,10,3,0,0,,1,PAGO,4
1997,1661.0,55,f,SP,ELETRONICOS,15,0,300,25.5,,1,,10
1998,1234.0,trinta,Feminino,,roupas ,0,0,quatrocentos,,,cancelado,pendente,4
1999,1533.0,trinta,Masculino,ce,casa,5,1,200,,Sim ,0,pago,2
2000,1859.0,30,,XX,Casa,-5,8,200,25.5,nao,0,,4
2001,1769.0, 35 ,, sp ,Roupas,25,2,100,gratis,,1,PAGO,1
2002,1540.0,42,f,CE,casa,25,2,,R$ 30,não,0,cancelado,3
2003,1212.0,25,f, sp ,,25,2,0,25.5,NAO,0,pendente,3
2004,1462.0,42,,XX,,5,5,R$400,10,NAO,cancelado,cancelado,1
2005,1435.0,trinta,f,SP,mercado,,8,50,0,sim,cancelado,PAGO,1
2006,1282.0,42,F,,,10,4,300,20,SIM,0,pago,2
2007,1087.0,35,F,,eletronicos,-5,4,300,gratis,não,cancelado,,0
2008,2067.0,22,M,XX,Casa,25,100,150,gratis,SIM,1,PAGO,
2009,1460.0,trinta,Masculino,SP,roupas ,25,100,50,25.5,,1,PAGO,0
2010,1277.0,trinta,Feminino, sp ,,15,8,150,20,,cancelado,,10
2011,1420.0,22,, sp ,Roup@,0,4,50,,,1,PAGO,4
2012,1695.0,55,Masculino,XX,ELETRONICOS,-5,0,300.0,R$ 30,não,0,pendente,4
2013,1514.0,22,Feminino, sp ,,-5,3,R$400,25.5,NAO,cancelado,pago,1
2014,1702.0,42,Feminino,SP,mercado,999,3,50,10,NAO,0,cancelado,10
2015,1018.0,35,m,,Casa,25,8,R$400,,não,0,,1
2016,1022.0,30,f,PE,Casa,-5,100,200,gratis,SIM,0,pago,2
2017,1412.0,55,M,,eletronicos,15,4,R$ 400,,nao,0,pendente,10
2018,2053.0,30,f,,Eletronicos,,4,0,gratis,Sim ,1,pago,10
2019,1107.0,30,M,RJ,mercado,25,1,200,R$ 30,Sim ,1,cancelado,4
2020,1135.0,18,Masculino,RJ,eletronicos,10,1,quatrocentos,20,,cancelado,pago,
2021,1361.0,18,,,casa,25,3,,0,sim,cancelado,pendente,0
2022,1128.0,18,,SP,,,8,150,R$ 30,sim,0,,3
2023,1514.0,,Masculino,,mercado,999,100,300.0,20,nao,cancelado,,0
2024,1448.0,18,F,PE,ELETRONICOS,2,4,,,SIM,sim,pago,0
2025,1873.0,35,Feminino,SP,,25,2,50,0,nao,1,PAGO,1
2026,1472.0,30,M,RJ,Roupas,0,6,quatrocentos,20,NAO,nao,pago,4
2027,2033.0, 35 ,  M,RJ,casa,5,6,,R$ 30,SIM,1,PAGO,
2028,1301.0,25,f,RJ,ELETRONICOS,0,100,R$ 400,0,não,sim,,3
2029,1230.0,55,Masculino,SP,Roup@,,4,50,,,0,pendente,0
2030,1922.0,,Feminino,,eletronicos,15,0,100,10,Sim ,sim,,0
2031,2089.0,30,M,,ELETRONICOS,10,3,quatrocentos,10,sim,0,PAGO,1
2032,1936.0,42,,,Eletronicos,,2,quatrocentos,0,,1,,10
2033,1111.0,trinta,f,RJ,Mercado,5,100,300.0,25.5,SIM,0,pago,2
2034,2036.0,18,,XX,Roupas,,6,150,20,SIM,1,,4
2035,1499.0,30,Masculino,SP,Roup@,5,0,300,R$ 30,não,0,pago,4
2036,1931.0,trinta,,PE,Casa,10,100,R$ 400,10,,1,pago,4
2037,1597.0,25,M, sp ,eletronicos,-5,1,R$ 400,R$ 30,,nao,,0
2038,1233.0,30,,ce,casa,5,1,300.0,20,NAO,0,pendente,0
2039,1601.0,30,f,,Mercado,2,5,50,,,nao,cancelado,0
2040,1313.0,30,F,PE,mercado,,100,50,0,NAO,1,pago,10
2041,1565.0,,Feminino,ce,,0,8,100,gratis,,sim,pago,2
2042,2035.0,18,F,PE,eletronicos,,8,150,0,,1,PAGO,0
2043,1208.0,25,Masculino,,roupas ,10,2,0,20,,sim,,4
2044,2037.0,42,F,,eletronicos,10,3,200,10,Sim ,1,,10
2045,2043.0, 35 ,m,RJ,,10,4,300,,nao,1,pago,0
2046,1586.0,22,Feminino,CE,roupas ,5,2,quatrocentos,20,nao,0,pendente,1
2047,2014.0,,M, sp ,Casa,0,100,,,sim,0,cancelado,2
2048,2093.0,18,Feminino,SP,Roup@,10,5,200,gratis,NAO,sim,cancelado,3
2049,1697.0,trinta,m,SP,Roupas,25,8,300.0,10,NAO,nao,cancelado,0
2050,1131.0,25,  M,RJ,eletronicos,25,100,200,,,1,pendente,
2051,2043.0,30,F,,Casa,10,5,,gratis,NAO,sim,cancelado,3
2052,1535.0,,Feminino,RJ,mercado,10,6,quatrocentos,,nao,0,,0
2053,2013.0,35,,XX,Mercado,2,4,300,25.5,SIM,0,pago,0
2054,1226.0,25,M,,Eletronicos,0,0,0,R$ 30,,1,PAGO,3
2055,1821.0,trinta,,,ELETRONICOS,10,1,0,0,,1,cancelado,4
2056,1870.0,,Masculino,CE,Casa,2,1,,25.5,NAO,cancelado,PAGO,2
2057,1404.0,22,Masculino,XX,Mercado,,5,0,20,nao,0,PAGO,10
2058,1201.0,22,Masculino,XX,roupas ,2,100,200,25.5,não,1,PAGO,10
2059,1037.0,55,Feminino,,Casa,25,2,50,0,nao,1,pendente,
2060,1941.0, 35 ,F,ce,mercado,25,3,R$400,10,Sim ,nao,pago,3
2061,1187.0,trinta,Feminino,,Casa,5,0,50,R$ 30,NAO,nao,,3
2062,2080.0,22,f,,Roupas,2,5,R$400,gratis,,0,,2
2063,1940.0,55,,,roupas ,0,3,quatrocentos,,sim,0,,3
2064,2043.0,55,, sp ,eletronicos,-5,6,50,10,,nao,cancelado,10
2065,1272.0,,, sp ,casa,,6,150,R$ 30,SIM,sim,,0
2066,1582.0,55,,CE,Eletronicos,999,5,100,25.5,,cancelado,pago,1
2067,1515.0,25,m, sp ,eletronicos,10,5,300,20,não,nao,PAGO,
2068,1525.0,55,f,PE,ELETRONICOS,,6,300,25.5,nao,nao,pago,0
2069,1335.0,18,M,PE,Casa,2,2,R$400,0,Sim ,sim,PAGO,4
2070,1697.0,trinta,,SP,Roup@,0,6,R$400,0,SIM,1,PAGO,1
2071,2078.0,18,Masculino,PE,Casa,5,2,quatrocentos,20,não,sim,cancelado,3
2072,1499.0,35,Feminino,ce,,,3,R$400,R$ 30,SIM,0,pago,4
2073,1899.0,22,m,ce,roupas ,,2,100,10,Sim ,0,pago,
2074,1765.0, 35 ,,ce,Roupas,999,1,100,,Sim ,nao,pago,1
2075,,55,  M,PE,Casa,-5,1,150,,NAO,cancelado,,1
2076,1161.0,30,M,CE,ELETRONICOS,0,100,R$400,0,sim,1,,3
2077,1593.0,30,Masculino,,mercado,5,4,300,0,NAO,0,PAGO,4
2078,1158.0,22,,RJ,Casa,15,5,R$400,20,nao,cancelado,pendente,10
2079,,35,Feminino,SP,eletronicos,-5,8,R$ 400,10,,nao,,10
2080,1914.0,30,,,casa,0,2,300.0,25.5,SIM,1,pago,4
2081,1210.0,18,M,XX,Roup@,,100,200,gratis,NAO,nao,,1
2082,1405.0,30,  M,,ELETRONICOS,25,4,R$400,20,Sim ,cancelado,cancelado,4
2083,1663.0,25,m,SP,ELETRONICOS,0,1,150,10,Sim ,sim,PAGO,
2084,2099.0,42,,,roupas ,0,0,150,gratis,Sim ,0,,10
2085,1541.0,30,Feminino,,ELETRONICOS,999,4,R$ 400,,NAO,sim,,4
2086,1997.0, 35 ,Masculino,,Roup@,999,8,150,20,,nao,pendente,0
2087,1926.0,55,,PE,eletronicos,0,3,300.0,25.5,nao,1,pendente,3
2088,1867.0, 35 ,,RJ,casa,999,100,150,25.5,nao,cancelado,cancelado,10
2089,1018.0,trinta,m, sp ,,-5,5,,10,não,sim,pago,3
2090,1431.0,25,F,RJ,,2,5,0,10,NAO,1,pago,0
2091,1739.0,18,F,,Mercado,25,3,quatrocentos,25.5,NAO,nao,,
2092,1182.0,35,Masculino,RJ,Casa,25,100,R$400,25.5,,1,,
2093,1112.0,25,  M,SP,ELETRONICOS,,3,150,20,NAO,0,,1
2094,1480.0,42,,,,-5,2,100,R$ 30,NAO,cancelado,,2
2095,1830.0,30,, sp ,mercado,-5,100,100,,Sim ,0,pago,10
2096,1762.0,,,,Roupas,5,100,R$400,R$ 30,,1,pago,1
2097,,30,m,XX,mercado,999,4,R$ 400,10,sim,0,,0
2098,1762.0,35,F,RJ,eletronicos,10,4,quatrocentos,gratis,NAO,sim,PAGO,4
2099,1970.0,35,f,,Mercado,,6,300.0,25.5,,nao,,0
2100,2019.0,30,M,CE,roupas ,0,100,300.0,gratis,NAO,0,,3
2101,1160.0,30,m,CE,eletronicos,,0,150,10,sim,nao,pendente,4
2102,1400.0,30,,,mercado,,3,100,,,1,pendente,1
2103,1197.0,30,  M,,Roup@,-5,6,150,10,NAO,sim,cancelado,4
2104,1659.0,30,  M, sp ,Casa,999,8,300,0,,1,pendente,3
2105,2070.0,35,M,ce,eletronicos,5,6,150,25.5,sim,nao,,0
2106,1398.0,22,  M,SP,Eletronicos,25,3,150,,Sim ,1,,
2107,1077.0,22,  M,,Casa,10,100,50,R$ 30,não,cancelado,PAGO,1
2108,1123.0, 35 ,f, sp ,Eletronicos,2,4,300.0,R$ 30,NAO,1,,2
2109,1074.0,22,  M,,ELETRONICOS,0,2,300,10,não,cancelado,pago,
2110,1136.0,42,,,Roupas,,100,50,10,NAO,1,,2
2111,1601.0,22,m,,eletronicos,5,3,200,25.5,SIM,1,pago,0
2112,1836.0,35,F,,Casa,,6,300,0,,sim,,1
2113,1499.0,30,  M,,roupas ,999,5,200,0,nao,0,pendente,
2114,1137.0,55,Masculino,RJ,Eletronicos,,2,150,0,SIM,nao,PAGO,
2115,1049.0,55,Masculino,RJ,casa,25,1,,0,Sim ,1,,1
2116,1972.0,42,Masculino,SP,mercado,5,100,,,não,0,cancelado,4
2117,1253.0,trinta,  M,CE,Casa,0,3,R$400,20,não,sim,,
2118,1709.0,35,,PE,Roupas,-5,8,100,25.5,sim,sim,cancelado,10
2119,1562.0,18,,SP,eletronicos,10,100,,25.5,,1,cancelado,0
2120,1756.0,25,Feminino,SP,Casa,0,100,50,25.5,sim,0,cancelado,4
2121,1546.0, 35 ,  M,ce,,0,6,R$400,,NAO,1,cancelado,0
2122,1921.0,18,,PE,eletronicos,999,0,R$ 400,R$ 30,sim,sim,,3
2123,1580.0,35,Feminino,CE,Roup@,2,100,R$400,,sim,1,pago,0
2124,1048.0,22,M,,Eletronicos,15,3,quatrocentos,0,não,nao,,4
2125,1916.0,30,f,PE,Casa,2,6,,0,SIM,1,pago,1
2126,2097.0,,,ce,Casa,999,5,100,R$ 30,não,nao,pago,0
2127,1703.0,18,  M,XX,Roupas,5,8,0,,,nao,,
2128,1260.0,25,m,SP,Roupas,999,8,,R$ 30,sim,0,,1
2129,1355.0,trinta,m,,mercado,10,100,0,10,NAO,0,,3
2130,,55,m,SP,roupas ,999,1,100,20,SIM,cancelado,,2
2131,1742.0,trinta,M,ce,eletronicos,0,6,150,R$ 30,,1,pago,2
2132,2009.0,25,M,SP,Mercado,2,5,300,25.5,sim,1,cancelado,2
2133,1930.0,30,Feminino,SP,mercado,-5,4,R$ 400,20,sim,nao,PAGO,0
2134,1640.0,22,M,PE,Roupas,-5,1,100,,nao,1,pendente,3
2135,1791.0,25,Masculino,PE,,0,4,150,R$ 30,,cancelado,pendente,3
2136,1611.0, 35 ,f,,Mercado,2,8,300,25.5,NAO,1,PAGO,1
2137,1808.0,25,Masculino, sp ,ELETRONICOS,25,4,quatrocentos,0,NAO,1,pendente,10
2138,1685.0,,  M,,Mercado,2,1,300,,sim,1,pago,
2139,1187.0,35,Feminino,XX,Eletronicos,2,1,50,0,sim,1,,4
2140,1984.0,22,,PE,Casa,0,1,300,25.5,não,0,,3
2141,1547.0,30,Feminino,SP,Roupas,999,5,150,gratis,Sim ,nao,,0
2142,1724.0,55,,,Casa,2,8,200,,NAO,1,,3
2143,1925.0,55,f,SP,mercado,5,100,300.0,0,,0,PAGO,2
2144,1875.0,25,M,CE,Roup@,25,0,300.0,10,,sim,PAGO,4
2145,1617.0,35,M,,Roupas,999,2,300,R$ 30,NAO,nao,pago,1
2146,1413.0,18,  M,,Roupas,15,100,quatrocentos,0,,cancelado,PAGO,
2147,1902.0,trinta,m,CE,casa,25,4,300,10,,sim,,0
2148,1162.0,trinta,F,XX,Casa,25,5,300,20,,1,,2
2149,1269.0,trinta,Feminino,SP,Roupas,10,5,150,,nao,sim,,3
2150,1631.0,,Feminino, sp ,,0,4,100,0,não,1,pago,4
2151,1905.0,18,  M,ce,Roup@,25,6,0,R$ 30,,cancelado,pago,4
2152,1204.0,35,Masculino,CE,Roup@,5,1,100,0,SIM,nao,,0
2153,1581.0,trinta,,SP,Eletronicos,15,2,100,R$ 30,nao,nao,cancelado,1
2154,1840.0, 35 ,  M,SP,eletronicos,15,4,R$400,20,nao,cancelado,,2
2155,1595.0,18,F, sp ,Roupas,-5,4,100,R$ 30,SIM,cancelado,pago,10
2156,1249.0,18,M,CE,Roup@,-5,0,R$ 400,10,,1,cancelado,1
2157,1874.0,30,,PE,Roup@,,100,R$ 400,gratis,SIM,0,,
2158,1195.0,30,Masculino,ce,Eletronicos,5,4,300,,NAO,1,pago,0
2159,1689.0,22,Masculino,SP,casa,0,6,200,R$ 30,Sim ,0,pago,2
2160,2093.0, 35 ,f,SP,eletronicos,5,4,quatrocentos,,,cancelado,cancelado,0
2161,1638.0, 35 ,F,XX,roupas ,,4,300,R$ 30,Sim ,0,pendente,2
2162,1671.0,22,Masculino,XX,Roupas,5,100,R$ 400,,,1,,4
2163,1943.0, 35 ,F, sp ,roupas ,0,4,R$ 400,10,não,cancelado,cancelado,4
2164,1198.0,42,  M,CE,roupas ,999,6,quatrocentos,,,0,PAGO,2
2165,1491.0,30,,RJ,mercado,0,100,quatrocentos,25.5,SIM,1,cancelado,1
2166,1895.0,trinta,,,casa,10,3,R$400,25.5,SIM,1,pago,
2167,1141.0,30,Feminino,CE,mercado,25,8,300,25.5,sim,0,pago,0
2168,1164.0,22,M,SP,Casa,15,8,R$ 400,R$ 30,não,0,,10
2169,1313.0,22,Feminino,,Mercado,2,1,300.0,20,nao,1,PAGO,4
2170,1020.0, 35 ,Masculino,XX,,25,2,quatrocentos,10,nao,0,cancelado,1
2171,1983.0,18,f,,Eletronicos,25,5,100,R$ 30,não,sim,PAGO,3
2172,1304.0,55,Feminino,PE,Roup@,-5,0,300.0,,NAO,1,,1
2173,1370.0,,Feminino,PE,Roup@,-5,6,150,0,NAO,sim,pendente,
2174,1852.0,25,Feminino,XX,eletronicos,5,8,50,R$ 30,não,nao,PAGO,4
2175,1383.0,25,F,CE,,15,3,R$ 400,25.5,Sim ,nao,,0
2176,1444.0,22,  M,,casa,2,6,50,10,não,nao,pendente,1
2177,1424.0,trinta,f,SP,Roup@,25,100,0,0,Sim ,1,cancelado,
2178,1160.0,42,,CE,,25,3,200,10,NAO,0,,1
2179,1628.0,trinta,F,XX,mercado,15,6,quatrocentos,20,,nao,,0
2180,1894.0,22,Masculino, sp ,Mercado,-5,8,R$400,25.5,não,cancelado,,4
2181,1489.0,trinta,f,RJ,mercado,0,5,200,gratis,Sim ,0,PAGO,3
2182,2016.0,30,,CE,roupas ,10,0,,R$ 30,sim,0,pendente,3
2183,1326.0,trinta,f,ce,Casa,5,0,0,,sim,1,cancelado,3
2184,1597.0, 35 ,,PE,Roup@,15,6,quatrocentos,25.5,não,1,,2
2185,2014.0, 35 ,,ce,,,8,200,25.5,SIM,0,pago,2
2186,1288.0,42,Feminino,CE,roupas ,25,3,R$ 400,20,não,sim,,3
2187,1592.0,30,Feminino,CE,Roup@,2,8,300.0,0,NAO,sim,,1
2188,1572.0,55,,ce,Roupas,10,8,200,25.5,NAO,1,cancelado,2
2189,1027.0,18,, sp ,ELETRONICOS,,4,150,0,,nao,PAGO,3
2190,1953.0,30,Masculino,ce,Eletronicos,-5,4,200,0,sim,1,,1
2191,1042.0,35,M,SP,Eletronicos,10,3,300.0,20,Sim ,0,,2
2192,1422.0,30,M,,Roup@,2,8,200,25.5,sim,0,PAGO,1
2193,1176.0,22,F,ce,Mercado,15,5,R$ 400,R$ 30,Sim ,0,pendente,0
2194,1528.0,35,Masculino,ce,casa,,3,300.0,20,,cancelado,PAGO,4
2195,1965.0,42,f,,eletronicos,-5,6,300.0,20,não,0,cancelado,4
2196,1197.0,35,M,RJ,Mercado,25,6,R$400,gratis,SIM,nao,,4
2197,1609.0, 35 ,f,ce,casa,0,6,300,R$ 30,NAO,sim,pago,0
2198,1841.0,trinta,f,ce,Mercado,2,2,R$ 400,20,não,1,,4
2199,1852.0,18,f,SP,Roupas,-5,8,300,gratis,sim,1,,4
2200,1021.0,25,M,PE,Mercado,25,8,300.0,0,nao,0,,2
2201,2080.0,22,,SP,eletronicos,-5,4,R$ 400,R$ 30,nao,cancelado,cancelado,
2202,2089.0,25,m,ce,Eletronicos,25,6,200,R$ 30,não,1,,2
2203,1841.0,trinta,f,SP,Mercado,25,4,quatrocentos,0,SIM,0,pago,10
2204,1097.0, 35 ,Masculino,,mercado,10,4,50,10,Sim ,sim,pendente,2
2205,1434.0, 35 ,  M, sp ,casa,25,6,300.0,R$ 30,,sim,cancelado,3
2206,1636.0,trinta,Feminino,,Casa,999,100,quatrocentos,,SIM,0,PAGO,
2207,,22,Masculino,,casa,999,8,100,10,sim,0,cancelado,10
2208,1343.0,25,,,Eletronicos,5,2,quatrocentos,0,SIM,0,PAGO,10
2209,1570.0,30,M,ce,Mercado,2,6,,25.5,,0,cancelado,4
2210,1610.0, 35 ,  M,ce,mercado,5,5,R$ 400,10,NAO,1,pago,3
2211,1242.0,25,Feminino, sp ,,-5,6,300,20,nao,0,pendente,
2212,1560.0,55,Masculino,CE,Mercado,10,0,,R$ 30,,cancelado,,
2213,1959.0,25,  M,,,999,0,300,,SIM,1,cancelado,2
2214,1031.0,55,m,SP,Mercado,15,3,50,10,não,sim,,3
2215,1390.0,55,M, sp ,Roup@,999,100,300.0,R$ 30,Sim ,nao,cancelado,3
2216,1276.0, 35 ,,,Roupas,5,6,0,0,NAO,1,pendente,3
2217,1531.0,22,F,RJ,eletronicos,25,8,300.0,25.5,NAO,1,pendente,3
2218,1382.0,42,m,SP,,0,100,quatrocentos,0,NAO,1,pendente,10
2219,2091.0, 35 ,,ce,Roupas,2,8,quatrocentos,25.5,,cancelado,pendente,4
2220,1883.0,22,,,Casa,2,100,300.0,R$ 30,sim,nao,pendente,2
2221,1213.0,22,m, sp ,Eletronicos,,1,quatrocentos,10,sim,sim,,10
2222,1375.0,35,Feminino,,Mercado,25,1,100,20,não,1,,1
2223,1743.0,trinta,  M,,ELETRONICOS,15,3,150,20,,nao,,
2224,1212.0,trinta,M,XX,Roupas,2,100,150,0,Sim ,1,cancelado,1
2225,1078.0,trinta,  M,ce,roupas ,10,1,150,R$ 30,SIM,nao,,1
2226,1627.0,30,f,SP,ELETRONICOS,15,1,R$400,25.5,não,0,,
2227,1603.0,,Masculino,ce,Roupas,25,5,300,10,sim,sim,PAGO,0
2228,1781.0, 35 ,,XX,roupas ,25,0,quatrocentos,,não,0,cancelado,2
2229,2000.0,22,f,XX,Eletronicos,999,2,R$400,25.5,Sim ,1,pendente,4
2230,1679.0,35,f,SP,Mercado,10,4,150,25.5,,cancelado,PAGO,3
2231,1057.0,55,,XX,mercado,-5,6,300.0,25.5,não,sim,,1
2232,2049.0,42,Masculino, sp ,mercado,0,1,quatrocentos,R$ 30,,0,cancelado,
2233,1880.0,42,Feminino,XX,Roupas,0,4,R$400,10,nao,0,PAGO,2
2234,1446.0,55,Masculino,,Mercado,,4,quatrocentos,R$ 30,nao,0,,4
2235,1065.0,25,M,PE,Roupas,-5,100,100,,NAO,nao,,1
2236,2067.0,25,  M,CE,Eletronicos,-5,100,100,25.5,SIM,1,pendente,2
2237,2011.0,trinta,Feminino,,roupas ,2,6,300,,,nao,PAGO,
2238,1226.0, 35 ,F,,Mercado,2,0,R$ 400,,sim,nao,pago,10
2239,1773.0,30,  M,RJ,ELETRONICOS,,4,0,R$ 30,,nao,pendente,4
2240,1678.0,35,Feminino,RJ,roupas ,,0,150,20,sim,nao,,
2241,1600.0,42,Masculino,SP,ELETRONICOS,10,3,50,0,nao,cancelado,,10
2242,1378.0,,,RJ,ELETRONICOS,999,2,300,gratis,,0,cancelado,2
2243,1708.0,trinta,Masculino,ce,Eletronicos,,6,50,25.5,Sim ,1,,3
2244,1306.0,18,F,,eletronicos,2,5,R$ 400,,Sim ,1,pago,2
2245,1778.0,trinta,Feminino,CE,eletronicos,10,0,0,20,Sim ,1,PAGO,2
2246,1503.0,18,M,SP,Mercado,0,1,0,R$ 30,sim,0,cancelado,0
2247,1267.0,30,Masculino,SP,Casa,15,3,300.0,,NAO,sim,,3
2248,1007.0,22,Feminino,PE,casa,999,8,quatrocentos,20,,nao,PAGO,10
2249,1507.0,,  M,,eletronicos,,4,100,0,SIM,1,,2
2250,1475.0,55,F,SP,Mercado,-5,5,R$ 400,0,Sim ,1,,3
2251,1163.0,22,M,,ELETRONICOS,2,0,R$400,gratis,sim,1,pago,2
2252,1484.0,trinta,Feminino,XX,mercado,5,1,R$ 400,gratis,NAO,sim,pendente,
2253,2095.0,22,m,,eletronicos,2,1,0,,Sim ,1,PAGO,3
2254,1566.0,35,Masculino,CE,Eletronicos,,8,0,gratis,,0,pago,4
2255,1904.0,30,F,ce,Mercado,15,100,300,10,Sim ,cancelado,,
2256,1558.0,30,M,,casa,999,4,0,10,SIM,1,,1
2257,1237.0,30,M,PE,,25,0,R$ 400,20,nao,cancelado,,0
2258,1553.0,42,f,SP,Roupas,25,8,300,R$ 30,SIM,sim,pago,1
2259,1827.0,35,F, sp ,Casa,25,2,200,0,não,0,,2
2260,1467.0,,M,SP,ELETRONICOS,25,5,300,25.5,nao,sim,PAGO,2
2261,1385.0,22,Feminino,RJ,ELETRONICOS,10,100,150,0,nao,sim,,4
2262,1774.0,,f,,Roupas,0,100,0,10,,1,,2
2263,1847.0,30,  M,RJ,eletronicos,2,3,300.0,20,nao,nao,PAGO,10
2264,1386.0,22,Feminino,SP,mercado,999,3,300,25.5,Sim ,sim,pago,0
2265,1876.0, 35 ,Masculino, sp ,Roupas,15,2,R$400,gratis,não,1,,10
2266,1258.0, 35 ,F,RJ,mercado,0,8,150,gratis,,nao,cancelado,1
2267,1282.0,25,Masculino,CE,ELETRONICOS,5,6,150,10,sim,sim,cancelado,
2268,1039.0,30,,RJ,casa,5,5,R$400,20,,0,,2
2269,1485.0,30,, sp ,,999,8,150,,SIM,sim,pendente,4
2270,1928.0, 35 ,F,RJ,eletronicos,2,4,300,R$ 30,nao,1,cancelado,2
2271,1219.0,25,  M,,,999,5,150,0,nao,1,,10
2272,2014.0,35,f,XX,Mercado,2,100,R$ 400,10,NAO,0,,1
2273,2023.0,,m,ce,ELETRONICOS,,100,,R$ 30,Sim ,1,pago,4
2274,1612.0,30,M,SP,Roupas,2,4,150,R$ 30,,cancelado,,4
2275,1927.0,25,m,,mercado,15,6,R$400,0,Sim ,sim,,1
2276,1687.0,55,,ce,mercado,,2,,25.5,não,sim,pago,4
2277,1612.0,,,XX,ELETRONICOS,2,3,R$ 400,0,SIM,cancelado,,
2278,1259.0,30,  M,,ELETRONICOS,,100,200,25.5,nao,cancelado,cancelado,
2279,1989.0,trinta,m,PE,casa,999,6,R$400,R$ 30,nao,cancelado,cancelado,0
2280,1965.0,,m,,casa,25,0,R$ 400,20,não,1,,0
2281,1365.0,25,f,CE,Roup@,0,5,quatrocentos,10,,cancelado,,2
2282,1543.0,22,  M, sp ,Roupas,25,2,150,0,Sim ,sim,pago,3
2283,1648.0,trinta,  M,SP,Eletronicos,15,8,150,20,SIM,cancelado,,2
2284,1813.0,55,F,,Roupas,15,6,0,20,Sim ,0,,3
2285,2039.0, 35 ,Masculino,ce,casa,999,2,150,0,SIM,nao,,1
2286,1574.0,18,  M,RJ,Roup@,999,6,R$ 400,gratis,,nao,PAGO,4
2287,2012.0,25,  M,SP,eletronicos,,0,200,R$ 30,Sim ,0,,2
2288,1669.0,35,Feminino,,ELETRONICOS,10,1,300,gratis,NAO,sim,pendente,4
2289,1268.0,25,,XX,Casa,999,4,150,25.5,nao,1,pago,2
2290,1923.0,18,m,,,10,1,200,20,,cancelado,pendente,2
2291,1246.0,55,M,,,5,2,quatrocentos,10,,1,PAGO,0
2292,1130.0,55,m,PE,Roupas,5,1,R$ 400,10,não,0,pendente,3
2293,1352.0,trinta,F,SP,Roupas,,6,R$400,20,,0,,1
2294,1195.0,30,F,SP,roupas ,15,6,0,gratis,,1,cancelado,3
2295,1929.0,35,F,SP,casa,25,1,quatrocentos,R$ 30,SIM,sim,pago,4
2296,2021.0,trinta,Masculino, sp ,Casa,5,4,150,20,não,nao,pago,2
2297,1644.0,35,M,XX,Mercado,,4,0,,SIM,0,,4
2298,1226.0,35,f, sp ,roupas ,-5,0,,25.5,,0,,0
2299,1700.0,18,Masculino,SP,Eletronicos,10,6,200,20,SIM,1,pendente,
2300,1264.0,trinta,F,PE,Roupas,0,2,300,0,nao,1,cancelado,2
2301,1645.0,35,Masculino,RJ,Roup@,-5,5,300,gratis,SIM,sim,,3
2302,1210.0,42,f,PE,Roup@,0,4,300,0,Sim ,cancelado,PAGO,3
2303,1942.0,18,,ce,Mercado,0,4,quatrocentos,0,sim,sim,PAGO,2
2304,1456.0,,M,XX,mercado,999,0,300,20,Sim ,cancelado,pendente,
2305,1724.0,55,Masculino,,roupas ,999,5,100,R$ 30,sim,sim,PAGO,1
2306,1981.0,18,M,SP,roupas ,25,3,300.0,20,nao,nao,cancelado,3
2307,1587.0,,f,,Roup@,15,4,100,R$ 30,nao,1,,1
2308,1475.0,22,,RJ,,25,1,300,10,Sim ,0,pago,4
2309,1985.0,22,M,,Roup@,,6,quatrocentos,R$ 30,sim,0,,0
2310,1155.0,35,F,PE,ELETRONICOS,0,4,0,0,,sim,,1
2311,1189.0,trinta,M,RJ,Roup@,10,6,R$ 400,20,,cancelado,pendente,1
2312,1980.0,55,  M, sp ,casa,10,2,300.0,10,,1,,
2313,1545.0,18,F,,Roup@,2,5,R$400,,,nao,pago,3
2314,1040.0,trinta,M,XX,,25,100,100,0,nao,0,,10
2315,1306.0,18,Feminino,PE,roupas ,0,0,R$ 400,10,SIM,1,pago,2
2316,1942.0,18,Feminino,RJ,ELETRONICOS,999,3,50,gratis,SIM,0,pendente,
2317,1337.0,42,F,PE,Eletronicos,,1,R$400,25.5,sim,0,pago,2
2318,2098.0,22,M,RJ,roupas ,-5,3,0,0,,1,PAGO,10
2319,1952.0,18,m,RJ,Roup@,2,0,quatrocentos,20,sim,1,,10
2320,1278.0,42,Masculino,,Roup@,-5,3,300.0,R$ 30,não,1,,
2321,1895.0,22,Feminino,PE,Roup@,,5,quatrocentos,gratis,SIM,1,,10
2322,1272.0,42,m,,ELETRONICOS,15,2,0,,Sim ,0,cancelado,4
2323,1836.0,trinta,,ce,Roupas,-5,1,0,10,não,1,cancelado,3
2324,1619.0,30,Masculino,XX,ELETRONICOS,,5,0,25.5,,sim,cancelado,3
2325,1861.0,22,F,ce,eletronicos,2,5,150,R$ 30,,nao,pendente,0
2326,1930.0,,Feminino,CE,casa,,6,300.0,0,sim,1,cancelado,2
2327,1288.0, 35 ,,SP,Casa,15,2,50,25.5,,0,,3
2328,1723.0,30,Feminino,ce,,999,100,100,gratis,nao,sim,,10
2329,1892.0,trinta,f, sp ,casa,10,2,150,25.5,Sim ,1,,4
2330,1271.0,18,Feminino,XX,Roup@,5,2,300,0,NAO,0,pago,
2331,2089.0,55,,SP,,999,5,R$400,gratis,NAO,1,PAGO,0
2332,1482.0,trinta,,,Casa,999,100,150,10,,sim,cancelado,2
2333,1935.0,42,F, sp ,Eletronicos,10,4,300,0,,sim,cancelado,2
2334,1247.0,42,,SP,mercado,999,6,300.0,25.5,,1,cancelado,2
2335,1155.0,42,Feminino,SP,roupas ,0,2,150,0,nao,1,PAGO,0
2336,2070.0,42,F,RJ,Roupas,,4,300,gratis,NAO,0,,
2337,1453.0,trinta,M,CE,mercado,0,100,100,25.5,nao,0,cancelado,
2338,1200.0,55,Feminino,,ELETRONICOS,999,2,200,10,Sim ,0,pago,4
2339,1123.0,25,  M,PE,eletronicos,5,1,,,nao,0,pendente,
2340,1000.0,42,Masculino,ce,Mercado,2,4,quatrocentos,,,0,PAGO,4
2341,1967.0,25,,XX,casa,5,4,300,R$ 30,sim,cancelado,pago,0
2342,1854.0,55,,CE,mercado,15,1,300.0,20,Sim ,sim,,3
2343,1639.0,55,f,RJ,eletronicos,,4,300,10,não,1,pago,2
2344,1190.0,30,  M,RJ,Roup@,-5,3,300.0,0,não,cancelado,PAGO,10
2345,1515.0,22,,SP,ELETRONICOS,,2,300,20,NAO,cancelado,,1
2346,1441.0, 35 ,Feminino,,ELETRONICOS,,4,50,R$ 30,,cancelado,PAGO,3
2347,1142.0,35,F,ce,roupas ,,0,300.0,R$ 30,,1,pendente,4
2348,1532.0, 35 ,  M,CE,Casa,999,8,R$ 400,gratis,sim,nao,pendente,2
2349,1226.0,trinta,,SP,Casa,0,100,300.0,R$ 30,,0,,4
2350,1948.0,35,Masculino,CE,,-5,0,150,,não,cancelado,,2
2351,1459.0,55,F, sp ,mercado,5,1,150,25.5,SIM,nao,,0
2352,1550.0,,f,,Eletronicos,2,2,300,25.5,,nao,pago,0
2353,1392.0, 35 ,m,XX,,25,2,R$400,gratis,SIM,0,,10
2354,1844.0,30,f,ce,Casa,999,0,200,R$ 30,NAO,0,pendente,0
2355,1209.0,22,  M,RJ,Casa,10,4,50,0,,1,,3
2356,1645.0, 35 ,,,Roup@,-5,100,200,10,NAO,1,PAGO,10
2357,1218.0,22,M,PE,Roup@,25,2,100,,NAO,sim,cancelado,10
2358,1406.0,25,,,eletronicos,999,4,quatrocentos,20,,0,pago,10
2359,1887.0,trinta,Masculino,ce,ELETRONICOS,0,1,R$ 400,gratis,não,sim,PAGO,4
2360,1557.0,22,  M, sp ,ELETRONICOS,0,3,200,R$ 30,sim,0,pago,2
2361,1549.0,25,M,ce,ELETRONICOS,-5,6,quatrocentos,0,nao,0,pago,1
2362,1141.0,42,F,XX,eletronicos,-5,100,50,0,nao,0,PAGO,4
2363,1611.0,25,M,XX,Mercado,15,1,,20,NAO,nao,pendente,2
2364,1500.0,trinta,Masculino,CE,Roup@,999,5,150,gratis,Sim ,1,,1
2365,1839.0,30,Feminino,SP,eletronicos,0,2,200,10,NAO,sim,pago,2
2366,1701.0,,,XX,ELETRONICOS,999,8,150,,,sim,,1
2367,1595.0,42,,,mercado,-5,4,200,10,,1,pendente,2
2368,1280.0,55,  M,PE,Roup@,2,5,quatrocentos,gratis,nao,1,,1
2369,1423.0,18,Masculino, sp ,Roupas,15,0,,25.5,nao,sim,,3
2370,1855.0,25,m,RJ,Casa,-5,2,150,,nao,1,pago,10
2371,1269.0,25,,XX,Roup@,,3,100,R$ 30,,1,cancelado,3
2372,1153.0,22,Masculino,RJ,Roup@,5,5,0,10,,0,cancelado,1
2373,1613.0,55,m,XX,ELETRONICOS,25,4,150,25.5,não,1,,0
2374,1661.0, 35 ,m,,,,5,R$400,gratis,sim,cancelado,pago,
2375,1082.0,30,m,RJ,casa,,3,0,R$ 30,NAO,0,cancelado,1
2376,1946.0,35,Feminino,SP,Mercado,0,100,300.0,0,SIM,nao,PAGO,0
2377,1898.0,25,M,SP,Roup@,-5,0,50,0,NAO,1,PAGO,10
2378,1283.0,,f,PE,eletronicos,,6,R$ 400,0,NAO,0,cancelado,2
2379,1979.0, 35 ,,,Eletronicos,999,1,300,gratis,sim,0,,1
2380,1172.0,30,m,SP,ELETRONICOS,0,4,0,,Sim ,0,,0
2381,2086.0,35,Masculino,PE,ELETRONICOS,0,8,quatrocentos,25.5,,0,cancelado,10
2382,2096.0,18,F,SP,casa,-5,5,200,R$ 30,NAO,0,,1
2383,1762.0,,F,SP,roupas ,-5,4,R$ 400,25.5,NAO,1,,3
2384,1632.0,22,  M,SP,Eletronicos,5,100,,R$ 30,nao,sim,,3
2385,1786.0, 35 ,m,CE,,,0,100,,,0,PAGO,1
2386,1942.0,22,Masculino,PE,Roupas,15,3,150,gratis,não,0,pendente,1
2387,2011.0,35,m,SP,Casa,,6,300.0,0,sim,0,pago,4
2388,1397.0,30,Feminino,,roupas ,10,4,,gratis,não,nao,pendente,10
2389,1933.0,25,m,,mercado,25,8,300,0,nao,0,,
2390,1675.0,42,,XX,Roup@,25,1,300.0,25.5,NAO,1,,3
2391,1935.0,30,F, sp ,mercado,-5,1,R$400,20,NAO,sim,pendente,2
2392,1464.0,,m,RJ,Roupas,15,6,R$400,10,SIM,nao,,1
2393,1285.0,55,,XX,eletronicos,15,8,50,25.5,não,1,pendente,4
2394,1264.0,trinta,,CE,Mercado,2,100,100,gratis,nao,0,PAGO,
2395,1319.0,25,M,,eletronicos,0,8,150,gratis,sim,sim,,10
2396,1672.0,42,,SP,eletronicos,15,100,50,0,,1,PAGO,1
2397,1819.0,trinta,F, sp ,eletronicos,25,100,200,10,,sim,pendente,3
2398,1088.0, 35 ,  M, sp ,Eletronicos,,0,300,R$ 30,,nao,cancelado,0
2399,1820.0,,Feminino,RJ,ELETRONICOS,15,8,,25.5,NAO,1,cancelado,10
2400,2000.0,trinta,F,PE,Roup@,2,3,R$ 400,,SIM,cancelado,pago,0
2401,1333.0,18,Masculino,RJ,Casa,,3,50,10,SIM,sim,cancelado,3
2402,1221.0,25,  M, sp ,Eletronicos,25,5,300,10,,1,pago,2
2403,1040.0,22,,CE,roupas ,-5,8,R$400,25.5,Sim ,0,pendente,10
2404,1067.0,30,m,,roupas ,10,8,200,0,sim,0,pago,4
2405,1987.0,55,M,,Eletronicos,15,1,0,R$ 30,,0,pago,1
2406,1513.0,22,  M,,Roupas,,0,R$ 400,0,SIM,nao,pago,1
2407,1694.0,42,Masculino, sp ,mercado,2,1,150,,sim,cancelado,PAGO,
2408,2039.0,25,Masculino,CE,Eletronicos,25,4,R$ 400,0,,1,pago,1
2409,1476.0,30,  M,RJ,Eletronicos,999,2,150,20,NAO,sim,,4
2410,2085.0,trinta,M,CE,Casa,-5,5,,10,,sim,,4
2411,1880.0,25,,ce,Casa,15,6,R$ 400,20,,1,pendente,3
2412,1431.0,trinta,Masculino,RJ,ELETRONICOS,-5,4,R$400,0,Sim ,0,PAGO,4
2413,1267.0, 35 ,,SP,Casa,2,4,200,R$ 30,nao,cancelado,,1
2414,2058.0,18,Masculino,RJ,ELETRONICOS,0,8,200,25.5,,cancelado,pendente,10
2415,1778.0,35,  M,SP,eletronicos,,4,50,0,,0,PAGO,
2416,1493.0,25,m,,mercado,10,2,R$400,25.5,sim,0,pendente,1
2417,1660.0,42,F,RJ,Roupas,15,4,,gratis,,0,cancelado,4
2418,2012.0,trinta,Feminino,SP,mercado,999,8,150,10,nao,1,pendente,4
2419,2058.0,22,Masculino,ce,ELETRONICOS,25,1,100,25.5,Sim ,1,cancelado,
2420,1976.0, 35 ,,CE,Casa,25,4,50,0,nao,1,cancelado,3
2421,1481.0,42,f,PE,Eletronicos,2,6,100,20,sim,0,,0
2422,1727.0,55,m,,Roup@,0,0,150,25.5,nao,sim,pendente,4
2423,1479.0,35,,CE,eletronicos,5,0,R$400,,sim,0,cancelado,0
2424,2088.0, 35 ,,ce,casa,2,100,300,R$ 30,não,cancelado,,2
2425,2031.0,18,Feminino,PE,roupas ,0,5,quatrocentos,gratis,,1,PAGO,
2426,1342.0,35,M, sp ,ELETRONICOS,25,2,200,0,Sim ,1,cancelado,0
2427,1331.0,,M,XX,mercado,25,3,R$400,,sim,0,pago,4
2428,1437.0,trinta,Feminino,,Casa,,2,R$ 400,gratis,não,1,PAGO,1
2429,1173.0,,m,CE,,10,100,300,R$ 30,não,0,,1
2430,1558.0,42,m,PE,eletronicos,2,6,100,R$ 30,Sim ,0,PAGO,4
2431,1526.0,55,Feminino, sp ,roupas ,999,1,300.0,20,NAO,0,PAGO,3
2432,1658.0,30,m,XX,,25,3,quatrocentos,gratis,Sim ,1,pago,10
2433,1025.0,18,Feminino,XX,casa,25,8,300,R$ 30,sim,cancelado,pago,4
2434,1819.0,,Masculino,,,999,8,,25.5,NAO,1,pago,4
2435,1604.0,30,f,,Eletronicos,999,5,R$ 400,R$ 30,,0,pago,10
2436,1405.0,trinta,,,Eletronicos,5,3,300,R$ 30,Sim ,sim,,3
2437,1231.0,30,F,,ELETRONICOS,10,8,,25.5,Sim ,nao,pago,3
2438,1532.0,25,  M,,ELETRONICOS,2,5,quatrocentos,0,,cancelado,,2
2439,1504.0,55,f, sp ,Casa,10,6,150,20,Sim ,0,,2
2440,1178.0,22,F,,Roup@,15,3,quatrocentos,20,,sim,,2
2441,1131.0,30,  M,RJ,Casa,-5,6,300.0,10,Sim ,cancelado,,3
2442,1347.0,42,M, sp ,Roupas,,8,300.0,,NAO,sim,pago,0
2443,1539.0,55,f,ce,,25,0,,10,sim,1,,4
2444,1771.0,35,,,eletronicos,2,2,R$ 400,25.5,não,0,PAGO,
2445,1075.0, 35 ,f,PE,eletronicos,5,2,50,R$ 30,Sim ,0,cancelado,2
2446,1578.0,35,m,PE,mercado,5,6,,gratis,,1,cancelado,
2447,1853.0,,F,ce,Eletronicos,,0,300,R$ 30,não,0,,0
2448,1193.0,35,m, sp ,Mercado,-5,5,100,R$ 30,não,0,pago,4
2449,1346.0,25,M,PE,Casa,5,1,R$ 400,gratis,não,nao,pendente,10
2450,1950.0,,,SP,mercado,2,1,150,0,Sim ,cancelado,cancelado,10
2451,1213.0,18,M,SP,ELETRONICOS,25,100,150,20,Sim ,nao,,10
2452,1572.0,22,m,RJ,eletronicos,2,4,50,25.5,nao,1,,
2453,1779.0,30,m,SP,ELETRONICOS,,1,300,gratis,Sim ,1,cancelado,0
2454,1261.0,18,F,CE,Casa,10,0,300,10,,0,PAGO,10
2455,1729.0,55,Masculino,,roupas ,5,2,0,25.5,Sim ,sim,cancelado,1
2456,1282.0,35,m,SP,ELETRONICOS,0,2,50,0,SIM,nao,,1
2457,1361.0,25,m,CE,Mercado,10,1,100,25.5,sim,nao,pago,10
2458,1440.0,,,,eletronicos,25,1,200,gratis,SIM,0,pago,2
2459,,55,f,,Casa,999,100,quatrocentos,,nao,cancelado,,4
2460,1752.0, 35 ,f,PE,mercado,5,1,0,0,,nao,cancelado,0
2461,1866.0,22,m,,Roup@,25,6,0,R$ 30,NAO,sim,pendente,0
2462,1141.0,30,M,XX,Roup@,999,8,200,10,,1,,10
2463,1748.0, 35 ,,XX,Casa,2,4,200,10,SIM,1,,3
2464,1652.0,,M,CE,Roup@,15,5,0,gratis,SIM,cancelado,cancelado,
2465,1700.0,25,  M, sp ,eletronicos,25,4,200,0,SIM,1,,2
2466,1997.0,22,Masculino,PE,,10,4,200,10,sim,0,pago,2
2467,1048.0,55,f,SP,roupas ,5,1,200,0,não,cancelado,,4
2468,1880.0,35,f,XX,ELETRONICOS,10,6,R$400,25.5,NAO,0,,0
2469,1554.0,35,,,Mercado,25,8,150,,NAO,1,,2
2470,1403.0,trinta,Feminino,ce,casa,-5,8,R$400,20,,nao,,10
2471,1891.0,35,M,,mercado,5,0,R$ 400,20,sim,sim,,4
2472,1864.0,30,,ce,,-5,8,0,20,nao,sim,,0
2473,1601.0,35,F,XX,eletronicos,0,6,150,10,,0,pago,10
2474,1340.0,30,Feminino,XX,Eletronicos,-5,0,300.0,gratis,SIM,cancelado,pendente,1
2475,1703.0,42,,,Roupas,-5,3,0,20,não,sim,,0
2476,1317.0,30,M,RJ,Roupas,,100,R$ 400,R$ 30,,cancelado,pago,1
2477,1617.0,22,Feminino,CE,mercado,-5,3,,,,sim,PAGO,10
2478,1381.0, 35 ,,SP,,0,4,50,gratis,Sim ,cancelado,cancelado,1
2479,1232.0,22,F, sp ,eletronicos,999,6,R$ 400,,,sim,,3
2480,1816.0, 35 ,Masculino,,Casa,-5,0,,20,sim,0,pago,10
2481,1552.0,trinta,Feminino,RJ,ELETRONICOS,0,3,150,25.5,nao,0,,10
2482,1855.0,42,Masculino,SP,Casa,15,6,R$ 400,,não,cancelado,,3
2483,1818.0, 35 ,m,CE,Casa,-5,5,0,20,nao,0,,2
2484,1182.0, 35 ,f,SP,Eletronicos,999,5,200,gratis,sim,1,,4
2485,2064.0,25,  M,RJ,Roup@,999,5,R$400,10,sim,nao,PAGO,2
2486,1396.0,18,f,XX,Roupas,15,100,300.0,,Sim ,0,pendente,
2487,1778.0,18,,SP,,,8,100,R$ 30,nao,cancelado,pendente,3
2488,1906.0,25,F,ce,casa,10,100,150,25.5,não,1,,2
2489,1126.0,35,Masculino,SP,casa,,100,quatrocentos,gratis,nao,0,pago,4
2490,1000.0,25,,XX,ELETRONICOS,10,6,0,0,,1,,3
2491,1018.0, 35 ,Masculino,,Roupas,-5,6,300,20,nao,1,,0
2492,1583.0, 35 ,,,Eletronicos,15,4,150,25.5,,sim,,2
2493,1455.0,25,,,mercado,25,0,100,10,SIM,nao,,3
2494,,25,,,eletronicos,10,2,,,nao,cancelado,pendente,0
2495,1444.0,35,Feminino,CE,Casa,5,5,50,0,não,1,,2
2496,1601.0,22,f,CE,,999,1,quatrocentos,,,nao,cancelado,10
2497,1102.0,42,m,SP,Casa,-5,2,0,20,não,1,pago,3
2498,1987.0,55,Masculino, sp ,Mercado,-5,1,100,25.5,,0,pago,3
2499,1519.0, 35 ,Feminino,CE,mercado,999,6,300.0,R$ 30,,cancelado,,10
2500,1858.0,42,m,ce,Mercado,2,2,0,gratis,SIM,nao,pendente,2
2501,1173.0,25,F,ce,Mercado,999,4,R$ 400,,Sim ,sim,,4
2502,2004.0,35,  M,PE,Roup@,25,5,0,20,não,cancelado,cancelado,4
2503,1430.0,30,Masculino,ce,casa,999,8,50,25.5,nao,cancelado,cancelado,10
2504,1726.0,35,,CE,Mercado,,1,0,20,nao,1,,2
2505,1849.0,30,m, sp ,Casa,5,5,150,R$ 30,SIM,nao,cancelado,2
2506,1989.0,30,,XX,Roupas,10,4,50,25.5,sim,sim,PAGO,3
2507,1638.0,42,Feminino,,Roupas,0,8,0,gratis,sim,0,,0
2508,1419.0,18,f,SP,Roup@,,8,0,20,,sim,cancelado,4
2509,1593.0,30,,XX,,999,0,50,,SIM,sim,,0
2510,1484.0,30,Masculino, sp ,Roupas,0,4,300,25.5,sim,0,pendente,0
2511,1411.0,22,Feminino,,,25,4,50,,não,1,pendente,4
2512,1935.0,30,,,Casa,10,5,,0,SIM,1,,2
2513,1331.0,22,  M,PE,casa,15,5,50,10,nao,1,pendente,4
2514,1654.0,30,Masculino,,casa,-5,3,R$ 400,R$ 30,,0,PAGO,10
2515,1040.0,trinta,F,CE,casa,-5,5,200,25.5,,0,pendente,0
2516,1958.0,55,f, sp ,eletronicos,10,5,R$ 400,,,sim,,3
2517,1104.0, 35 ,F,,mercado,15,0,R$ 400,25.5,não,1,pago,4
2518,1201.0,30,m,PE,eletronicos,10,8,50,25.5,NAO,1,pago,
2519,1449.0, 35 ,m,SP,eletronicos,5,0,300.0,20,Sim ,cancelado,,3
2520,1909.0,30,f,SP,eletronicos,0,5,R$400,R$ 30,nao,1,pago,2
2521,1209.0,22,Feminino,CE,Roupas,-5,2,R$ 400,10,nao,cancelado,cancelado,2
2522,1562.0,55,m,ce,roupas ,15,0,R$400,R$ 30,Sim ,sim,pago,10
2523,1712.0,22,M, sp ,Roupas,25,100,R$ 400,20,Sim ,1,PAGO,3
2524,1770.0,,M,PE,roupas ,999,2,150,,SIM,0,pendente,
2525,1453.0,22,,PE,Roupas,,1,300,25.5,NAO,cancelado,pago,0
2526,1666.0,30,,ce,Casa,-5,6,300.0,R$ 30,,1,pago,4
2527,1628.0,18,Masculino,ce,mercado,2,3,R$400,25.5,Sim ,0,,2
2528,1386.0,35,,,Eletronicos,10,1,R$400,10,não,1,PAGO,3
2529,1295.0,42,  M,,Eletronicos,25,6,150,0,nao,cancelado,,1
2530,1257.0, 35 ,,,eletronicos,10,0,300.0,20,Sim ,1,PAGO,4
2531,1267.0,trinta,  M,RJ,Eletronicos,2,100,300,0,NAO,1,pago,4
2532,1418.0,30,,RJ,mercado,5,6,100,R$ 30,não,sim,cancelado,1
2533,1234.0,22,F,CE,mercado,999,6,quatrocentos,25.5,não,0,pago,
2534,1985.0,18,, sp ,,-5,1,300,,SIM,cancelado,cancelado,2
2535,1573.0,22,  M,PE,ELETRONICOS,10,5,300,,,1,cancelado,2
2536,1048.0,55,Feminino,,Roup@,15,3,50,25.5,SIM,1,pendente,3
2537,1222.0,30,Masculino,SP,mercado,10,8,100,gratis,sim,0,,2
2538,1920.0,trinta,f,SP,,15,100,R$ 400,gratis,NAO,nao,pendente,
2539,1276.0,35,  M,XX,Roup@,999,6,150,0,,cancelado,pago,1
2540,1419.0,55,m,ce,Eletronicos,,5,150,gratis,não,sim,pago,1
2541,1610.0,25,,CE,Roup@,-5,8,50,,NAO,1,cancelado,
2542,1374.0,trinta,F,XX,roupas ,,100,,R$ 30,Sim ,1,PAGO,1
2543,1072.0,22,M,XX,Casa,,5,quatrocentos,10,,1,,4
2544,2053.0,55,F, sp ,Roup@,-5,5,0,R$ 30,nao,sim,,
2545,1194.0,35,,PE,Casa,-5,4,300.0,0,Sim ,cancelado,,3
2546,1846.0,18,Masculino,,eletronicos,999,5,150,R$ 30,nao,nao,cancelado,0
2547,2064.0,18,,SP,Eletronicos,10,8,300,gratis,,0,PAGO,4
2548,2086.0, 35 ,m,SP,Casa,999,3,R$ 400,gratis,sim,cancelado,PAGO,4
2549,1022.0,35,  M,SP,Mercado,2,4,,10,,1,PAGO,3
2550,1359.0,18,F,RJ,eletronicos,0,100,300.0,R$ 30,,0,PAGO,2
2551,2098.0,55,, sp ,Casa,5,2,300.0,10,não,sim,pago,
2552,1559.0, 35 ,  M,CE,ELETRONICOS,-5,0,300,,nao,0,,
2553,1671.0,,Masculino,SP,Roup@,10,100,,0,,sim,,10
2554,1678.0,18,f,SP,ELETRONICOS,25,5,150,20,não,nao,,3
2555,1439.0,trinta,M,CE,mercado,5,8,150,R$ 30,nao,0,pendente,2
2556,1932.0,30,Masculino,RJ,,2,6,R$400,,sim,1,pendente,3
2557,1006.0,25,,XX,,25,1,,,Sim ,cancelado,pendente,4
2558,1420.0,35,f,CE,,,0,200,R$ 30,não,1,cancelado,
2559,1832.0,55,,XX,roupas ,,100,R$400,10,,sim,pendente,10
2560,1558.0,30,F,ce,eletronicos,-5,1,,gratis,,1,,
2561,1913.0,22,f,,casa,,0,R$400,0,nao,nao,pendente,1
2562,2006.0,55,,SP,casa,15,3,150,20,NAO,0,pendente,4
2563,1125.0,18,f,CE,Casa,10,6,50,R$ 30,não,cancelado,pago,4
2564,1394.0,55,Masculino,,Roup@,15,0,50,0,nao,0,pendente,0
2565,1816.0,30,,,Eletronicos,-5,5,R$400,gratis,,cancelado,,4
2566,1880.0,22,M, sp ,casa,999,0,R$400,20,nao,1,pago,4
2567,1575.0, 35 ,M,ce,Eletronicos,5,8,100,20,Sim ,sim,PAGO,4
2568,1324.0,18,,,casa,25,8,200,,não,1,cancelado,10
2569,1929.0,42,,,,25,8,200,10,não,nao,pago,0
2570,1832.0,18,f,ce,eletronicos,,100,50,25.5,SIM,sim,pago,2
2571,2054.0,25,F,XX,casa,10,6,50,gratis,nao,1,,10
2572,1836.0,,,CE,mercado,0,6,quatrocentos,25.5,,1,,10
2573,1925.0,42,f,PE,Roupas,25,100,300,gratis,,1,cancelado,2
2574,1442.0,25,Feminino,SP,Casa,5,6,50,0,não,cancelado,pendente,
2575,1074.0,30,M,RJ,roupas ,5,8,,25.5,nao,0,PAGO,
2576,1556.0,35,,CE,casa,15,8,300.0,,sim,nao,,
2577,1362.0,22,Masculino,SP,Roup@,15,2,0,R$ 30,sim,0,,
2578,1447.0,30,m,CE,roupas ,-5,0,0,,NAO,sim,pago,0
2579,1261.0, 35 ,f,,Eletronicos,2,6,R$400,,não,1,PAGO,1
2580,1124.0,30,M,PE,ELETRONICOS,0,4,50,R$ 30,NAO,0,,2
2581,1910.0,trinta,,RJ,mercado,,8,,R$ 30,Sim ,sim,,
2582,1244.0,trinta,,CE,Mercado,5,0,150,20,nao,cancelado,cancelado,10
2583,1541.0,30,f,SP,Mercado,25,1,,10,Sim ,1,cancelado,10
2584,1484.0,35,F,RJ,roupas ,15,4,100,,SIM,1,,0
2585,1121.0,,,RJ,ELETRONICOS,15,4,,gratis,SIM,sim,pago,1
2586,1124.0,,f, sp ,Roup@,999,100,150,10,,1,cancelado,
2587,1169.0,trinta,,,roupas ,0,6,,gratis,não,cancelado,pago,1
2588,1123.0,18,m, sp ,Eletronicos,-5,4,,R$ 30,não,0,pendente,3
2589,2058.0,55,  M,SP,eletronicos,,1,300.0,20,,sim,pendente,
2590,1645.0,25,  M,SP,roupas ,10,0,quatrocentos,20,NAO,1,pago,3
2591,1785.0,trinta,f,XX,Mercado,5,100,50,20,,nao,,10
2592,1200.0,30,F,CE,Roupas,10,5,50,20,NAO,0,pendente,10
2593,1368.0,25,,CE,Mercado,999,5,R$400,,não,cancelado,,4
2594,1796.0,18,f,XX,ELETRONICOS,,0,300,20,,0,pendente,2
2595,1076.0,35,,,Eletronicos,25,0,,R$ 30,,0,,0
2596,1058.0,22,F,ce,Roup@,999,5,300.0,10,não,1,cancelado,4
2597,1430.0,,,CE,mercado,-5,4,200,0,SIM,0,,2
2598,1637.0,30,Masculino,ce,Casa,,6,200,25.5,SIM,nao,pago,10
2599,1108.0,18,  M,CE,Roupas,15,5,150,10,SIM,cancelado,pendente,3
2600,2007.0, 35 ,  M,,mercado,10,0,R$ 400,R$ 30,não,0,,0
2601,1067.0,42,,PE,roupas ,,100,300.0,25.5,,1,pendente,1
2602,2092.0,30,m,,Roupas,999,1,quatrocentos,0,NAO,0,cancelado,1
2603,1304.0,,f,SP,ELETRONICOS,-5,100,50,gratis,sim,0,,4
2604,1673.0,30,f,XX,Eletronicos,2,100,50,,sim,cancelado,PAGO,4
2605,1364.0, 35 ,Masculino,SP,Roup@,5,6,300,0,NAO,1,cancelado,0
2606,1820.0,22,Feminino,PE,mercado,,5,,0,NAO,1,pago,1
2607,1342.0, 35 ,m, sp ,roupas ,25,8,0,R$ 30,,sim,,
2608,1946.0,35,f,SP,,2,0,300.0,,,0,,
2609,1898.0,42,m,SP,Eletronicos,,100,R$ 400,gratis,NAO,0,pendente,4
2610,1761.0,25,F,SP,roupas ,2,100,quatrocentos,25.5,SIM,1,,1
2611,1340.0,30,,RJ,Roup@,999,3,R$ 400,,Sim ,1,,3
2612,1941.0,42,M,ce,mercado,25,0,100,20,,sim,pago,4
2613,1382.0,55,F,,roupas ,0,1,300.0,gratis,não,cancelado,,10
2614,2003.0,18,, sp ,Eletronicos,2,8,0,gratis,SIM,sim,,
2615,1299.0,55,  M,,roupas ,5,5,,0,sim,0,,2
2616,1138.0,18,M,ce,mercado,-5,2,100,gratis,não,nao,,4
2617,1358.0,35,Masculino,SP,Eletronicos,5,2,50,0,NAO,0,pendente,3
2618,1835.0,42,Feminino,,,25,0,R$400,10,,nao,,0
2619,1482.0,22,Masculino,RJ,ELETRONICOS,,5,200,,nao,nao,cancelado,
2620,1908.0,trinta,f,SP,eletronicos,25,3,300,20,,1,cancelado,2
2621,1865.0, 35 ,M,RJ,Eletronicos,10,1,R$400,,,1,pendente,
2622,1138.0,trinta,  M,,Roupas,0,8,R$400,0,sim,1,PAGO,10
2623,1995.0,42,, sp ,eletronicos,-5,3,300,25.5,NAO,0,PAGO,0
2624,1434.0,55,Feminino,PE,roupas ,999,8,200,25.5,nao,cancelado,cancelado,
2625,1508.0,trinta,m,RJ,mercado,10,2,quatrocentos,25.5,NAO,0,,4
2626,1272.0,30,f,SP,Eletronicos,15,4,50,25.5,NAO,0,pago,2
2627,1103.0,,Masculino,PE,mercado,15,2,,25.5,não,0,,0
2628,1761.0,trinta,M,,Eletronicos,5,4,R$ 400,0,sim,sim,pendente,
2629,,18,Masculino,PE,,-5,5,R$ 400,10,sim,nao,pago,2
2630,1164.0,30,M,ce,mercado,15,0,300.0,10,NAO,1,,4
2631,1998.0,30,,,Roupas,15,2,R$ 400,25.5,,1,,
2632,1519.0,trinta,  M,SP,Casa,999,3,100,10,SIM,1,cancelado,2
2633,1516.0,30,m,RJ,eletronicos,0,5,100,20,,1,pendente,2
2634,1656.0,42,, sp ,eletronicos,0,100,50,10,,1,pago,3
2635,1612.0,,F,XX,Eletronicos,,5,0,,Sim ,1,,
2636,1163.0, 35 ,  M,PE,roupas ,15,100,100,gratis,nao,1,cancelado,0
2637,,,,CE,Roup@,,4,100,25.5,SIM,cancelado,cancelado,4
2638,1266.0,30,Feminino,XX,Roup@,2,5,300.0,,não,0,,3
2639,1245.0,22,Masculino,,eletronicos,,100,quatrocentos,gratis,,1,PAGO,2
2640,1394.0,22,  M,CE,Casa,2,4,R$400,gratis,nao,1,PAGO,3
2641,1475.0,35,Feminino,CE,Roup@,-5,5,0,25.5,Sim ,cancelado,,3
2642,1976.0,trinta,Masculino,CE,casa,0,5,R$ 400,R$ 30,SIM,cancelado,,2
2643,2043.0, 35 ,F,XX,Roup@,-5,4,0,0,,cancelado,,4
2644,1557.0,25,,,Mercado,,4,100,R$ 30,nao,0,cancelado,
2645,2017.0,30,  M,RJ,mercado,15,5,150,10,,1,,1
2646,1882.0,30,Feminino,,eletronicos,,6,,R$ 30,sim,cancelado,,3
2647,1146.0,42,Masculino,,Casa,10,8,R$ 400,20,SIM,0,pendente,0
2648,1665.0,trinta,Masculino,RJ,roupas ,,6,0,R$ 30,,cancelado,cancelado,2
2649,1619.0,42,,RJ,Eletronicos,2,1,50,R$ 30,NAO,1,cancelado,1
2650,1819.0,25,M,CE,ELETRONICOS,25,2,,0,não,0,PAGO,3
2651,1863.0,35,,SP,Roupas,25,8,200,20,SIM,0,,2
2652,1581.0,25,Feminino,XX,eletronicos,2,3,300,R$ 30,nao,0,cancelado,2
2653,2022.0,,f,RJ,Casa,2,2,200,25.5,SIM,1,cancelado,3
2654,1694.0,,  M,XX,Eletronicos,10,6,100,10,nao,nao,,
2655,1406.0,18,,ce,ELETRONICOS,,4,quatrocentos,R$ 30,,0,,10
2656,1398.0,55,Masculino,,Mercado,-5,5,300.0,0,Sim ,1,pendente,10
2657,1714.0,30,Masculino,ce,,0,6,0,25.5,NAO,sim,PAGO,0
2658,1703.0,55,,RJ,eletronicos,,3,50,0,,nao,pago,2
2659,1760.0,25,  M,,roupas ,15,1,,gratis,,nao,,2
2660,1498.0,,,XX,Roupas,15,3,300,R$ 30,Sim ,nao,pago,0
2661,1973.0,35,F,ce,ELETRONICOS,10,3,150,10,,1,pendente,1
2662,1081.0,35,,SP,roupas ,25,6,50,0,,0,pago,2
2663,1603.0,22,m,,Roup@,25,4,R$400,25.5,não,cancelado,,
2664,1771.0,,Feminino,ce,Eletronicos,-5,8,300.0,25.5,,0,,2
2665,1902.0,trinta,Feminino,SP,eletronicos,-5,2,50,0,não,sim,,3
2666,1364.0,22,F,,Eletronicos,0,4,200,10,nao,cancelado,pago,10
2667,1162.0,30,  M,CE,ELETRONICOS,15,0,300,R$ 30,NAO,cancelado,,2
2668,2071.0,30,,PE,casa,-5,6,,gratis,Sim ,0,,
2669,1510.0,30,M,CE,casa,5,3,R$ 400,10,NAO,1,,3
2670,1115.0,42,,,Roupas,,2,quatrocentos,25.5,,nao,,0
2671,1940.0,22,F,RJ,Roup@,-5,3,R$ 400,20,Sim ,1,pendente,3
2672,1336.0,42,M,SP,Mercado,5,1,R$400,R$ 30,nao,nao,,
2673,1880.0,55,,PE,Casa,5,1,200,gratis,nao,0,pago,2
2674,1736.0,,F,RJ,eletronicos,0,2,150,10,nao,cancelado,PAGO,1
2675,1839.0,trinta,Feminino,ce,,-5,3,300,20,sim,0,pendente,2
2676,1146.0,25,Feminino,,eletronicos,,100,100,R$ 30,NAO,1,pago,0
2677,1442.0,,Masculino,,ELETRONICOS,15,0,0,,,1,cancelado,2
2678,1836.0,30,,XX,casa,999,100,300,,,nao,pago,2
2679,2036.0,22,m,,mercado,5,8,0,gratis,não,cancelado,pago,
2680,1942.0,,f,ce,Mercado,0,8,R$400,,Sim ,cancelado,PAGO,10
2681,,30,  M, sp ,ELETRONICOS,15,5,,10,sim,nao,pendente,3
2682,1719.0,,  M,,Mercado,999,8,300,,não,sim,cancelado,2
2683,1479.0,35,,CE,mercado,,4,0,R$ 30,Sim ,1,,10
2684,1021.0,22,F, sp ,casa,5,5,0,R$ 30,sim,1,pendente,3
2685,1682.0,55,F, sp ,roupas ,-5,1,100,25.5,não,0,pendente,
2686,1905.0,22,f,ce,,-5,4,0,10,não,sim,cancelado,10
2687,1319.0,42,,PE,mercado,999,3,50,R$ 30,sim,1,cancelado,10
2688,1125.0,trinta,,CE,ELETRONICOS,25,2,300,gratis,não,1,PAGO,10
2689,1276.0,25,f,,,10,2,300.0,25.5,Sim ,cancelado,,
2690,1193.0, 35 ,, sp ,Casa,2,0,0,R$ 30,,cancelado,PAGO,4
2691,1695.0,25,m,RJ,Mercado,15,1,quatrocentos,0,Sim ,0,,10
2692,1056.0,,Masculino,RJ,Roup@,10,0,200,20,não,1,cancelado,2
2693,1018.0,25,, sp ,ELETRONICOS,5,100,300,R$ 30,SIM,nao,pago,10
2694,1263.0,35,Feminino,XX,roupas ,0,6,150,,nao,1,pago,3
2695,1793.0,55,m,,Casa,-5,1,300,25.5,sim,1,pendente,1
2696,1112.0,30,,ce,casa,-5,8,200,25.5,SIM,sim,pendente,2
2697,1541.0,,Feminino, sp ,Roupas,999,5,,gratis,Sim ,cancelado,,10
2698,1646.0,55,f,CE,eletronicos,5,100,300.0,R$ 30,não,0,,10
2699,1578.0, 35 ,f, sp ,mercado,0,8,150,R$ 30,NAO,0,,3
2700,2088.0,35,,,eletronicos,0,5,0,gratis,,1,,2
2701,1024.0,trinta,  M,PE,ELETRONICOS,2,2,50,20,NAO,0,pago,4
2702,1000.0,,M,CE,casa,5,4,300,gratis,nao,0,cancelado,4
2703,1910.0,25,Feminino,,Eletronicos,,2,quatrocentos,25.5,SIM,0,,0
2704,1140.0,42,,PE,Casa,999,100,,20,,1,,4
2705,1647.0,35,m,SP,Roup@,15,2,50,,SIM,1,,
2706,1187.0,30,,CE,eletronicos,0,2,200,20,,sim,PAGO,
2707,1200.0,22,F,RJ,Mercado,5,2,150,10,SIM,1,,3
2708,1256.0,55,Feminino,XX,roupas ,25,1,300.0,25.5,Sim ,1,,4
2709,1546.0,35,M,SP,eletronicos,5,100,150,25.5,nao,1,pago,3
2710,1193.0,30,F,,ELETRONICOS,25,0,300.0,gratis,,sim,pendente,2
2711,1702.0,30,Masculino,SP,Casa,-5,2,0,25.5,nao,1,PAGO,3
2712,, 35 ,M,ce,Casa,-5,2,R$ 400,R$ 30,Sim ,0,,10
2713,1941.0, 35 ,,,mercado,,5,300.0,gratis,nao,1,pago,10
2714,1413.0,25,M,,Eletronicos,10,4,50,,,1,pendente,10
2715,2098.0,25,,RJ,mercado,15,2,,25.5,não,nao,,0
2716,1909.0,35,m,SP,,,0,0,R$ 30,Sim ,1,pago,10
2717,1187.0,35,F,,,999,0,200,10,,sim,pago,4
2718,1044.0,trinta,M,RJ,Roupas,-5,4,300.0,25.5,,sim,cancelado,
2719,1082.0,22,,,Roup@,999,4,0,10,não,cancelado,pago,10
2720,1357.0,18,f,SP,casa,,100,,,não,1,,10
2721,2089.0,30,M,RJ,ELETRONICOS,15,4,R$ 400,25.5,SIM,nao,pago,1
2722,1935.0,25,M,CE,ELETRONICOS,25,100,100,25.5,NAO,cancelado,PAGO,
2723,1374.0,18,  M, sp ,casa,,3,300.0,0,,cancelado,pago,4
2724,1161.0,18,F,XX,casa,-5,2,100,,SIM,0,pago,10
2725,1321.0,,  M,PE,casa,15,0,150,R$ 30,Sim ,1,,1
2726,1449.0,22,  M,CE,Eletronicos,0,3,R$ 400,25.5,sim,1,PAGO,4
2727,2036.0,42,,RJ,casa,2,2,50,10,Sim ,0,,3
2728,1183.0,42,  M,,casa,2,0,300,20,,cancelado,pendente,3
2729,1110.0,25,M,ce,eletronicos,,0,quatrocentos,10,NAO,0,cancelado,10
2730,1507.0,30,, sp ,Mercado,999,5,R$400,R$ 30,Sim ,nao,,10
2731,1294.0,22,,PE,Casa,2,100,quatrocentos,25.5,NAO,nao,pendente,1
2732,1903.0,22,f,CE,casa,5,6,R$400,gratis,sim,1,,0
2733,1973.0,55,,ce,eletronicos,15,5,200,0,,nao,,1
2734,1631.0,18,f,ce,Roupas,2,3,100,gratis,sim,sim,,2
2735,2050.0,55,,ce,Casa,5,8,300,0,nao,0,PAGO,0
2736,1732.0,18,Masculino, sp ,Roup@,25,100,R$400,0,não,1,pendente,1
2737,1320.0,42,f,SP,Casa,999,4,300,gratis,,0,pago,
2738,1912.0,25,Feminino,CE,Eletronicos,0,8,150,R$ 30,Sim ,sim,PAGO,
2739,1436.0,30,F,SP,casa,0,3,,25.5,não,0,PAGO,2
2740,,42,F, sp ,Casa,15,2,200,10,SIM,0,cancelado,2
2741,2076.0,,F,ce,Roupas,5,1,300.0,gratis,,1,PAGO,
2742,1725.0,22,,ce,Eletronicos,10,6,quatrocentos,20,SIM,0,pendente,10
2743,1030.0,30,m, sp ,casa,0,5,100,0,SIM,nao,,
2744,1336.0,35,f,XX,mercado,0,2,R$400,10,nao,0,,4
2745,1182.0,30,,,Casa,25,3,0,,SIM,0,cancelado,10
2746,2046.0,30,f,XX,casa,0,100,R$ 400,,SIM,0,,1
2747,1543.0,42,  M,SP,mercado,0,3,200,20,,cancelado,,
2748,2097.0,22,Masculino, sp ,Eletronicos,2,8,quatrocentos,10,Sim ,0,pago,3
2749,2033.0,30,,,roupas ,0,1,R$400,25.5,,cancelado,pendente,
2750,1659.0,,f,XX,Mercado,25,8,50,20,não,1,pago,10
2751,1159.0,42,m,SP,roupas ,999,100,0,R$ 30,não,1,PAGO,4
2752,2037.0,42,F,RJ,mercado,,0,quatrocentos,R$ 30,NAO,1,pendente,10
2753,1411.0,30,M,,ELETRONICOS,0,8,300.0,gratis,SIM,1,,10
2754,2011.0,18,Feminino,,Mercado,15,0,quatrocentos,10,sim,1,cancelado,
2755,1052.0,22,F,PE,Mercado,10,4,0,,NAO,1,,3
2756,1407.0, 35 ,,,Roupas,2,2,R$400,R$ 30,NAO,0,cancelado,
2757,1846.0,,Feminino,SP,Roupas,-5,100,200,R$ 30,Sim ,cancelado,pago,
2758,2045.0,30,Masculino,ce,,25,3,,gratis,NAO,1,,
2759,2053.0,55,F,SP,casa,15,4,150,gratis,sim,nao,,3
2760,1702.0,55,  M,CE,Casa,,8,150,R$ 30,não,cancelado,cancelado,2
2761,1259.0,35,F,ce,,-5,2,R$ 400,10,NAO,cancelado,pago,0
2762,2082.0,22,Masculino,SP,roupas ,999,0,0,10,,0,,
2763,1775.0,,F,XX,Roup@,15,0,0,0,Sim ,cancelado,pendente,
2764,2035.0,42,F,,ELETRONICOS,999,5,0,0,,1,cancelado,3
2765,1849.0,trinta,  M,SP,Roup@,15,100,50,20,SIM,0,cancelado,10
2766,1353.0,25,,XX,casa,2,0,quatrocentos,,,1,,2
2767,2098.0,30,Masculino,PE,mercado,999,1,300,20,sim,1,,10
2768,1872.0,trinta,  M,CE,,2,100,50,20,SIM,sim,pago,2
2769,1990.0,,f,RJ,Mercado,10,5,200,0,nao,nao,cancelado,2
2770,2017.0,22,F,CE,ELETRONICOS,-5,100,100,gratis,NAO,1,pago,3
2771,1293.0,22,m,ce,casa,10,100,300.0,R$ 30,não,sim,cancelado,4
2772,1208.0,30,F,,ELETRONICOS,999,3,R$400,25.5,Sim ,1,pago,4
2773,1817.0,30,Masculino,CE,eletronicos,25,0,50,25.5,,sim,cancelado,10
2774,1389.0,trinta,Feminino,,roupas ,10,8,300.0,,sim,0,pendente,
2775,1324.0,42,  M,RJ,Roupas,25,8,R$ 400,R$ 30,não,cancelado,,3
2776,1939.0,35,m,ce,roupas ,25,2,quatrocentos,10,sim,sim,pendente,4
2777,1888.0,30,f,,Roup@,999,2,R$ 400,0,Sim ,0,pago,2
2778,1667.0,30,,ce,ELETRONICOS,,2,300.0,10,,1,pendente,2
2779,1632.0,,f,,Eletronicos,0,2,150,25.5,Sim ,0,pago,10
2780,1576.0,30,  M,,Roupas,10,4,150,10,NAO,cancelado,,2
2781,1136.0,35,Feminino,XX,Roup@,5,8,quatrocentos,0,sim,1,pago,4
2782,1427.0,18,  M,CE,eletronicos,10,2,R$400,0,nao,cancelado,,1
2783,1611.0,18,M,PE,eletronicos,,5,quatrocentos,0,nao,sim,PAGO,0
2784,1910.0,22,m,,Eletronicos,-5,8,R$400,25.5,NAO,cancelado,pendente,1
2785,1818.0,30,Feminino,,Mercado,,100,200,0,sim,nao,PAGO,3
2786,1140.0,55,m,PE,ELETRONICOS,0,0,300.0,20,sim,0,,1
2787,1176.0,trinta,  M,CE,eletronicos,999,100,300.0,20,SIM,nao,,
2788,1197.0, 35 ,,PE,Roupas,,8,R$400,,NAO,1,PAGO,10
2789,1623.0,35,m,RJ,Roup@,10,3,300.0,R$ 30,sim,nao,,1
2790,1690.0,22,M, sp ,Eletronicos,-5,1,R$ 400,,sim,nao,cancelado,
2791,1400.0,55,Feminino,ce,Mercado,,8,300.0,0,,1,pago,10
2792,1470.0,30,M,ce,Mercado,5,6,,20,,0,,3
2793,1217.0,55,M,SP,casa,-5,2,150,0,Sim ,cancelado,PAGO,1
2794,1928.0,55,,RJ,Roup@,25,1,50,25.5,,nao,cancelado,0
2795,1631.0,35,, sp ,Roupas,999,4,100,20,SIM,nao,pendente,4
2796,1950.0,22,F,SP,eletronicos,15,4,300.0,25.5,nao,nao,,
2797,1905.0,42,,PE,casa,2,6,,20,,1,,3
2798,1174.0,30,Masculino,SP,Casa,999,5,,gratis,nao,nao,pago,1
2799,1022.0,trinta,,,Roupas,0,100,R$400,gratis,Sim ,cancelado,cancelado,2
2800,1234.0,22,  M,RJ,ELETRONICOS,999,0,,R$ 30,,1,,2
2801,2036.0, 35 ,  M, sp ,Roup@,10,100,50,R$ 30,,0,pago,3
2802,1928.0,55,f,CE,Eletronicos,999,8,300.0,R$ 30,NAO,1,pago,2
2803,,42,F,RJ,eletronicos,999,100,150,,nao,nao,,0
2804,1430.0,35,Masculino,,Casa,2,3,300.0,25.5,NAO,cancelado,cancelado,
2805,1792.0,25,m,ce,,15,100,200,20,sim,0,,1
2806,1532.0,trinta,,,ELETRONICOS,-5,2,300.0,gratis,não,cancelado,,0
2807,1978.0,trinta,Feminino,SP,Eletronicos,2,100,300,0,,nao,PAGO,0
2808,1809.0,30,M,XX,eletronicos,10,6,50,10,,cancelado,pago,4
2809,1912.0,25,m,,mercado,10,4,300.0,gratis,Sim ,sim,pendente,1
2810,1870.0,,f,XX,mercado,0,2,200,,,sim,,3
2811,1539.0,30,,RJ,Mercado,25,3,200,gratis,NAO,0,pago,2
2812,2023.0,25,Feminino,XX,Casa,-5,5,300,0,,0,pago,0
2813,1226.0,55,f,,Casa,10,100,0,gratis,sim,sim,pago,4
2814,1872.0,55,M,CE,mercado,2,8,0,gratis,sim,cancelado,pago,0
2815,1891.0,55,,RJ,casa,10,3,50,gratis,Sim ,cancelado,,2
2816,2036.0,55,F,ce,casa,999,4,R$ 400,R$ 30,,cancelado,pendente,1
2817,1209.0,22,, sp ,Mercado,25,2,,R$ 30,,nao,pago,0
2818,1740.0,trinta,Feminino,RJ,eletronicos,10,0,R$400,20,,1,pago,0
2819,1396.0,25,,PE,casa,999,6,,R$ 30,nao,nao,PAGO,1
2820,1030.0,trinta,Feminino,ce,casa,0,3,,gratis,sim,sim,cancelado,3
2821,1897.0, 35 ,Masculino,RJ,roupas ,10,5,300.0,10,SIM,sim,PAGO,4
2822,1648.0,25,Masculino,PE,roupas ,25,5,0,,nao,1,pendente,1
2823,1328.0,22,,ce,Roupas,2,1,300.0,R$ 30,não,cancelado,cancelado,2
2824,1951.0, 35 ,  M,SP,roupas ,0,5,R$ 400,20,Sim ,sim,,2
2825,1620.0,trinta,,,eletronicos,,6,300.0,,Sim ,1,pendente,0
2826,1161.0, 35 ,,,eletronicos,-5,2,200,20,Sim ,0,pendente,
2827,1775.0,30,  M, sp ,roupas ,999,3,200,25.5,sim,0,pago,2
2828,1273.0, 35 ,F,RJ,,0,5,quatrocentos,gratis,sim,0,cancelado,4
2829,2026.0,25,,SP,ELETRONICOS,25,3,,,Sim ,sim,pendente,3
2830,2051.0,55,  M,XX,Eletronicos,0,5,50,10,,cancelado,cancelado,3
2831,1325.0,55,Feminino,,Mercado,-5,5,R$400,10,Sim ,0,,10
2832,1939.0,,,CE,eletronicos,,0,50,25.5,SIM,cancelado,,2
2833,1539.0,30,M, sp ,mercado,999,100,50,10,,sim,cancelado,3
2834,1487.0,trinta,F,XX,eletronicos,25,0,200,,NAO,cancelado,PAGO,
2835,1821.0,30,M,,Roupas,-5,3,R$ 400,20,nao,0,PAGO,2
2836,2088.0,25,m,RJ,eletronicos,999,1,300,0,nao,sim,pendente,4
2837,1355.0,25,Masculino,SP,Casa,2,3,R$400,20,SIM,1,cancelado,10
2838,1234.0,35,M,ce,mercado,999,1,300,R$ 30,Sim ,nao,PAGO,0
2839,1226.0,,f,CE,Eletronicos,-5,100,200,0,,0,pago,
2840,1048.0,18,, sp ,,5,3,0,10,sim,nao,PAGO,2
2841,1117.0,trinta,Feminino,,eletronicos,5,0,R$ 400,gratis,sim,0,,4
2842,1053.0,25,M,,,0,6,100,,Sim ,1,pago,10
2843,1564.0,42,M,XX,roupas ,10,3,50,0,NAO,0,cancelado,2
2844,2067.0,25,m,XX,eletronicos,2,100,300.0,20,não,cancelado,,1
2845,1052.0,35,,,Mercado,999,0,,20,não,cancelado,pendente,2
2846,1557.0, 35 ,,SP,Roupas,-5,3,50,R$ 30,SIM,sim,pago,4
2847,1867.0,22,m, sp ,Mercado,15,8,0,20,nao,cancelado,PAGO,3
2848,1397.0,,  M,ce,,2,5,,,NAO,0,pendente,2
2849,1674.0,22,m,ce,Eletronicos,5,2,50,,não,cancelado,,0
2850,1386.0,42,f,RJ,Eletronicos,,0,300,R$ 30,NAO,1,,4
2851,1110.0,42,,RJ,Eletronicos,15,1,50,20,sim,1,pendente,3
2852,1613.0,,f, sp ,Roupas,10,4,0,25.5,sim,nao,pendente,4
2853,1016.0,,m,XX,Mercado,999,4,0,10,,cancelado,pendente,2
2854,1883.0,30,Masculino,CE,casa,15,5,150,gratis,,cancelado,cancelado,1
2855,1540.0,,  M,RJ,Casa,-5,4,R$ 400,R$ 30,NAO,sim,cancelado,1
2856,1170.0,22,Masculino,CE,Eletronicos,25,1,300,25.5,,nao,cancelado,
2857,1408.0, 35 ,f,RJ,ELETRONICOS,25,8,150,10,Sim ,0,PAGO,0
2858,1739.0,22,,ce,Mercado,0,2,300,,não,0,cancelado,10
2859,1857.0,18,f,,Mercado,15,3,300,R$ 30,não,1,pendente,10
2860,1229.0,trinta,F,RJ,roupas ,5,5,R$400,0,sim,nao,pago,
2861,1118.0,22,Feminino,,Roup@,0,0,300,25.5,,1,pago,0
2862,1783.0,55,F,CE,,25,0,300,R$ 30,,1,,3
2863,1464.0,30,m, sp ,Roup@,10,2,quatrocentos,,,1,pago,1
2864,1103.0,35,M,,mercado,15,100,0,25.5,nao,1,pago,2
2865,1697.0,42,Masculino,ce,Roupas,10,6,300.0,25.5,SIM,nao,pago,
2866,1174.0,18,,SP,Eletronicos,10,100,200,25.5,não,0,pago,2
2867,1744.0,42,F,ce,roupas ,15,4,,0,sim,1,,
2868,1664.0,30,  M,CE,Eletronicos,5,3,0,20,,nao,pago,4
2869,1032.0,25,Masculino,,Eletronicos,15,5,R$ 400,,sim,nao,pago,1
2870,1054.0,,F,,,5,5,200,25.5,NAO,0,pago,
2871,1518.0,18,, sp ,roupas ,999,4,R$400,10,NAO,0,,1
2872,1755.0,,Feminino,,roupas ,25,8,R$ 400,20,nao,0,PAGO,4
2873,1011.0,30,f,RJ,Casa,-5,0,100,0,NAO,1,,3
2874,1719.0,18,f,PE,eletronicos,15,5,0,gratis,,0,pago,4
2875,1554.0,30,F, sp ,Roup@,0,100,100,0,SIM,1,,0
2876,1372.0,35,m,PE,eletronicos,15,8,50,gratis,,sim,,
2877,1483.0,18,  M,CE,mercado,0,8,50,10,não,1,cancelado,2
2878,1972.0,30,m,XX,roupas ,2,0,,gratis,SIM,cancelado,PAGO,
2879,1622.0, 35 ,Masculino,ce,Roupas,0,4,150,R$ 30,,sim,,1
2880,1306.0,trinta,Feminino,,,0,6,50,25.5,SIM,sim,,10
2881,1456.0,22,Feminino,,mercado,5,5,R$ 400,20,NAO,0,,
2882,1159.0, 35 ,f,ce,roupas ,,1,200,,nao,1,cancelado,1
2883,1330.0,30,Feminino,,eletronicos,0,100,0,R$ 30,sim,0,cancelado,3
2884,1775.0,55,m,CE,casa,-5,2,300,20,Sim ,0,PAGO,0
2885,1224.0,25,  M,CE,casa,5,6,300.0,25.5,sim,1,,
2886,1982.0,22,  M,XX,Roup@,5,0,0,20,sim,cancelado,cancelado,4
2887,1728.0,55,f, sp ,ELETRONICOS,5,3,100,0,sim,cancelado,pendente,0
2888,2068.0,35,F,ce,Roupas,,5,R$400,25.5,sim,0,PAGO,0
2889,2082.0,42,  M,SP,Eletronicos,10,8,50,0,SIM,0,PAGO,3
2890,1643.0,30,m,,Mercado,15,4,150,20,NAO,1,pendente,3
2891,1615.0,22,M,CE,mercado,2,5,300,,NAO,0,PAGO,10
2892,1194.0, 35 ,F,,roupas ,2,1,300,R$ 30,sim,1,cancelado,4
2893,1488.0,25,,SP,casa,15,4,100,gratis,Sim ,1,cancelado,10
2894,1156.0,55,,XX,ELETRONICOS,5,8,50,,não,0,cancelado,4
2895,1609.0,30,Feminino, sp ,Roupas,999,8,200,,sim,0,pendente,2
2896,1411.0,22,Feminino,SP,Roupas,15,4,R$ 400,10,sim,0,cancelado,0
2897,1470.0,42,M,RJ,casa,10,6,100,,Sim ,1,pendente,4
2898,1515.0,,F,PE,Mercado,10,5,200,gratis,SIM,1,pendente,3
2899,1392.0,30,f,XX,ELETRONICOS,0,1,100,0,sim,sim,pendente,2
2900,1630.0,55,m,,Casa,0,0,300.0,25.5,Sim ,0,PAGO,10
2901,1607.0,,M,SP,Mercado,0,8,300,25.5,SIM,nao,,2
2902,1979.0,25,,,eletronicos,0,5,300,0,SIM,1,,3
2903,1433.0,18,  M,,Roupas,999,8,0,10,nao,1,pendente,4
2904,1539.0,42,f,XX,ELETRONICOS,999,3,50,25.5,,0,cancelado,3
2905,1277.0,30,,CE,casa,,0,300,gratis,,sim,pendente,4
2906,1232.0,42,f, sp ,Roupas,2,5,R$ 400,0,nao,cancelado,,3
2907,1361.0,35,M,,Mercado,999,2,200,25.5,nao,nao,pago,3
2908,1025.0,,M,ce,Eletronicos,25,2,50,gratis,sim,0,PAGO,1
2909,2048.0,30,M,SP,Eletronicos,10,4,300,0,,1,cancelado,2
2910,1506.0,22,M,ce,Roupas,10,8,R$400,0,SIM,sim,PAGO,0
2911,1266.0,18,f,,ELETRONICOS,0,4,300,0,sim,nao,PAGO,1
2912,1460.0,18,M,SP,ELETRONICOS,999,100,200,10,,1,pago,1
2913,1455.0,30,F,CE,mercado,5,2,quatrocentos,0,,0,pendente,1
2914,2091.0,42,f,PE,eletronicos,,6,300,,sim,1,cancelado,1
2915,2006.0, 35 ,  M,PE,mercado,25,4,,R$ 30,NAO,1,,0
2916,1862.0,18,F,,mercado,25,6,R$400,20,não,sim,PAGO,1
2917,1490.0,18,,RJ,eletronicos,2,100,300.0,20,não,0,,10
2918,2072.0,35,  M,PE,casa,0,100,quatrocentos,0,NAO,0,,0
2919,1563.0,trinta,,RJ,Eletronicos,25,100,100,25.5,,1,,10
2920,1215.0,35,Feminino,SP,casa,-5,100,quatrocentos,,sim,1,pendente,0
2921,1558.0,35,f,PE,mercado,-5,3,quatrocentos,,Sim ,0,,10
2922,1158.0,trinta,Feminino,,ELETRONICOS,15,100,200,20,SIM,1,cancelado,1
2923,1488.0,42,f,CE,eletronicos,25,3,150,gratis,NAO,1,pendente,2
2924,1685.0,30,  M,,Mercado,999,3,,gratis,nao,1,,0
2925,1793.0,25,,,roupas ,5,5,200,25.5,NAO,sim,,1
2926,1004.0, 35 ,m,RJ,roupas ,2,6,R$ 400,gratis,NAO,0,pendente,
2927,1360.0,18,m, sp ,Roup@,0,100,,R$ 30,,1,cancelado,
2928,1458.0,30,F,PE,Roupas,15,1,300,25.5,,sim,PAGO,3
2929,1247.0, 35 ,M,CE,Casa,10,0,150,gratis,NAO,cancelado,pago,3
2930,1945.0,30,M,CE,Casa,-5,4,200,0,não,0,pendente,4
2931,1421.0,trinta,m,ce,,999,8,,,sim,1,,
2932,1014.0, 35 ,  M,,Mercado,15,6,200,gratis,NAO,0,pago,2
2933,1735.0,18,,CE,Roup@,0,6,R$ 400,,NAO,0,PAGO,
2934,1276.0, 35 ,F,SP,Eletronicos,5,8,200,0,,cancelado,,0
2935,1452.0,25,  M,XX,Mercado,999,4,50,gratis,NAO,0,cancelado,10
2936,1597.0,,M,,mercado,0,6,300,gratis,Sim ,0,,3
2937,1445.0,trinta,F,RJ,Mercado,,3,R$400,gratis,Sim ,1,PAGO,0
2938,1209.0, 35 ,Feminino,,roupas ,0,5,100,0,SIM,cancelado,pago,
2939,1713.0,18,Masculino,CE,Casa,0,2,300.0,gratis,sim,1,cancelado,0
2940,1301.0,18,,,Eletronicos,5,3,R$ 400,gratis,NAO,0,,3
2941,1002.0, 35 ,F,SP,Roupas,25,100,300,,SIM,nao,,1
2942,1989.0,,M,SP,mercado,,6,100,R$ 30,,nao,,10
2943,1519.0,42,  M,PE,Roupas,2,3,0,10,nao,1,pendente,3
2944,1492.0,30,Feminino,RJ,roupas ,15,2,100,0,SIM,1,,2
2945,1619.0,55,,PE,Roup@,10,5,,R$ 30,nao,1,,
2946,1330.0,35,, sp ,Roupas,2,5,300,20,nao,sim,pago,
2947,1332.0,trinta,F,XX,Roup@,2,1,,,sim,cancelado,,3
2948,1049.0,55,,ce,mercado,2,3,150,25.5,Sim ,sim,pendente,10
2949,1862.0,30,Feminino,SP,Casa,2,8,0,,,sim,cancelado,3
2950,1271.0,30,,RJ,ELETRONICOS,5,100,300,10,sim,sim,,10
2951,1579.0,18,  M,RJ,Mercado,25,5,0,R$ 30,SIM,1,pendente,
2952,1559.0,30,F,ce,casa,5,4,R$ 400,R$ 30,nao,1,,1
2953,1695.0,42,,ce,Eletronicos,15,3,100,gratis,sim,nao,,3
2954,1445.0,30,,PE,eletronicos,,100,100,20,Sim ,0,,3
2955,2016.0,30,  M,,eletronicos,10,8,0,20,SIM,nao,pago,1
2956,1356.0,25,f, sp ,mercado,5,8,100,gratis,sim,nao,pendente,
2957,1273.0,30,, sp ,Mercado,15,0,300.0,R$ 30,,0,pendente,3
2958,2042.0,42,f,CE,Mercado,,1,quatrocentos,,,0,PAGO,1
2959,1310.0,,f, sp ,Mercado,15,4,R$ 400,R$ 30,NAO,nao,PAGO,2
2960,1869.0,55,,RJ,Eletronicos,25,5,,gratis,NAO,nao,pendente,1
2961,1885.0,30,, sp ,Casa,15,5,R$ 400,10,,nao,,0
2962,,30,f, sp ,,999,1,100,0,sim,0,pago,0
2963,1619.0,55,,SP,ELETRONICOS,15,3,200,10,sim,0,,10
2964,1882.0,42,,CE,,5,2,0,0,nao,sim,cancelado,1
2965,1796.0,,  M,RJ,Mercado,15,8,R$400,20,,1,,3
2966,1124.0,30,Feminino,ce,casa,5,5,R$ 400,25.5,nao,0,,4
2967,1618.0,18,,PE,ELETRONICOS,,3,quatrocentos,gratis,Sim ,1,cancelado,
2968,1244.0,trinta,  M,XX,Eletronicos,999,0,50,10,SIM,cancelado,pago,
2969,1847.0,,Masculino,PE,Mercado,,1,quatrocentos,20,sim,0,PAGO,4
2970,1449.0,55,f,,mercado,15,1,0,10,SIM,0,pendente,2
2971,1929.0,55,F,XX,Eletronicos,2,6,150,R$ 30,NAO,1,pago,2
2972,1519.0,,,,ELETRONICOS,10,1,R$400,0,SIM,nao,cancelado,4
2973,1361.0,55,,CE,Roup@,-5,4,R$ 400,gratis,não,sim,,4
2974,1007.0,55,f,ce,Roup@,2,6,100,R$ 30,,0,pendente,1
2975,1477.0,trinta,f,PE,,999,1,quatrocentos,0,Sim ,nao,cancelado,4
2976,1494.0,trinta,Masculino, sp ,mercado,,100,300,R$ 30,,nao,,0
2977,1832.0,30,F,CE,Roupas,999,4,R$400,0,Sim ,1,,2
2978,2062.0, 35 ,  M, sp ,eletronicos,25,100,quatrocentos,0,,sim,,
2979,1592.0, 35 ,Masculino,CE,mercado,,100,R$ 400,R$ 30,SIM,1,,10
2980,1186.0,22,Feminino,CE,Roup@,15,6,quatrocentos,20,,cancelado,pendente,
2981,1753.0,55,f,,mercado,,8,200,gratis,,cancelado,PAGO,2
2982,1092.0,55,,SP,roupas ,2,1,R$400,25.5,Sim ,0,PAGO,
2983,1085.0,30,, sp ,Roup@,10,5,R$400,10,SIM,cancelado,cancelado,0
2984,2067.0, 35 ,Masculino, sp ,Casa,15,3,100,,SIM,sim,PAGO,2
2985,1136.0,30,Feminino, sp ,,2,6,R$ 400,0,NAO,nao,PAGO,4
2986,1420.0,18,m,,Mercado,0,4,150,gratis,,sim,cancelado,2
2987,1073.0,22,M,PE,Casa,15,100,quatrocentos,10,,1,cancelado,0
2988,1170.0,22,,RJ,Roupas,15,8,300.0,gratis,SIM,sim,cancelado,2
2989,1169.0,,, sp ,mercado,2,4,quatrocentos,R$ 30,Sim ,0,pendente,10
2990,1871.0,30,m,PE,roupas ,25,6,R$ 400,10,,sim,cancelado,10
2991,1321.0,18,f,SP,Roup@,,2,300.0,gratis,não,0,pendente,10
2992,1455.0,30,  M, sp ,Mercado,0,3,200,25.5,sim,sim,pendente,
2993,1943.0,trinta,F,ce,roupas ,999,8,,,Sim ,1,pendente,10
2994,1789.0,35,m,,roupas ,15,4,0,gratis,não,cancelado,cancelado,4
2995,1612.0, 35 ,Feminino, sp ,Casa,,8,R$ 400,,Sim ,0,PAGO,10
2996,1888.0,55,,RJ,eletronicos,-5,100,200,gratis,não,0,,10
2997,1348.0,30,M,ce,ELETRONICOS,-5,5,100,,Sim ,0,,1
2998,1009.0,,f,,eletronicos,999,1,50,0,sim,nao,PAGO,10
2999,1739.0, 35 ,M,,mercado,5,5,100,,,1,cancelado,4
3000,1666.0,55,F,,mercado,0,6,R$400,,NAO,cancelado,PAGO,10
3001,1545.0,35,,RJ,eletronicos,-5,2,50,0,NAO,1,cancelado,2
3002,1128.0,35,Feminino,,ELETRONICOS,10,0,quatrocentos,0,sim,0,pendente,10
3003,1600.0,trinta,,RJ,Roup@,999,2,0,R$ 30,Sim ,0,,3
3004,1604.0,,F,,roupas ,2,100,50,,,nao,pago,2
3005,1326.0,42,m,,,2,2,50,gratis,não,1,,
3006,1979.0,35,,XX,roupas ,10,3,,25.5,SIM,sim,cancelado,10
3007,,,,PE,eletronicos,0,0,200,10,Sim ,sim,pendente,10
3008,1628.0, 35 ,Feminino,,eletronicos,-5,6,0,0,sim,sim,,2
3009,1717.0,25,m,RJ,Eletronicos,5,1,quatrocentos,20,nao,1,pendente,0
3010,2040.0,25,Masculino,RJ,ELETRONICOS,0,4,R$ 400,gratis,NAO,0,pago,3
3011,1273.0,55,F,SP,,25,5,50,25.5,NAO,0,,0
3012,1684.0,55,  M,RJ,Casa,0,3,300,25.5,,1,PAGO,10
3013,1115.0,42,,CE,,2,1,200,0,Sim ,1,PAGO,0
3014,1860.0,25,Feminino,PE,roupas ,-5,3,50,R$ 30,não,1,pendente,4
3015,1692.0,55,,,Casa,999,100,quatrocentos,0,,0,pago,1
3016,1323.0,35,F,ce,Mercado,-5,2,0,R$ 30,,sim,pendente,2
3017,1960.0,55,m,SP,Roup@,,1,300,20,sim,cancelado,PAGO,3
3018,1113.0,22,  M,RJ,eletronicos,2,8,300,20,sim,1,pendente,2
3019,2081.0,42,M,CE,Eletronicos,,8,100,0,não,1,,0
3020,1153.0,30,  M,SP,Eletronicos,10,5,300,10,não,1,pago,0
3021,1314.0,18,Feminino,CE,mercado,5,2,R$400,,,nao,PAGO,1
3022,2064.0,30,,SP,Mercado,0,1,0,0,Sim ,1,,3
3023,1104.0,,  M,RJ,Roup@,25,5,R$400,0,,sim,,2
3024,1353.0,18,f,CE,Roup@,15,4,R$ 400,25.5,Sim ,nao,pendente,4
3025,2015.0,18,m,,Roupas,15,100,200,0,nao,1,pago,2
3026,1732.0,trinta,m,ce,eletronicos,999,5,300,0,NAO,nao,pendente,0
3027,1708.0,,f,,mercado,10,2,0,0,,nao,PAGO,3
3028,1650.0,30,,ce,ELETRONICOS,2,4,200,10,NAO,0,pago,
3029,1823.0,55,,,ELETRONICOS,25,100,quatrocentos,25.5,não,1,PAGO,3
3030,1946.0,trinta,F,XX,casa,999,0,quatrocentos,gratis,SIM,nao,,3
3031,1660.0,18,Masculino,PE,Roup@,10,3,300.0,gratis,SIM,sim,,
3032,1098.0,,M,XX,Casa,5,0,0,gratis,SIM,nao,,3
3033,1587.0,22,f, sp ,Mercado,2,2,quatrocentos,gratis,sim,nao,cancelado,3
3034,1281.0,30,F,RJ,Eletronicos,15,3,R$400,25.5,Sim ,cancelado,pago,10
3035,1402.0,18,,,eletronicos,5,5,300.0,0,não,1,,1
3036,1699.0,25,f,,Mercado,999,0,150,gratis,NAO,nao,cancelado,1
3037,1198.0,30,Masculino,ce,roupas ,,1,,0,SIM,0,,4
3038,1326.0,30,f,,Roupas,2,4,150,,NAO,0,pago,3
3039,1153.0,30,Masculino,XX,Eletronicos,5,1,,,Sim ,cancelado,PAGO,0
3040,1551.0,42,Masculino,,Mercado,0,1,quatrocentos,gratis,nao,nao,pendente,0
3041,1404.0,42,Masculino,XX,,-5,5,300.0,10,nao,1,pendente,2
3042,1461.0,35,m,PE,Mercado,5,6,300,0,não,0,PAGO,3
3043,1131.0, 35 ,  M,PE,Roupas,999,1,100,25.5,SIM,0,,
3044,1790.0,30,m,,Mercado,,6,300,R$ 30,,1,cancelado,2
3045,1873.0,trinta,F, sp ,mercado,999,5,300,10,SIM,0,PAGO,0
3046,1083.0,55,m,,Eletronicos,,4,,R$ 30,nao,0,cancelado,10
3047,1753.0,18,m,XX,roupas ,0,5,50,10,não,1,cancelado,4
3048,1627.0, 35 ,,XX,Eletronicos,-5,0,quatrocentos,25.5,NAO,0,PAGO,0
3049,1220.0,55,f,PE,Roupas,0,100,50,10,Sim ,1,pago,10
3050,1552.0,trinta,m,RJ,roupas ,-5,2,0,,nao,nao,,10
3051,1111.0, 35 ,Masculino,,,10,6,,0,nao,0,,4
3052,1614.0,55,f,XX,ELETRONICOS,15,3,200,20,Sim ,0,PAGO,3
3053,1923.0,22,,PE,eletronicos,,2,quatrocentos,20,Sim ,1,pendente,2
3054,1474.0,42,,PE,Roup@,10,1,300,gratis,nao,1,cancelado,2
3055,1835.0,trinta,  M,CE,,5,4,100,,NAO,1,,1
3056,1270.0,,,XX,ELETRONICOS,-5,0,150,gratis,NAO,1,,3
3057,1420.0,30,Masculino,CE,mercado,0,3,200,0,SIM,0,cancelado,0
3058,1706.0,25,f,PE,Eletronicos,10,5,150,25.5,NAO,nao,cancelado,
3059,1039.0,22,  M,RJ,,0,5,R$400,0,sim,sim,cancelado,2
3060,1188.0,42,M,RJ,roupas ,-5,5,100,gratis,não,nao,,10
3061,1993.0,30,Feminino,CE,eletronicos,0,100,200,10,NAO,1,,4
3062,1535.0,42,,PE,eletronicos,2,0,300.0,R$ 30,Sim ,sim,,10
3063,2027.0, 35 ,  M,CE,Roupas,2,0,300.0,,NAO,0,,4
3064,1289.0,35,F,,Roupas,,1,300,0,SIM,sim,,0
3065,1432.0,22,  M,CE,Roupas,0,1,R$400,0,,nao,pendente,0
3066,1470.0,30,Feminino, sp ,Casa,5,2,300.0,25.5,não,0,pendente,3
3067,1627.0, 35 ,Masculino,XX,Eletronicos,2,0,,gratis,não,cancelado,pendente,0
3068,1278.0,trinta,f,SP,casa,5,1,150,0,Sim ,0,pago,0
3069,1876.0,30,M,PE,mercado,999,4,,10,não,0,,0
3070,1580.0,42,F,RJ,Mercado,25,100,quatrocentos,R$ 30,sim,1,,
3071,1862.0,,  M,,mercado,-5,2,R$400,10,não,sim,,2
3072,1253.0,trinta,m,XX,Roup@,-5,3,0,20,nao,1,,3
3073,1180.0,30,Masculino,SP,Roupas,5,6,0,gratis,Sim ,0,PAGO,
3074,1680.0, 35 ,, sp ,Roup@,15,3,R$400,10,não,sim,PAGO,
3075,1824.0,35,,,mercado,5,4,200,25.5,NAO,0,pago,2
3076,1699.0,42,Feminino,RJ,Casa,-5,100,0,R$ 30,SIM,1,PAGO,3
3077,1565.0,,Masculino, sp ,Roup@,25,100,300,gratis,nao,0,pendente,0
3078,1679.0,30,F,RJ,,2,5,300,10,nao,nao,pago,10
3079,1390.0,35,,RJ,Eletronicos,5,8,150,0,NAO,0,pago,10
3080,1211.0,55,M,PE,roupas ,0,100,150,gratis,,0,pago,
3081,1383.0, 35 ,F,,casa,15,0,,10,nao,1,cancelado,4
3082,1341.0,trinta,M,,casa,-5,8,100,,sim,cancelado,PAGO,2
3083,1843.0,,f,CE,mercado,5,0,R$ 400,0,sim,0,,0
3084,2061.0,42,f,CE,Mercado,5,5,R$ 400,20,SIM,1,cancelado,2
3085,1419.0,42,Masculino,XX,Roupas,0,5,50,R$ 30,SIM,0,,3
3086,1750.0,30,Masculino,RJ,mercado,999,5,200,gratis,SIM,sim,pendente,3
3087,1305.0,,,XX,Roup@,2,1,R$400,gratis,SIM,sim,cancelado,10
3088,1701.0,30,m,,Casa,25,6,R$400,10,não,nao,pendente,1
3089,1868.0,25,Feminino,RJ,roupas ,2,5,300.0,20,,nao,,
3090,1536.0,55,m,RJ,,0,0,150,25.5,nao,0,,
3091,1205.0,35,F,SP,casa,-5,0,150,10,NAO,nao,PAGO,4
3092,1495.0,22,,CE,ELETRONICOS,0,2,quatrocentos,10,sim,nao,,1
3093,2070.0,22,M,,casa,,6,,25.5,não,0,cancelado,2
3094,1503.0,,, sp ,roupas ,10,6,300.0,25.5,SIM,0,,4
3095,2045.0,42,  M, sp ,Eletronicos,999,3,100,25.5,Sim ,0,pendente,10
3096,1212.0,30,f,,Roup@,10,1,100,R$ 30,Sim ,0,,0
3097,1309.0,18,m,ce,eletronicos,-5,8,200,25.5,NAO,nao,PAGO,10
3098,1660.0,,Feminino,,Casa,25,5,,,sim,1,pendente,10
3099,1752.0,42,,ce,Mercado,2,5,300,25.5,,sim,pago,4
3100,1271.0,22,,SP,ELETRONICOS,15,0,R$ 400,0,,nao,,4
3101,1937.0,22,f, sp ,mercado,,5,0,0,sim,0,PAGO,3
3102,1031.0,55,Masculino,,Roupas,999,5,300.0,25.5,NAO,1,PAGO,1
3103,1442.0,trinta,,RJ,Roupas,10,1,R$ 400,R$ 30,,0,pago,3
3104,1161.0,18,F,PE,Roupas,5,2,200,R$ 30,SIM,sim,,3
3105,1766.0,42,F,,ELETRONICOS,,5,quatrocentos,20,,1,,1
3106,1253.0,55,Masculino, sp ,roupas ,2,8,50,R$ 30,SIM,0,PAGO,3
3107,1520.0,30,M,XX,Mercado,,3,150,,,1,pago,4
3108,1976.0,55,,XX,,-5,1,300,,nao,1,,2
3109,1009.0,42,Masculino,PE,casa,5,2,R$400,20,sim,sim,pago,0
3110,1725.0, 35 ,F, sp ,mercado,25,3,50,25.5,sim,nao,,
3111,1504.0,25,,,eletronicos,5,100,150,R$ 30,sim,sim,PAGO,0
3112,1784.0,,F,RJ,Mercado,25,0,quatrocentos,0,,1,cancelado,
3113,1435.0,42,  M,,mercado,-5,4,200,20,SIM,cancelado,PAGO,
3114,1152.0,30,,XX,eletronicos,25,0,R$ 400,0,Sim ,1,,3
3115,1916.0,22,Feminino,PE,Casa,5,100,R$ 400,,NAO,1,cancelado,1
3116,1868.0,18,  M,RJ,roupas ,25,3,50,10,NAO,nao,,4
3117,1752.0,18,M,XX,Casa,0,6,300,,não,0,pago,3
3118,1562.0,,f,,roupas ,25,0,300,,não,0,pendente,4
3119,1488.0,trinta,  M,RJ,Roup@,5,8,200,0,Sim ,nao,PAGO,4
3120,1894.0,25,M,,casa,0,100,R$ 400,25.5,sim,1,pendente,
3121,1103.0,30,M,,Eletronicos,0,8,quatrocentos,R$ 30,Sim ,0,,
3122,2024.0,22,Feminino,RJ,,5,1,50,,,sim,PAGO,10
3123,2006.0,,f,,Eletronicos,15,100,50,R$ 30,,1,pendente,
3124,1406.0,,m,PE,roupas ,-5,5,300.0,gratis,,1,,0
3125,1166.0,,Masculino, sp ,Eletronicos,2,6,R$400,25.5,não,1,cancelado,2
3126,1508.0,18,,SP,ELETRONICOS,2,2,100,10,nao,0,,2
3127,1312.0,30,m,,mercado,0,2,300.0,R$ 30,,nao,PAGO,1
3128,1762.0,55,Masculino,SP,Mercado,-5,4,50,0,não,sim,,2
3129,1680.0,trinta,Masculino,XX,Casa,25,4,300,20,NAO,1,,3
3130,1476.0,,,,Roup@,999,5,200,,,0,pago,2
3131,1072.0,42,f,XX,casa,15,8,0,25.5,Sim ,0,PAGO,0
3132,1581.0,42,M,PE,casa,10,1,300,R$ 30,SIM,1,PAGO,4
3133,1261.0,,Masculino,CE,Roup@,-5,4,,20,não,0,,3
3134,1244.0, 35 ,M,RJ,Roupas,15,100,100,0,NAO,nao,PAGO,3
3135,1560.0,22,Feminino,XX,Roupas,2,0,0,R$ 30,sim,nao,,4
3136,2099.0,30,  M,XX,Roupas,999,3,200,10,,nao,,10
3137,1174.0,35,M,RJ,Roup@,25,6,R$ 400,,Sim ,1,pago,10
3138,1108.0,18,f,CE,Eletronicos,999,100,R$ 400,,não,0,pago,4
3139,1182.0,30,,,eletronicos,999,0,R$ 400,25.5,SIM,cancelado,pago,0
3140,1191.0,30,M, sp ,Roup@,25,8,100,20,,nao,pendente,
3141,1064.0,42,,XX,,999,8,R$ 400,R$ 30,não,0,pago,3
3142,1962.0,35,,CE,Eletronicos,-5,1,150,,SIM,1,pago,2
3143,1863.0,30,Masculino,CE,Mercado,10,5,R$ 400,25.5,Sim ,sim,,2
3144,1368.0,25,Feminino,PE,Roup@,15,8,100,R$ 30,nao,nao,,
3145,1850.0,25,  M,XX,Casa,-5,2,100,25.5,SIM,1,,
3146,1042.0,22,f,,Eletronicos,15,6,0,20,SIM,1,PAGO,0
3147,1487.0,35,Feminino,,casa,0,2,R$ 400,10,NAO,0,PAGO,2
3148,1077.0,25,  M,CE,roupas ,5,3,R$ 400,25.5,nao,nao,PAGO,2
3149,1825.0,25,Feminino,PE,roupas ,5,1,R$400,10,Sim ,1,,
3150,1673.0,42,Feminino,PE,Roup@,10,3,300,10,não,cancelado,,3
3151,1700.0,30,F,RJ,Casa,-5,8,50,,nao,0,,3
3152,1758.0,22,Masculino,XX,Casa,10,5,0,,sim,nao,pago,1
3153,1727.0,30,m,CE,roupas ,10,4,R$ 400,0,,cancelado,cancelado,3
3154,1924.0,,  M,,Eletronicos,15,0,300,R$ 30,Sim ,cancelado,pago,0
3155,1901.0,55,f,,,0,0,150,20,nao,nao,,10
3156,1888.0,18,M,SP,Mercado,2,1,,0,Sim ,0,cancelado,3
3157,1992.0,18,Feminino,SP,Roup@,0,100,,gratis,sim,sim,,4
3158,1338.0,trinta,Feminino,,Mercado,999,100,300.0,,não,0,,3
3159,1192.0,55,  M,CE,,999,2,quatrocentos,R$ 30,,sim,,1
3160,1282.0,55,,XX,Roupas,0,2,150,0,NAO,0,pendente,2
3161,1389.0,18,m,,eletronicos,0,0,0,25.5,nao,1,cancelado,3
3162,1999.0,18,Feminino,RJ,ELETRONICOS,10,6,R$ 400,25.5,não,1,pendente,2
3163,,30,F,XX,Roupas,5,3,200,25.5,sim,0,pago,2
3164,1658.0,35,, sp ,mercado,-5,2,R$400,gratis,não,nao,pendente,3
3165,1715.0,35,F,XX,casa,999,5,quatrocentos,10,Sim ,1,pendente,3
3166,1890.0,30,m,XX,ELETRONICOS,0,0,R$400,,NAO,1,,4
3167,1451.0,30,F,CE,casa,25,6,R$400,25.5,SIM,sim,pago,10
3168,1427.0,55,,RJ,Roup@,15,3,,R$ 30,nao,0,cancelado,1
3169,2045.0, 35 ,M,CE,Roupas,2,100,,R$ 30,não,1,PAGO,3
3170,1882.0,55,Masculino,ce,Casa,,0,150,,SIM,1,,2
3171,1312.0,trinta,M,RJ,,15,6,R$400,0,NAO,0,,2
3172,1839.0,18,Masculino,CE,roupas ,5,1,,10,,0,cancelado,3
3173,1518.0,55,,SP,roupas ,15,2,150,0,SIM,cancelado,pago,1
3174,1374.0,18,,ce,Mercado,25,4,50,0,não,1,pendente,10
3175,1450.0,55,,RJ,ELETRONICOS,5,2,quatrocentos,25.5,sim,0,PAGO,2
3176,2014.0,trinta,F, sp ,mercado,-5,3,100,0,nao,0,pendente,10
3177,1594.0,30,,,Roupas,10,0,200,,Sim ,0,pago,2
3178,1499.0,,Masculino, sp ,roupas ,999,100,0,gratis,,0,pago,4
3179,1463.0, 35 ,M,SP,Eletronicos,15,6,,R$ 30,Sim ,1,PAGO,2
3180,1112.0,25,  M,SP,Casa,25,4,300,R$ 30,nao,nao,cancelado,1
3181,2035.0,30,Feminino,,casa,10,2,150,R$ 30,SIM,0,cancelado,0
3182,1330.0,30,Masculino,,Roup@,25,8,300.0,,Sim ,nao,pago,4
3183,1139.0, 35 ,M, sp ,Mercado,,8,300.0,10,nao,1,pago,4
3184,1901.0,55,M,XX,ELETRONICOS,5,100,quatrocentos,25.5,nao,nao,,0
3185,1516.0,25,Feminino,CE,eletronicos,-5,5,0,25.5,Sim ,1,pendente,4
3186,1568.0,trinta,  M,,roupas ,999,4,R$400,,sim,sim,PAGO,4
3187,1845.0,35,M,ce,Mercado,10,6,R$ 400,0,SIM,1,,4
3188,2092.0,55,,,,15,2,quatrocentos,0,,1,pago,2
3189,1117.0,30,f,SP,Eletronicos,5,2,0,20,sim,nao,PAGO,2
3190,1887.0,18,Masculino,,Eletronicos,,100,R$ 400,20,sim,1,,3
3191,2082.0,22,F,XX,mercado,10,8,200,25.5,NAO,1,pago,3
3192,2056.0,55,,PE,ELETRONICOS,,8,0,,SIM,sim,pago,2
3193,1049.0,,F,RJ,mercado,-5,5,150,25.5,,nao,cancelado,4
3194,1018.0,22,m,PE,ELETRONICOS,0,8,300.0,0,sim,0,PAGO,1
3195,,55,,PE,roupas ,10,100,200,,não,0,cancelado,0
3196,1196.0, 35 ,F,,Roupas,-5,5,,gratis,Sim ,cancelado,,3
3197,1558.0,,Feminino,PE,Roup@,10,100,100,gratis,SIM,1,cancelado,
3198,1451.0,22,f,ce,casa,0,1,0,R$ 30,NAO,1,,3
3199,1288.0,55,  M,SP,casa,999,3,150,0,sim,1,PAGO,4
3200,1390.0,30,Feminino,PE,,25,8,50,,não,1,,
3201,1214.0,,,XX,Roupas,10,4,R$ 400,20,Sim ,nao,,3
3202,1214.0,22,,RJ,Eletronicos,0,2,50,20,Sim ,nao,cancelado,10
3203,1127.0,55,f,CE,Casa,999,3,,gratis,,0,pendente,1
3204,1759.0,35,M,,Roup@,10,8,300,25.5,,1,,10
3205,1403.0,18,F,,roupas ,25,0,300.0,0,não,0,,4
3206,2052.0,35,, sp ,Roupas,,100,0,R$ 30,SIM,1,pendente,3
3207,1337.0,25,,XX,Roup@,10,6,0,R$ 30,Sim ,sim,pago,2
3208,1830.0,55,F,SP,casa,5,100,R$ 400,25.5,Sim ,sim,cancelado,1
3209,1713.0,42,f,ce,Roup@,999,4,R$400,20,Sim ,cancelado,,3
3210,1360.0,30,M,XX,ELETRONICOS,-5,5,300.0,gratis,,0,PAGO,
3211,1568.0,35,  M,,Mercado,,1,R$ 400,25.5,,1,,4
3212,1217.0,22,f,CE,ELETRONICOS,15,100,150,20,nao,1,,10
3213,1201.0, 35 ,,RJ,Roupas,10,100,R$ 400,20,sim,1,pago,4
3214,1016.0,,, sp ,roupas ,25,100,100,,sim,nao,,0
3215,1321.0,30,,SP,,2,3,50,0,Sim ,nao,cancelado,
3216,1517.0,42,m, sp ,eletronicos,25,0,R$ 400,20,NAO,sim,,0
3217,1680.0,trinta,Masculino,CE,,10,3,,25.5,,sim,cancelado,10
3218,1424.0,55,Feminino,PE,mercado,2,6,300,10,nao,cancelado,pago,0
3219,2018.0, 35 ,Feminino, sp ,,10,5,R$400,gratis,Sim ,cancelado,,2
3220,1386.0,55,,,mercado,25,0,100,20,SIM,sim,pendente,4
3221,1777.0,25,Feminino,PE,eletronicos,25,3,R$ 400,25.5,,1,,4
3222,1097.0,42,Feminino,XX,Roup@,999,1,R$400,R$ 30,,1,cancelado,3
3223,1207.0,,f,RJ,eletronicos,2,100,R$400,0,nao,sim,cancelado,
3224,1585.0,,  M,,mercado,-5,100,300.0,R$ 30,NAO,0,pago,
3225,1165.0,55,,CE,Eletronicos,25,3,,,,1,pago,
3226,1021.0,22,m,PE,casa,10,2,quatrocentos,gratis,SIM,nao,PAGO,2
3227,1153.0,25,  M,,mercado,15,4,100,0,,1,,
3228,1218.0,30,m,PE,mercado,10,0,100,0,,1,,
3229,1668.0,trinta,,SP,Eletronicos,999,6,50,R$ 30,não,1,pago,
3230,1229.0,42,M,SP,mercado,15,1,50,0,não,cancelado,,0
3231,1019.0,18,M,PE,Roup@,10,0,200,R$ 30,sim,0,pago,2
3232,1552.0, 35 ,Feminino,PE,Eletronicos,5,5,200,10,nao,0,pendente,0
3233,1949.0,35,,SP,casa,10,6,0,25.5,sim,1,pago,1
3234,1147.0,55,f,XX,roupas ,-5,5,quatrocentos,25.5,sim,0,cancelado,2
3235,1402.0, 35 ,Feminino, sp ,ELETRONICOS,0,5,150,gratis,,cancelado,pendente,0
3236,, 35 ,Masculino,RJ,roupas ,25,3,,,nao,0,PAGO,2
3237,1366.0,18,M,,Eletronicos,999,4,quatrocentos,,,nao,,10
3238,1801.0,18,Feminino,,Eletronicos,2,5,quatrocentos,25.5,não,nao,PAGO,
3239,1917.0,25,,CE,Roupas,10,2,0,gratis,nao,1,pago,4
3240,1072.0,42,m,RJ,Mercado,5,6,quatrocentos,20,SIM,1,,1
3241,1480.0,22,m,ce,Mercado,5,2,R$ 400,gratis,NAO,0,PAGO,3
3242,1559.0,trinta,F,SP,Eletronicos,2,4,200,,sim,cancelado,cancelado,
3243,1744.0,,f,ce,ELETRONICOS,25,1,quatrocentos,25.5,,nao,pago,1
3244,1099.0,18,m,RJ,Roupas,25,4,150,20,não,1,,2
3245,2082.0,18,F,,eletronicos,10,8,100,20,sim,0,PAGO,1
3246,1507.0,35,M,CE,Casa,,0,R$400,10,,sim,,4
3247,1257.0,30,m,PE,ELETRONICOS,0,2,300,R$ 30,,nao,,2
3248,1412.0,18,Feminino, sp ,Eletronicos,0,3,0,25.5,Sim ,1,,
3249,2088.0,30,,,Eletronicos,0,1,R$ 400,0,NAO,1,pendente,2
3250,1594.0,25,Masculino,RJ,ELETRONICOS,5,8,quatrocentos,R$ 30,SIM,0,,4
3251,1265.0,22,m,RJ,Roup@,999,4,50,25.5,sim,nao,,10
3252,1820.0, 35 ,Masculino,ce,Roupas,0,0,R$400,0,Sim ,0,pago,0
3253,1661.0,,Masculino,XX,Eletronicos,10,5,,R$ 30,Sim ,0,,3
3254,1946.0,18,Masculino,ce,Casa,,100,300.0,,,1,pendente,10
3255,1559.0,55,  M,,eletronicos,5,6,100,10,NAO,cancelado,,
3256,1916.0,30,Masculino,ce,roupas ,-5,2,150,25.5,não,nao,pendente,10
3257,1890.0,35,  M,XX,casa,10,1,100,R$ 30,não,nao,cancelado,1
3258,1867.0,trinta,, sp ,Casa,0,1,300,10,sim,1,pendente,
3259,1609.0,35,Masculino,SP,,25,100,R$400,0,sim,nao,pago,
3260,1413.0,18,F,RJ,casa,0,1,quatrocentos,gratis,não,cancelado,PAGO,10
3261,1024.0,42,Masculino,PE,mercado,999,3,R$400,,SIM,0,,3
3262,1283.0, 35 ,,ce,,10,2,0,25.5,SIM,nao,PAGO,
3263,,22,f,,Roup@,5,4,quatrocentos,20,Sim ,0,cancelado,
3264,1300.0,55,F, sp ,Casa,999,1,300,20,NAO,sim,pago,3
3265,2091.0,42,m,CE,Mercado,2,1,0,10,SIM,cancelado,cancelado,10
3266,2030.0,35,,RJ,Roup@,5,4,,,sim,sim,cancelado,4
3267,1816.0,30,,XX,Mercado,2,4,150,gratis,,1,,0
3268,1082.0,30,,,eletronicos,25,8,300.0,20,,0,,3
3269,2096.0,42,,XX,eletronicos,999,0,150,20,,0,pago,2
3270,1045.0,30,,ce,eletronicos,5,0,R$400,25.5,SIM,1,PAGO,10
3271,1617.0,35,,,Roup@,15,0,quatrocentos,20,NAO,cancelado,pendente,
3272,1927.0,42,,,eletronicos,15,100,200,,sim,1,,0
3273,1261.0,35,M,XX,ELETRONICOS,-5,1,R$400,,NAO,0,pago,4
3274,1175.0,55,Feminino,,casa,2,100,0,0,não,nao,pago,10
3275,1656.0, 35 ,,CE,casa,,0,150,10,NAO,0,PAGO,3
3276,1841.0,trinta,,,,10,1,300.0,,NAO,1,pago,10
3277,1369.0,55,m,RJ,Roupas,0,8,50,R$ 30,NAO,0,,4
3278,1053.0,55,M, sp ,Mercado,25,100,R$400,20,sim,1,pago,1
3279,1689.0,30,F,,casa,15,4,100,25.5,NAO,cancelado,PAGO,4
3280,1366.0,18,F,RJ,Eletronicos,,100,150,R$ 30,NAO,nao,,2
3281,1643.0,30,  M,PE,casa,,1,150,0,,1,PAGO,4
3282,1378.0,30,Feminino,XX,Eletronicos,2,100,R$ 400,R$ 30,,nao,cancelado,0
3283,1072.0,18,F,XX,Roupas,-5,6,50,20,,nao,,1
3284,1914.0,35,,PE,mercado,,4,200,10,,cancelado,cancelado,10
3285,1859.0,30,,,Roup@,25,5,50,10,nao,nao,pago,10
3286,1042.0,30,  M,RJ,Casa,2,8,300,,nao,1,cancelado,2
3287,1376.0,30,f,,mercado,999,4,R$400,10,,cancelado,PAGO,1
3288,2064.0,30,M,,Roupas,25,0,R$400,20,Sim ,sim,PAGO,2
3289,1169.0,25,f,PE,casa,0,3,0,0,,1,pendente,10
3290,1211.0, 35 ,f,XX,casa,-5,2,150,,sim,nao,,1
3291,1038.0,25,,PE,Mercado,-5,1,150,gratis,nao,sim,pago,3
3292,1368.0,18,f,CE,Roup@,-5,6,0,R$ 30,NAO,1,PAGO,4
3293,1756.0,22,f,CE,Roupas,2,2,200,,SIM,0,pago,2
3294,1150.0,42,F,CE,eletronicos,-5,0,300,10,NAO,1,cancelado,2
3295,2070.0,trinta,  M,SP,Casa,10,4,300,0,SIM,0,,3
3296,2023.0,22,f, sp ,mercado,25,100,quatrocentos,25.5,,1,pago,
3297,1736.0,42,Feminino,ce,ELETRONICOS,25,4,100,25.5,,1,,1
3298,1068.0,18,m,SP,,999,4,R$400,0,,1,pendente,4
3299,1298.0,,  M,,ELETRONICOS,-5,0,100,25.5,,sim,pendente,3
3300,1943.0,18,Feminino,,ELETRONICOS,-5,0,100,25.5,não,1,cancelado,1
3301,1801.0,35,m,XX,Roupas,0,5,R$400,10,não,0,PAGO,4
3302,1295.0,trinta,f,,eletronicos,-5,3,100,20,,1,pago,1
3303,1202.0,,Masculino,PE,roupas ,-5,2,300,20,,sim,cancelado,0
3304,1060.0, 35 ,,XX,ELETRONICOS,25,100,300,20,sim,1,pago,4
3305,1945.0,30,Feminino,ce,mercado,25,100,0,20,sim,1,pago,0
3306,1962.0,25,f,ce,roupas ,15,5,300.0,0,,0,cancelado,0
3307,1330.0,25,  M,RJ,Casa,15,0,R$400,,,1,pago,4
3308,1337.0,18,F,,Mercado,25,8,R$400,10,não,1,cancelado,3
3309,1638.0,25,f,ce,eletronicos,,3,R$400,0,sim,cancelado,,1
3310,1274.0,,Masculino, sp ,Mercado,0,5,50,R$ 30,,sim,PAGO,4
3311,1318.0,18,f,RJ,mercado,999,100,0,R$ 30,SIM,sim,cancelado,10
3312,1588.0,30,f,XX,Roup@,,4,300,25.5,SIM,sim,PAGO,0
3313,1503.0,18,,,Roup@,15,3,300,10,Sim ,1,pendente,1
3314,1386.0,35,F,,,-5,8,150,gratis,,1,cancelado,4
3315,1869.0, 35 ,Feminino,ce,ELETRONICOS,25,0,R$ 400,20,sim,cancelado,,3
3316,1832.0,55,,XX,mercado,15,5,200,R$ 30,sim,nao,pendente,4
3317,2014.0,30,,RJ,Mercado,-5,0,300.0,R$ 30,Sim ,nao,cancelado,4
3318,1602.0,,  M, sp ,Roupas,10,5,R$400,25.5,NAO,sim,pago,2
3319,1690.0, 35 ,f,,roupas ,2,100,0,20,SIM,1,pendente,3
3320,1493.0, 35 ,  M,,ELETRONICOS,-5,8,R$400,20,NAO,nao,,1
3321,1489.0,22,Feminino,SP,roupas ,,5,150,20,nao,nao,,4
3322,1720.0,trinta,Feminino, sp ,casa,5,100,300.0,,Sim ,0,,0
3323,2096.0,trinta,F,XX,casa,-5,5,,R$ 30,nao,0,pendente,0
3324,1508.0,,,XX,casa,5,0,150,gratis,,0,PAGO,2
3325,1389.0,42,,RJ,Roup@,10,4,150,25.5,,sim,cancelado,0
3326,1294.0,30,  M,,Eletronicos,10,100,150,20,nao,cancelado,pago,4
3327,1795.0,30,,SP,,15,6,300,20,,1,cancelado,2
3328,1864.0,,,RJ,mercado,0,6,200,10,sim,0,pendente,2
3329,1548.0,55,,SP,Roup@,10,3,50,20,NAO,0,,10
3330,1648.0,55,,,,,3,R$400,10,sim,nao,,
3331,1567.0,,Feminino,PE,mercado,5,4,,25.5,,1,pago,2
3332,1852.0,trinta,F,SP,Casa,-5,1,300,25.5,,0,,3
3333,1769.0, 35 ,  M,RJ,Mercado,0,6,quatrocentos,25.5,,1,,3
3334,1444.0,35,m,PE,casa,5,1,300,10,Sim ,sim,pago,1
3335,1362.0,42,  M, sp ,,10,4,R$400,R$ 30,não,nao,PAGO,1
3336,1122.0,18,,ce,casa,0,8,0,R$ 30,sim,nao,pago,
3337,1741.0,42,F,RJ,Casa,15,6,300.0,,nao,sim,pago,2
3338,1679.0,22,Feminino,,eletronicos,2,0,100,gratis,,0,cancelado,4
3339,1419.0,42,Feminino,,Eletronicos,2,4,150,,nao,1,pago,4
3340,1091.0, 35 ,,XX,eletronicos,10,100,0,gratis,NAO,nao,cancelado,3
3341,1062.0,30,,RJ,Roup@,999,0,100,,NAO,1,,1
3342,1511.0, 35 ,Masculino,CE,eletronicos,15,5,300.0,R$ 30,Sim ,1,PAGO,
3343,1771.0,trinta,Masculino,ce,mercado,2,6,300,,NAO,sim,,1
3344,1255.0,30,,CE,Roupas,999,5,300,R$ 30,SIM,sim,pago,0
3345,1134.0,25,, sp ,mercado,0,6,R$400,20,sim,cancelado,PAGO,3
3346,1874.0,30,  M,XX,ELETRONICOS,2,1,150,25.5,,nao,,4
3347,1821.0,42,,ce,Roup@,0,4,300.0,R$ 30,,nao,PAGO,4
3348,1087.0,42,Feminino,PE,casa,2,100,150,0,nao,cancelado,,2
3349,1987.0,42,m,SP,,10,4,300.0,R$ 30,SIM,cancelado,,1
3350,1822.0,25,  M,ce,Roup@,5,2,200,20,Sim ,nao,PAGO,2
3351,2026.0,trinta,,,eletronicos,15,6,0,R$ 30,nao,1,pendente,2
3352,1973.0,18,,PE,roupas ,5,2,150,gratis,SIM,sim,cancelado,4
3353,1933.0,30,M,SP,,25,3,100,gratis,,sim,,3
3354,1120.0,trinta,  M, sp ,Roup@,15,8,300,,SIM,1,,4
3355,2061.0,42,m,,Mercado,0,4,300,25.5,,sim,,10
3356,2007.0,,F,SP,Roup@,-5,1,0,10,nao,0,,3
3357,1924.0,trinta,F,,mercado,5,100,,20,sim,0,PAGO,
3358,1644.0,22,,XX,roupas ,5,6,50,10,sim,cancelado,,1
3359,1713.0,55,,SP,Eletronicos,999,100,50,gratis,não,1,,10
3360,1859.0,55,m,ce,mercado,,3,quatrocentos,,,nao,pago,10
3361,1020.0,,m,ce,roupas ,25,5,150,25.5,SIM,1,,10
3362,1241.0,30,Feminino,XX,roupas ,-5,100,R$400,gratis,sim,0,PAGO,0
3363,1454.0,30,M,ce,Roup@,,6,,25.5,,1,,1
3364,1962.0,18,Feminino, sp ,Casa,2,2,50,R$ 30,,sim,PAGO,4
3365,1620.0,22,m,,Roupas,999,1,,0,SIM,0,,3
3366,1302.0, 35 ,f,RJ,Casa,,100,R$ 400,10,SIM,0,pago,10
3367,1802.0,trinta,,RJ,roupas ,,1,,20,Sim ,1,,0
3368,1963.0,30,m,,Roup@,-5,5,0,25.5,Sim ,0,,10
3369,1068.0,30,M, sp ,Roupas,10,1,R$ 400,R$ 30,nao,1,,3
3370,1195.0, 35 ,m,RJ,casa,25,5,100,R$ 30,SIM,0,,
3371,1139.0,55,  M,SP,Mercado,5,5,200,,Sim ,0,PAGO,3
3372,1282.0, 35 ,  M,SP,eletronicos,10,8,50,0,,1,PAGO,
3373,1311.0,trinta,Masculino,SP,,-5,8,0,0,,nao,,0
3374,1745.0,22,M,ce,Roupas,2,1,300,R$ 30,nao,0,,0
3375,1276.0,42,,ce,,10,100,100,R$ 30,sim,sim,PAGO,1
3376,1060.0,25,,CE,casa,25,1,R$ 400,0,SIM,cancelado,,2
3377,1051.0,,F,SP,casa,15,5,150,10,Sim ,cancelado,PAGO,10
3378,1152.0,42,m,SP,Mercado,10,8,300,R$ 30,sim,1,pago,0
3379,1543.0,25,f,PE,ELETRONICOS,0,0,quatrocentos,25.5,SIM,1,,10
3380,1566.0,30,M,XX,Eletronicos,0,2,R$400,20,nao,0,pago,2
3381,1621.0,,f,RJ,Mercado,15,1,R$ 400,20,SIM,cancelado,pago,2
3382,1313.0,30,Masculino,ce,Eletronicos,,4,0,20,Sim ,1,PAGO,3
3383,,trinta,m,,ELETRONICOS,0,4,quatrocentos,gratis,sim,0,,
3384,1847.0,42,F,ce,ELETRONICOS,,6,R$ 400,,SIM,1,pendente,2
3385,1096.0, 35 ,Feminino,,Mercado,5,1,300.0,gratis,SIM,cancelado,pago,0
3386,1880.0,22,,CE,Eletronicos,0,1,200,25.5,,nao,pago,10
3387,1828.0,22,  M,,Casa,15,3,300.0,,nao,0,pago,3
3388,1136.0,55,M,ce,eletronicos,5,5,300.0,R$ 30,não,nao,PAGO,10
3389,2029.0,22,f,,Casa,25,6,300,R$ 30,SIM,1,cancelado,2
3390,2010.0,22,m,ce,Eletronicos,10,5,50,,não,1,pago,0
3391,1108.0,30,Feminino, sp ,mercado,0,5,300.0,20,não,nao,,0
3392,1546.0, 35 ,,,mercado,999,100,100,0,sim,1,PAGO,4
3393,2062.0,30,,SP,casa,15,2,R$ 400,R$ 30,NAO,nao,PAGO,4
3394,1661.0,22,  M,RJ,mercado,15,1,R$ 400,20,nao,cancelado,PAGO,1
3395,1424.0,30,,,mercado,25,6,R$400,25.5,não,sim,cancelado,2
3396,1629.0,30,,ce,eletronicos,0,100,,20,sim,1,,2
3397,1260.0,22,Masculino,ce,ELETRONICOS,-5,8,150,10,nao,0,PAGO,4
3398,1086.0,,,,casa,0,0,quatrocentos,20,,0,cancelado,3
3399,1464.0,trinta,  M,RJ,ELETRONICOS,-5,5,100,R$ 30,Sim ,cancelado,cancelado,1
3400,1075.0,55,Masculino,PE,Eletronicos,,4,R$400,,não,0,PAGO,10
3401,1470.0,42,,XX,Mercado,15,6,R$400,R$ 30,NAO,0,,3
3402,1413.0,trinta,  M,SP,casa,2,3,50,0,Sim ,1,cancelado,4
3403,1824.0,35,,,Roupas,,1,0,25.5,nao,1,pendente,3
3404,1894.0,,M,ce,casa,-5,4,100,,não,nao,cancelado,3
3405,1725.0,18,,CE,roupas ,15,100,200,,,0,,2
3406,1456.0,22,  M,RJ,ELETRONICOS,999,4,50,,,0,cancelado,4
3407,1652.0,30,M,,Eletronicos,-5,1,150,25.5,não,nao,PAGO,10
3408,1671.0,18,M,ce,mercado,5,4,,0,NAO,0,,3
3409,1494.0,25,Masculino,,roupas ,2,8,100,25.5,SIM,0,pago,1
3410,2068.0,22,,CE,,,3,50,20,NAO,0,pendente,1
3411,1596.0,35,,XX,Roup@,-5,6,300,25.5,,0,cancelado,0
3412,1449.0,30,Feminino,XX,Roupas,2,1,,20,sim,nao,,
3413,1484.0,55,,,Casa,15,4,200,25.5,sim,0,pago,2
3414,1645.0,35,Feminino,RJ,ELETRONICOS,25,3,150,R$ 30,,1,,4
3415,1619.0,30,Feminino,CE,Casa,25,1,300,20,,sim,cancelado,4
3416,2041.0,30,f,SP,Eletronicos,25,3,50,0,,nao,cancelado,10
3417,1661.0,42,Masculino,CE,Casa,10,4,150,R$ 30,NAO,sim,pendente,4
3418,1757.0,30,F, sp ,Eletronicos,25,5,150,0,NAO,1,cancelado,2
3419,1288.0,22,m,,,15,6,50,0,,1,cancelado,2
3420,1720.0,18,m,SP,Eletronicos,25,2,quatrocentos,R$ 30,,1,pago,4
3421,1637.0,18,Masculino,PE,eletronicos,-5,2,150,gratis,NAO,1,pendente,10
3422,1234.0,30,Masculino,SP,eletronicos,25,6,R$ 400,0,,1,PAGO,3
3423,1415.0,30,Feminino,PE,Roupas,999,5,200,20,NAO,1,PAGO,2
3424,1937.0,35,Masculino,SP,Eletronicos,999,1,,,,0,,10
3425,1498.0,,Feminino,CE,Roupas,10,3,quatrocentos,20,NAO,1,pago,4
3426,1973.0,30,,RJ,eletronicos,25,5,quatrocentos,25.5,não,0,pendente,2
3427,1633.0,55,F,,Roupas,15,2,R$ 400,25.5,,sim,pendente,10
3428,2019.0,30,f,ce,Roupas,25,1,300,gratis,nao,1,pago,0
3429,1114.0,30,Feminino,PE,Mercado,999,100,quatrocentos,20,nao,nao,pago,1
3430,1931.0,42,Masculino,ce,Mercado,15,5,200,gratis,Sim ,nao,,
3431,1673.0,trinta,M, sp ,Eletronicos,25,2,150,20,sim,0,PAGO,0
3432,2034.0,22,, sp ,roupas ,-5,4,quatrocentos,0,sim,cancelado,,4
3433,1205.0,42,m,ce,Casa,10,3,R$400,25.5,nao,cancelado,pendente,10
3434,1246.0,18,F, sp ,Roupas,0,8,quatrocentos,R$ 30,,cancelado,,1
3435,1757.0,18,,,roupas ,,1,200,R$ 30,,1,pago,3
3436,1146.0,,  M,ce,eletronicos,15,4,quatrocentos,,,0,pendente,4
3437,1117.0,25,Masculino, sp ,ELETRONICOS,15,8,,gratis,nao,0,PAGO,3
3438,1411.0,25,Feminino,PE,Casa,0,5,300,10,,sim,pendente,3
3439,1362.0,,f,RJ,mercado,0,4,300.0,R$ 30,Sim ,sim,,2
3440,1136.0,35,M, sp ,Casa,10,4,,,,1,pendente,2
3441,1957.0,18,f,ce,Roupas,2,2,,20,NAO,1,pago,1
3442,1018.0,trinta,,PE,Eletronicos,10,0,0,0,nao,1,pago,1
3443,1194.0,42,M,ce,Eletronicos,999,4,R$400,10,,0,pago,10
3444,1329.0,55,m,XX,Roupas,999,2,R$ 400,0,nao,0,PAGO,2
3445,1174.0,trinta,Masculino,CE,Roupas,0,100,,0,,sim,cancelado,
3446,2001.0,,  M,CE,Roup@,-5,8,200,20,Sim ,0,PAGO,1
3447,1448.0,25,,CE,Casa,5,3,300,0,NAO,1,cancelado,2
3448,1945.0,30,Feminino,SP,Mercado,,8,200,gratis,,nao,,0
3449,1140.0,trinta,m,,Mercado,10,1,200,10,sim,0,pendente,4
3450,1757.0,,  M,ce,mercado,5,1,R$400,0,,1,pendente,0
3451,1929.0,trinta,f,,roupas ,25,4,300.0,R$ 30,,nao,,4
3452,1092.0,trinta,m,ce,mercado,2,4,50,R$ 30,nao,nao,pendente,10
3453,1238.0,trinta,  M,XX,,25,4,200,0,SIM,sim,,2
3454,1204.0,trinta,  M, sp ,ELETRONICOS,15,100,R$400,25.5,sim,0,pendente,
3455,1559.0,25,f,SP,ELETRONICOS,0,6,,25.5,sim,cancelado,,0
3456,1244.0,18,  M,RJ,Roup@,25,3,50,gratis,SIM,1,,
3457,1831.0,30,F,ce,Eletronicos,,6,R$ 400,R$ 30,Sim ,nao,pago,3
3458,1924.0,trinta,M,PE,Casa,25,2,100,25.5,não,cancelado,cancelado,0
3459,1294.0,trinta,F, sp ,ELETRONICOS,999,2,150,0,NAO,1,pendente,1
3460,1639.0,22,f,,roupas ,5,8,50,R$ 30,NAO,1,,0
3461,1855.0,18,,,Casa,10,3,R$400,0,sim,1,cancelado,2
3462,1016.0,30,m,RJ,Casa,10,8,300,10,,0,,2
3463,1070.0,55,Feminino,PE,Mercado,10,3,R$400,R$ 30,SIM,0,PAGO,
3464,1304.0,55,Feminino,CE,Eletronicos,0,2,,25.5,,sim,PAGO,1
3465,2030.0,30,,SP,ELETRONICOS,-5,4,R$ 400,20,,1,pendente,4
3466,1816.0,,,,Mercado,-5,4,R$400,25.5,sim,1,pago,1
3467,1820.0, 35 ,f,SP,casa,-5,3,200,0,sim,1,,10
3468,1192.0,42,, sp ,eletronicos,10,100,300,10,,0,,4
3469,1528.0,22,Feminino,XX,casa,2,6,300.0,25.5,,0,pendente,2
3470,1170.0,18,F, sp ,casa,0,5,300,10,nao,nao,pago,0
3471,1250.0,18,Feminino,,eletronicos,10,6,0,25.5,Sim ,0,PAGO,
3472,1540.0, 35 ,F,,casa,10,0,R$400,gratis,,1,,2
3473,1415.0,30,,,ELETRONICOS,10,5,50,0,,0,,10
3474,1793.0,35,f,ce,Casa,,4,300.0,0,,1,,4
3475,1024.0,25,Masculino,,Mercado,15,8,R$ 400,20,NAO,1,cancelado,0
3476,1667.0,30,,,Roupas,25,5,R$ 400,0,não,1,,0
3477,2096.0,30,,SP,,10,4,50,0,SIM,sim,,1
3478,1631.0,30,Feminino,SP,Roup@,2,5,quatrocentos,0,não,1,,
3479,1504.0, 35 ,f,SP,Mercado,15,4,300.0,,SIM,1,pendente,2
3480,1335.0, 35 ,M,RJ,,2,0,R$400,25.5,NAO,0,pago,0
3481,1424.0,42,  M,XX,,-5,0,,25.5,,0,cancelado,2
3482,1498.0,22,,,roupas ,-5,1,,gratis,Sim ,0,,1
3483,1946.0,trinta,,,Eletronicos,15,3,100,25.5,não,0,cancelado,3
3484,1629.0,,F,,ELETRONICOS,25,4,R$ 400,,SIM,sim,,2
3485,1717.0,55,M,SP,,-5,2,50,0,sim,0,pago,3
3486,1338.0, 35 ,f,CE,Mercado,0,5,R$400,,,sim,,
3487,1658.0,42,Masculino,PE,ELETRONICOS,15,0,R$ 400,25.5,NAO,sim,PAGO,2
3488,1961.0,25,M, sp ,,15,2,200,20,Sim ,1,,4
3489,1428.0,55,Masculino, sp ,,5,100,200,R$ 30,,nao,pendente,10
3490,1898.0,35,Feminino,,mercado,5,8,100,gratis,nao,1,pendente,3
3491,1138.0,18,m,CE,eletronicos,15,6,300,R$ 30,sim,1,pago,4
3492,1941.0,25,  M,SP,Roupas,25,0,quatrocentos,R$ 30,Sim ,sim,,10
3493,1541.0,35,Feminino,SP,roupas ,15,2,100,10,SIM,sim,pendente,4
3494,1056.0,55,f, sp ,Casa,10,5,50,,,0,pendente,1
3495,1657.0,25,m,XX,Casa,5,4,300.0,10,sim,sim,,1
3496,1434.0,42,Masculino,SP,Mercado,15,0,quatrocentos,0,nao,cancelado,cancelado,0
3497,1383.0,35,m,ce,casa,25,1,100,,,1,pago,3
3498,1559.0,18,, sp ,eletronicos,2,3,300,20,nao,1,pago,0
3499,1193.0,trinta,,PE,casa,2,0,,R$ 30,Sim ,sim,pendente,
3500,1533.0,42,Feminino,CE,casa,0,5,quatrocentos,25.5,NAO,1,,3
3501,1517.0,30,Feminino,RJ,roupas ,25,4,R$ 400,25.5,não,sim,,1
3502,1715.0,18,f,,ELETRONICOS,15,6,0,,nao,cancelado,,1
3503,1750.0,22,f, sp ,Mercado,2,5,R$400,0,nao,1,,10
3504,1184.0,30,F,SP,Casa,-5,3,300,25.5,,sim,cancelado,10
3505,1291.0,22,f,,Eletronicos,15,5,50,,não,1,PAGO,1
3506,1731.0,,,PE,casa,10,4,100,10,sim,cancelado,,
3507,1115.0, 35 ,F,,mercado,-5,1,200,25.5,NAO,0,pago,2
3508,1824.0,trinta,,XX,roupas ,5,1,,R$ 30,NAO,1,pago,
3509,2072.0,30,M,RJ,Roup@,2,8,300,25.5,,cancelado,,
3510,1684.0,30,F,,Mercado,15,4,R$400,10,Sim ,0,,1
3511,1081.0,30,F,PE,mercado,999,1,50,20,sim,1,cancelado,0
3512,1833.0,35,Feminino,SP,casa,0,6,200,R$ 30,,cancelado,,4
3513,1332.0,30,  M,ce,,,1,300.0,20,NAO,cancelado,pendente,10
3514,1556.0, 35 ,m,CE,ELETRONICOS,2,0,,10,Sim ,nao,pago,
3515,1334.0,22,,,roupas ,2,100,,10,NAO,nao,cancelado,3
3516,1531.0,,Masculino,,Roupas,25,3,300.0,R$ 30,sim,nao,PAGO,4
3517,1220.0,30,Masculino,RJ,Eletronicos,0,8,150,gratis,NAO,0,,0
3518,1634.0,22,f,CE,roupas ,999,5,100,gratis,,cancelado,pendente,2
3519,1322.0,18,,PE,mercado,10,3,R$ 400,25.5,NAO,nao,pago,10
3520,1002.0,trinta,,,Casa,0,5,50,R$ 30,NAO,sim,,1
3521,1205.0,25,f,,Eletronicos,10,8,200,R$ 30,não,nao,pendente,10
3522,1039.0, 35 ,f,CE,Roupas,999,8,quatrocentos,,SIM,0,PAGO,10
3523,1058.0,25,F,XX,Roup@,15,100,200,,sim,cancelado,cancelado,10
3524,1950.0, 35 ,, sp ,,5,0,0,25.5,,1,cancelado,0
3525,1573.0,55,m,XX,Mercado,,4,300.0,gratis,,0,,2
3526,1643.0,trinta,f,XX,,999,5,150,,,1,,3
3527,1842.0,18,  M,,casa,0,5,quatrocentos,25.5,não,0,cancelado,0
3528,1618.0,trinta,,,eletronicos,10,2,50,20,,sim,,3
3529,1095.0,35,,SP,,5,8,R$ 400,20,SIM,cancelado,cancelado,4
3530,1897.0, 35 ,f,PE,ELETRONICOS,15,8,150,,nao,1,pago,4
3531,2085.0,25,  M,PE,mercado,15,100,0,0,NAO,0,,3
3532,1560.0, 35 ,M,,roupas ,2,100,R$ 400,gratis,NAO,sim,PAGO,
3533,1904.0,35,Feminino,RJ,,,4,,20,,1,,4
3534,1347.0, 35 ,Feminino,RJ,Casa,999,5,300.0,,não,sim,,4
3535,1670.0,trinta,Feminino,SP,ELETRONICOS,-5,8,100,0,Sim ,cancelado,pendente,1
3536,1316.0,42,F,CE,Casa,0,8,100,10,sim,cancelado,PAGO,3
3537,1718.0, 35 ,,,roupas ,10,0,300.0,,SIM,0,PAGO,3
3538,2071.0,55,Masculino,,mercado,15,0,50,R$ 30,,sim,,2
3539,1249.0,55,Masculino,,Roup@,5,2,200,20,NAO,cancelado,,10
3540,1313.0,30,F,,Roup@,-5,100,300,0,,0,pago,0
3541,1806.0,55,f,ce,,5,4,300,25.5,,1,pendente,0
3542,1484.0, 35 ,,CE,,2,1,quatrocentos,,sim,0,cancelado,1
3543,1043.0,,,SP,Roupas,0,1,50,0,NAO,sim,cancelado,0
3544,1570.0, 35 ,Feminino, sp ,casa,15,5,50,0,NAO,1,PAGO,3
3545,1582.0,42,,XX,Mercado,999,8,300.0,20,NAO,0,,1
3546,1894.0,55,f,,eletronicos,2,5,50,25.5,,0,pago,
3547,1219.0,22,M,ce,Mercado,,3,300.0,,sim,0,,2
3548,1924.0, 35 ,F, sp ,,0,8,R$ 400,25.5,não,0,pendente,10
3549,1400.0,18,M,XX,Roupas,5,1,quatrocentos,0,sim,sim,cancelado,4
3550,1726.0,18,,XX,Roup@,999,1,R$ 400,,sim,1,PAGO,0
3551,1990.0,25,,SP,Casa,25,2,200,0,nao,0,pago,4
3552,1898.0,42,Feminino,CE,Roupas,25,1,300.0,20,,sim,pendente,10
3553,1857.0,35,F,,casa,25,100,,25.5,Sim ,nao,,3
3554,1803.0,22,Feminino,ce,mercado,-5,4,R$ 400,gratis,,1,PAGO,3
3555,1489.0, 35 ,,SP,casa,-5,8,150,,Sim ,sim,PAGO,3
3556,1937.0,trinta,m,RJ,Eletronicos,-5,5,50,0,,0,,4
3557,1843.0,30,, sp ,casa,5,8,300.0,gratis,não,sim,pago,10
3558,1266.0,30,F, sp ,mercado,999,8,0,,Sim ,0,pago,
3559,1053.0,35,Masculino,,ELETRONICOS,2,1,300,gratis,,1,cancelado,2
3560,1527.0,30,F,ce,roupas ,5,1,quatrocentos,,,1,pago,3
3561,1615.0,trinta,  M,ce,mercado,-5,3,300.0,,,1,pendente,4
3562,2082.0,30,,XX,casa,15,2,quatrocentos,25.5,não,nao,pago,3
3563,2063.0,35,  M,ce,,,8,0,20,,0,pago,10
3564,1954.0,30,Masculino,,Roup@,,3,300.0,gratis,NAO,1,pago,0
3565,1385.0,42,f, sp ,Roupas,10,8,200,20,NAO,0,pendente,1
3566,1733.0,25,f,XX,Roupas,10,100,,0,,nao,cancelado,0
3567,1715.0,30,,,Roupas,,1,100,25.5,sim,0,PAGO,
3568,1649.0,42,M,ce,Roup@,999,3,,10,NAO,1,,3
3569,1299.0,trinta,Masculino,PE,Casa,2,6,50,25.5,Sim ,0,,10
3570,1394.0,35,F,,roupas ,0,100,300.0,10,,0,PAGO,10
3571,1592.0,22,,,mercado,-5,5,R$400,R$ 30,SIM,nao,pendente,3
3572,1513.0,trinta,  M,CE,casa,999,3,R$400,,sim,1,,
3573,1395.0,trinta,,RJ,Casa,5,0,quatrocentos,0,não,cancelado,pago,
3574,1370.0,55,Feminino,PE,casa,2,5,quatrocentos,20,NAO,sim,pendente,3
3575,1857.0,22,,XX,Roupas,15,6,R$ 400,0,sim,cancelado,cancelado,3
3576,1790.0,18,Feminino, sp ,casa,2,2,50,25.5,sim,1,,4
3577,1657.0,55,  M,CE,Roup@,5,4,0,10,sim,0,cancelado,10
3578,1735.0,35,  M,PE,ELETRONICOS,10,1,R$ 400,R$ 30,NAO,1,pago,1
3579,1383.0,18,, sp ,casa,15,4,50,10,não,sim,pendente,4
3580,1061.0,30,,RJ,Casa,0,1,150,25.5,,1,pendente,4
3581,1504.0,30,M,SP,mercado,999,4,150,25.5,sim,0,pago,10
3582,1238.0,trinta,f,SP,roupas ,,2,50,,,0,pago,
3583,1194.0,55,  M,PE,,15,6,150,,sim,1,,3
3584,1677.0, 35 ,,CE,Roupas,2,6,300.0,0,sim,0,cancelado,0
3585,1060.0,22,  M,SP,Eletronicos,25,0,300,gratis,nao,0,pago,10
3586,1989.0,18,m,SP,mercado,25,100,quatrocentos,10,,1,pago,0
3587,1684.0,22,f,PE,ELETRONICOS,,0,300,25.5,NAO,1,cancelado,2
3588,1155.0,55,  M,PE,eletronicos,0,1,150,,nao,0,pago,10
3589,1922.0,trinta,,SP,casa,25,3,50,0,Sim ,sim,,1
3590,,42,  M,XX,casa,25,6,200,0,não,sim,,10
3591,1902.0,30,Feminino,XX,roupas ,999,1,,gratis,sim,0,,2
3592,1998.0,18,,CE,roupas ,2,0,100,,nao,sim,cancelado,4
3593,1974.0,18,,,,25,6,100,20,sim,1,PAGO,2
3594,1387.0,35,  M,XX,Roupas,2,1,150,25.5,nao,sim,,
3595,1886.0,18,,XX,Eletronicos,-5,2,,gratis,sim,1,pendente,2
3596,1837.0,55,Feminino, sp ,Eletronicos,-5,6,,20,,nao,pendente,10
3597,1339.0,,M,PE,Roup@,999,0,200,,NAO,1,PAGO,2
3598,1203.0,18,M,,Roupas,-5,5,,R$ 30,Sim ,nao,,1
3599,1160.0,18,Feminino,SP,Roupas,,1,50,,sim,0,pago,10
3600,1391.0,22,F,XX,ELETRONICOS,999,2,300,20,nao,0,,0
3601,1768.0,,,RJ,Mercado,999,4,300,,sim,cancelado,PAGO,0
3602,1574.0,trinta,M,RJ,ELETRONICOS,10,4,R$ 400,0,NAO,sim,pago,2
3603,1533.0,25,F,XX,casa,15,8,50,10,não,sim,,10
3604,2093.0,,,RJ,eletronicos,15,2,R$ 400,25.5,não,0,pendente,1
3605,1892.0,18,Feminino,ce,Roupas,2,8,R$ 400,gratis,Sim ,1,,0
3606,1404.0, 35 ,F,,Eletronicos,0,8,150,R$ 30,,0,PAGO,3
3607,1607.0,trinta,F,PE,,5,8,300.0,R$ 30,não,0,,10
3608,1827.0,30,  M,XX,roupas ,,3,300,20,sim,1,cancelado,2
3609,1689.0,35,Masculino,XX,eletronicos,2,6,0,R$ 30,NAO,1,,10
3610,1901.0,,Masculino,SP,,2,6,0,10,,1,pago,
3611,1055.0,22,,,Eletronicos,0,4,R$ 400,20,,0,,0
3612,1365.0,35,  M,,Eletronicos,2,1,,25.5,sim,cancelado,,0
3613,1454.0,42,, sp ,eletronicos,10,100,0,,sim,cancelado,PAGO,1
3614,1103.0,18,f,ce,roupas ,5,2,100,25.5,Sim ,0,pago,1
3615,1076.0,,f,CE,Mercado,,100,300,R$ 30,não,cancelado,PAGO,0
3616,1229.0,30,F,CE,Roup@,25,0,R$ 400,0,não,1,,3
3617,1330.0, 35 ,m,,Roupas,0,1,200,25.5,não,0,pago,3
3618,1892.0,22,M,PE,ELETRONICOS,5,8,200,25.5,nao,0,PAGO,
3619,1687.0,35,M,CE,casa,999,3,150,25.5,sim,1,pendente,2
3620,1026.0,18,  M,SP,ELETRONICOS,0,100,50,0,NAO,nao,PAGO,2
3621,1298.0,30,Masculino, sp ,Eletronicos,999,5,300.0,gratis,NAO,1,pendente,0
3622,1956.0,30,m,,Roupas,999,3,300,gratis,,sim,,0
3623,1798.0,42,  M,SP,,2,0,R$ 400,R$ 30,sim,nao,cancelado,0
3624,1479.0,trinta,F,,roupas ,-5,3,,25.5,SIM,0,,10
3625,1572.0, 35 ,m,CE,roupas ,5,8,300,gratis,sim,cancelado,pago,3
3626,1457.0,25,M,SP,roupas ,999,8,,R$ 30,,1,,4
3627,1364.0, 35 ,,,casa,5,8,quatrocentos,25.5,,1,,2
3628,1858.0,42,F,XX,casa,15,1,300.0,gratis,,nao,pendente,2
3629,1350.0,55,  M,ce,Roupas,5,5,quatrocentos,gratis,,nao,pendente,4
3630,1252.0,trinta,,SP,Mercado,-5,1,300,R$ 30,,1,cancelado,2
3631,1780.0,22,Feminino,,Eletronicos,25,8,200,,,0,PAGO,2
3632,1802.0,,F,ce,roupas ,,0,300,20,nao,0,,3
3633,2011.0,trinta,F,,roupas ,25,8,0,R$ 30,,1,pendente,4
3634,1458.0,42,,PE,roupas ,999,1,100,10,não,1,cancelado,3
3635,1916.0,42,,,casa,5,3,R$ 400,20,sim,1,,10
3636,1498.0,22,,XX,Mercado,10,3,100,20,nao,cancelado,pendente,0
3637,1949.0,22,f,SP,ELETRONICOS,0,8,0,gratis,SIM,cancelado,,2
3638,1507.0,22,f,RJ,Mercado,-5,4,100,0,sim,sim,pendente,
3639,1500.0,trinta,F,SP,,999,3,150,0,,1,pendente,3
3640,1802.0,18,M,ce,casa,10,6,R$ 400,,não,nao,pago,4
3641,1597.0,35,f,SP,ELETRONICOS,-5,6,R$400,10,Sim ,1,pendente,
3642,1165.0,30,,ce,eletronicos,999,5,150,25.5,NAO,1,,0
3643,1461.0,22,F,,Roupas,0,6,300.0,gratis,SIM,cancelado,,2
3644,1919.0,35,,SP,eletronicos,15,3,0,10,Sim ,1,pago,2
3645,1113.0,30,M,,Roupas,0,5,R$400,20,NAO,0,pago,
3646,1991.0,trinta,M,XX,roupas ,,100,,gratis,Sim ,sim,pendente,0
3647,1206.0,35,f,XX,eletronicos,10,4,150,20,,1,pendente,0
3648,1514.0,22,  M,ce,casa,5,2,R$400,10,sim,1,cancelado,0
3649,1708.0,25,,,Eletronicos,25,5,100,0,,0,,10
3650,1137.0,42,Masculino,XX,ELETRONICOS,-5,3,,10,sim,1,,3
3651,1338.0,,F, sp ,Casa,10,3,200,R$ 30,NAO,1,,1
3652,1536.0,,  M,SP,mercado,25,4,0,gratis,NAO,0,PAGO,10
3653,1067.0,35,F, sp ,Eletronicos,15,4,,gratis,sim,1,,2
3654,1382.0,,,SP,,-5,5,100,,sim,cancelado,PAGO,
3655,1018.0,30,,CE,eletronicos,5,8,200,25.5,nao,0,,3
3656,1682.0,30,m,,ELETRONICOS,-5,4,300,0,NAO,sim,pendente,4
3657,1073.0,35,,ce,eletronicos,5,8,R$ 400,gratis,NAO,0,pago,2
3658,1572.0,22,f,PE,eletronicos,10,100,0,0,,1,cancelado,10
3659,1938.0, 35 ,m,,,25,3,100,gratis,,1,pendente,1
3660,2071.0,22,M,ce,Roup@,-5,5,0,0,,0,,4
3661,1210.0,trinta,Masculino,XX,Casa,0,4,200,,,cancelado,,2
3662,1854.0,22,f,RJ,Roup@,-5,100,R$ 400,R$ 30,,cancelado,pago,
3663,1650.0,trinta,M,,,0,5,150,,nao,0,,1
3664,1993.0, 35 ,,,Roup@,2,2,,10,NAO,0,,0
3665,1694.0,25,,RJ,Mercado,25,1,300,0,,0,pago,0
3666,1539.0,trinta,,,casa,2,8,300,20,não,1,pendente,2
3667,1900.0,55,m,,casa,-5,1,300,R$ 30,,0,,1
3668,1779.0,30,Feminino,CE,Roup@,15,0,,10,nao,1,cancelado,10
3669,1169.0,42,  M,,roupas ,25,100,200,gratis,não,1,,2
3670,2037.0,30,,PE,Mercado,2,8,quatrocentos,gratis,,nao,PAGO,2
3671,1287.0,trinta,Masculino, sp ,eletronicos,999,100,200,25.5,sim,0,pago,
3672,1188.0,55,,,Casa,15,6,,R$ 30,não,1,pendente,1
3673,1913.0,18,Feminino,ce,Roup@,10,8,300.0,20,,cancelado,cancelado,1
3674,1693.0,25,f,XX,Casa,2,3,R$ 400,R$ 30,SIM,sim,pendente,10
3675,1887.0,25,M,CE,Roupas,15,100,300.0,,sim,sim,,4
3676,1470.0,18,M,,Mercado,10,3,0,25.5,SIM,1,pago,4
3677,2098.0,42,Masculino, sp ,Casa,999,6,0,,Sim ,0,,3
3678,1276.0,,m,PE,eletronicos,,4,quatrocentos,R$ 30,SIM,1,,2
3679,1939.0, 35 ,Masculino, sp ,Roupas,25,100,300,,Sim ,0,,4
3680,1570.0,30,Masculino,ce,roupas ,,1,200,10,SIM,0,pago,2
3681,1856.0,,M,RJ,eletronicos,2,100,R$400,25.5,,sim,PAGO,3
3682,2000.0,55,,XX,mercado,-5,4,,10,,sim,,10
3683,1457.0,trinta,Masculino,RJ,casa,-5,5,300.0,25.5,Sim ,1,cancelado,2
3684,1917.0,30,Masculino,SP,Eletronicos,0,1,50,0,,sim,pago,10
3685,1832.0,42,,PE,ELETRONICOS,15,1,100,10,Sim ,sim,PAGO,
3686,2087.0, 35 ,,XX,Eletronicos,,6,R$ 400,10,sim,1,pendente,3
3687,1838.0,25,M,ce,roupas ,10,1,0,0,,0,,4
3688,1192.0,trinta,m,,casa,2,2,200,0,NAO,cancelado,pendente,3
3689,1615.0,trinta,  M,XX,Casa,5,3,quatrocentos,20,NAO,nao,PAGO,1
3690,1405.0, 35 ,M,,Mercado,10,8,0,,sim,cancelado,pendente,10
3691,1942.0,30,M,,eletronicos,5,2,R$400,0,Sim ,sim,cancelado,3
3692,1720.0,55,Masculino,SP,casa,0,5,300.0,25.5,NAO,nao,PAGO,10
3693,1092.0, 35 ,,CE,casa,-5,100,200,0,NAO,nao,pago,0
3694,1429.0,22,Feminino,PE,Roup@,25,0,300,0,SIM,0,pago,0
3695,1653.0,22,F,PE,ELETRONICOS,25,0,,10,não,0,pago,3
3696,1433.0, 35 ,,SP,eletronicos,-5,2,100,10,sim,0,pago,0
3697,1374.0,25,Feminino,RJ,casa,0,1,100,R$ 30,não,1,PAGO,3
3698,2082.0, 35 ,Masculino,RJ,Roup@,999,100,300.0,0,Sim ,1,PAGO,10
3699,2066.0,35,Masculino,ce,Roupas,,4,300.0,,SIM,1,,
3700,1206.0,42,m,CE,roupas ,5,100,300.0,20,NAO,sim,PAGO,
3701,1779.0,22,Feminino,,roupas ,5,8,50,10,nao,1,,3
3702,1531.0,30,f,,Mercado,2,6,50,25.5,SIM,sim,,3
3703,1165.0,,F,,Mercado,-5,100,,R$ 30,sim,0,PAGO,0
3704,1642.0, 35 ,m,RJ,casa,15,4,200,25.5,,0,PAGO,2
3705,1089.0,22,,SP,casa,,1,150,0,Sim ,0,PAGO,3
3706,1012.0,42,,CE,eletronicos,0,5,300.0,0,SIM,0,pago,3
3707,1972.0,42,Feminino, sp ,ELETRONICOS,-5,6,100,20,SIM,nao,cancelado,1
3708,1804.0,30,,CE,casa,-5,6,200,,SIM,0,pago,1
3709,1944.0,trinta,f,ce,roupas ,999,1,50,0,NAO,nao,,4
3710,1741.0,35,Masculino,,Casa,15,8,0,,Sim ,1,cancelado,0
3711,1875.0, 35 ,Feminino,,casa,10,0,R$400,,NAO,cancelado,cancelado,2
3712,1659.0,18,,PE,Roup@,10,5,150,R$ 30,SIM,0,cancelado,
3713,2031.0, 35 ,Masculino,XX,roupas ,999,2,R$ 400,gratis,,nao,,3
3714,2052.0,trinta,,XX,casa,10,2,300.0,gratis,NAO,sim,,
3715,1295.0,55,M,PE,Eletronicos,999,5,0,0,NAO,0,pago,3
3716,1985.0,30,Masculino,ce,Eletronicos,5,8,quatrocentos,R$ 30,sim,1,,0
3717,1925.0,25,M,,Eletronicos,25,8,,gratis,,0,pendente,4
3718,1639.0,trinta,Feminino,XX,ELETRONICOS,25,4,300.0,,não,sim,,4
3719,1339.0,,  M,XX,mercado,-5,3,50,25.5,não,1,pago,1
3720,1627.0,42,Masculino,XX,Roup@,25,100,100,R$ 30,,sim,cancelado,
3721,1438.0,18,M,,Roup@,,8,0,R$ 30,sim,1,pendente,0
3722,1941.0,25,Feminino,ce,roupas ,10,2,300.0,0,sim,0,,4
3723,1829.0,22,Masculino, sp ,Casa,,1,100,25.5,nao,0,,4
3724,1518.0,,Feminino,RJ,roupas ,2,2,300,,,1,,
3725,1975.0, 35 ,  M,CE,eletronicos,10,3,300.0,25.5,NAO,cancelado,PAGO,2
3726,2068.0,25,  M,SP,Roupas,15,5,100,gratis,nao,0,,1
3727,1954.0,22,F,,Eletronicos,0,3,50,20,NAO,0,,1
3728,1951.0,30,m,CE,Casa,999,100,R$400,25.5,Sim ,nao,pago,1
3729,1943.0,22,Feminino,XX,Roupas,-5,4,R$400,gratis,não,1,pendente,10
3730,1154.0,18,m,ce,Roupas,999,8,300.0,,NAO,cancelado,PAGO,4
3731,1087.0,42,F, sp ,Roupas,0,4,200,20,Sim ,cancelado,,3
3732,2096.0,trinta,f,,ELETRONICOS,0,3,150,,,cancelado,,10
3733,1930.0,30,Masculino,SP,casa,0,1,50,0,,0,pendente,4
3734,1178.0,trinta,, sp ,Roupas,10,100,0,gratis,nao,nao,pendente,4
3735,1211.0,trinta,m,RJ,casa,15,1,150,gratis,não,cancelado,,
3736,1464.0,22,m,XX,Mercado,0,1,300.0,0,,sim,,0
3737,1630.0, 35 ,Feminino,SP,Eletronicos,-5,1,0,R$ 30,Sim ,1,cancelado,3
3738,1824.0,25,Masculino,,Roupas,10,5,R$400,,Sim ,1,,1
3739,1606.0,30,Feminino,XX,Roup@,15,8,150,R$ 30,sim,1,,1
3740,1884.0,30,  M,,casa,0,8,,10,SIM,0,PAGO,
3741,1365.0,25,m,SP,Roup@,2,1,100,20,SIM,1,pago,2
3742,1275.0,25,Masculino,RJ,Roup@,-5,6,300,gratis,SIM,sim,,1
3743,1379.0,42,,PE,mercado,2,100,150,25.5,Sim ,0,,4
3744,1944.0,18,f,,Roupas,,6,,25.5,NAO,0,cancelado,0
3745,2087.0,30,F,ce,Mercado,,4,50,10,,1,cancelado,2
3746,1809.0,18,f, sp ,Casa,,100,200,,nao,sim,,4
3747,1924.0,25,F,CE,,15,3,150,20,SIM,sim,PAGO,4
3748,1493.0, 35 ,m,PE,Roup@,5,4,200,0,NAO,1,cancelado,10
3749,2094.0,35,f,PE,Eletronicos,-5,4,R$400,20,,cancelado,cancelado,2
3750,1363.0,35,f,,eletronicos,15,4,150,25.5,,1,,10
3751,1569.0,,,,Roup@,25,6,300,,não,nao,,4
3752,1762.0,30,Feminino, sp ,,2,8,150,,nao,nao,PAGO,4
3753,1275.0,25,,,Eletronicos,0,100,0,25.5,nao,sim,PAGO,10
3754,1049.0,35,f,,,-5,3,50,0,SIM,sim,PAGO,0
3755,1727.0,,,ce,roupas ,10,0,300,0,Sim ,sim,PAGO,0
3756,1905.0,30,,CE,Eletronicos,5,0,300,25.5,sim,0,pago,0
3757,1927.0,30,Feminino,CE,ELETRONICOS,-5,1,R$400,,,sim,,0
3758,1563.0,30,Masculino,SP,Casa,2,5,150,,Sim ,nao,pendente,1
3759,1782.0,,m,SP,roupas ,5,5,300,gratis,,0,pendente,2
3760,1484.0,30,Masculino,ce,mercado,10,0,100,gratis,nao,cancelado,pendente,0
3761,1583.0,42,m,XX,Eletronicos,15,0,R$400,0,,nao,cancelado,4
3762,1235.0,,Masculino,XX,Eletronicos,25,2,R$ 400,R$ 30,NAO,sim,PAGO,1
3763,1055.0,35,Masculino,PE,casa,15,3,0,gratis,,cancelado,,2
3764,1359.0,30,F,PE,,10,2,50,,não,nao,,0
3765,1109.0,30,,RJ,Mercado,2,1,quatrocentos,0,nao,0,PAGO,0
3766,1191.0,30,  M,SP,Casa,-5,2,R$400,20,Sim ,cancelado,pendente,2
3767,1903.0,,Feminino,RJ,ELETRONICOS,0,6,quatrocentos,20,nao,0,,0
3768,1861.0, 35 ,Masculino,,Roup@,5,1,100,20,,cancelado,cancelado,10
3769,,30,f,CE,ELETRONICOS,5,6,100,0,sim,0,,2
3770,2083.0, 35 ,,PE,mercado,10,1,quatrocentos,0,,cancelado,pago,2
3771,1649.0,trinta,F,XX,Roupas,999,2,R$400,gratis,sim,1,cancelado,4
3772,1038.0,42,,ce,Roupas,999,0,100,gratis,não,sim,cancelado,
3773,2072.0,trinta,M,SP,ELETRONICOS,999,6,quatrocentos,gratis,SIM,1,pendente,2
3774,1636.0,55,M,CE,mercado,-5,100,,10,,cancelado,PAGO,
3775,2036.0,trinta,m, sp ,Roup@,5,1,200,0,Sim ,1,pago,3
3776,1035.0,25,Masculino,ce,roupas ,2,5,300,R$ 30,nao,1,pendente,0
3777,1100.0,30,Feminino,RJ,,0,8,0,20,,1,PAGO,3
3778,1165.0,25,f,,Mercado,999,100,quatrocentos,,,0,pago,4
3779,1382.0,18,  M,RJ,Mercado,2,100,R$ 400,,Sim ,1,,
3780,1789.0,trinta,  M,SP,ELETRONICOS,10,4,50,20,sim,nao,,1
3781,1030.0,35,F,ce,Mercado,2,4,300,10,NAO,1,,
3782,1010.0,22,F,,ELETRONICOS,,4,50,10,,1,pago,
3783,1095.0,trinta,F,,Roupas,-5,3,R$400,20,Sim ,1,pendente,3
3784,1452.0,42,F, sp ,Eletronicos,999,0,300,0,,0,pago,2
3785,1191.0,trinta,,RJ,roupas ,,5,R$400,20,,cancelado,pago,1
3786,1485.0, 35 ,Masculino, sp ,Mercado,10,8,150,20,sim,nao,pago,
3787,1237.0,18,,ce,eletronicos,5,6,300,R$ 30,NAO,1,cancelado,2
3788,2088.0,30,Masculino,CE,Roupas,0,100,50,,SIM,cancelado,,1
3789,1734.0,18,Masculino,ce,mercado,25,3,R$ 400,10,,cancelado,,1
3790,1990.0,18,M,XX,eletronicos,15,6,150,10,SIM,1,PAGO,4
3791,1824.0,30,Feminino,,casa,0,3,50,,sim,1,pago,4
3792,1105.0,,f,CE,Mercado,0,2,,gratis,,nao,cancelado,1
3793,1180.0,22,m,RJ,ELETRONICOS,10,3,R$400,10,sim,1,pendente,3
3794,1183.0,18,Feminino,,Mercado,5,2,R$ 400,R$ 30,SIM,sim,cancelado,0
3795,1225.0,,F, sp ,Roup@,,2,200,R$ 30,sim,0,PAGO,10
3796,1776.0,30,,ce,Roup@,999,8,R$ 400,,,1,pendente,0
3797,1789.0,30,M,SP,Casa,15,3,200,20,não,1,PAGO,4
3798,1687.0,25,,RJ,roupas ,0,0,300.0,R$ 30,Sim ,cancelado,pendente,3
3799,1529.0,30,,SP,Roup@,10,2,200,gratis,não,1,,3
3800,1971.0,,M,CE,,999,8,200,20,NAO,nao,,2
3801,1935.0,35,,XX,Eletronicos,10,3,150,0,sim,0,cancelado,4
3802,1105.0,18,F,RJ,ELETRONICOS,5,100,200,0,sim,cancelado,cancelado,3
3803,1830.0,,m,XX,Mercado,-5,8,300.0,,,1,,3
3804,1678.0,18,F,XX,roupas ,10,100,100,10,NAO,0,PAGO,0
3805,1848.0,25,,,roupas ,,2,150,gratis,,nao,cancelado,3
3806,2055.0,42,F,CE,casa,10,6,R$ 400,R$ 30,Sim ,sim,pendente,3
3807,1392.0,18,F,ce,,999,5,300,25.5,SIM,1,pago,
3808,1039.0,,M,,,5,2,R$ 400,0,,0,pago,1
3809,1659.0,22,  M,XX,eletronicos,,4,,R$ 30,não,sim,pago,
3810,1980.0,55,F,SP,Casa,2,4,50,0,Sim ,0,,0
3811,1844.0,18,Masculino,,Mercado,10,0,R$400,0,SIM,1,cancelado,0
3812,1200.0,55,Masculino,RJ,Casa,5,8,300.0,0,SIM,1,PAGO,1
3813,1446.0,30,m,PE,roupas ,-5,5,200,0,sim,1,PAGO,0
3814,2061.0,trinta,m,PE,Roup@,25,100,,10,NAO,sim,,2
3815,1443.0,42,m,,Roupas,999,1,300.0,gratis,nao,0,pendente,10
3816,1760.0,30,Feminino,CE,Casa,5,4,300,0,,1,cancelado,2
3817,1226.0, 35 ,f,,Eletronicos,999,5,,R$ 30,sim,0,cancelado,4
3818,1047.0,42,m,,Roupas,-5,0,300,R$ 30,,1,cancelado,2
3819,2041.0,,F,,ELETRONICOS,25,3,300.0,,nao,sim,pendente,0
3820,1911.0, 35 ,m,ce,Roupas,5,5,50,10,,sim,pendente,0
3821,1186.0,30,f,PE,Eletronicos,-5,3,R$ 400,gratis,NAO,1,cancelado,2
3822,1344.0,42,Feminino,PE,eletronicos,15,8,quatrocentos,gratis,,cancelado,cancelado,4
3823,1223.0,30,f,,,15,3,quatrocentos,,sim,0,pago,
3824,1829.0, 35 ,,,Mercado,999,8,,25.5,não,0,PAGO,4
3825,1487.0,25,m,XX,Casa,0,2,200,20,sim,nao,pago,2
3826,1876.0,22,m,RJ,Roup@,,8,200,0,não,0,pago,2
3827,1848.0,42,m,PE,eletronicos,5,100,R$ 400,10,nao,sim,PAGO,10
3828,1978.0,30,,,Eletronicos,25,5,0,gratis,Sim ,cancelado,,1
3829,2016.0,18,f,,eletronicos,0,6,300,25.5,Sim ,1,,4
3830,1187.0,30,M,CE,Casa,999,3,50,20,nao,0,,4
3831,, 35 ,F,RJ,eletronicos,15,5,0,gratis,nao,1,,1
3832,1309.0, 35 ,F,SP,ELETRONICOS,-5,5,300.0,gratis,sim,nao,,2
3833,2095.0,22,m,SP,casa,-5,3,150,0,Sim ,0,pendente,
3834,1844.0, 35 ,Feminino,,Casa,15,0,0,20,SIM,sim,pago,1
3835,1485.0,55,, sp ,,2,6,quatrocentos,20,,1,pendente,1
3836,1119.0,35,M, sp ,,10,3,,,não,1,pendente,3
3837,1219.0,55,,PE,,5,1,,10,nao,cancelado,PAGO,4
3838,1052.0, 35 ,M,CE,Mercado,10,1,300,25.5,,nao,,2
3839,,30,F,XX,Roupas,25,2,quatrocentos,,NAO,0,cancelado,3
3840,1737.0,42,m,,Casa,2,5,300,R$ 30,não,sim,,10
3841,1719.0,30,  M,SP,Eletronicos,25,8,100,10,sim,1,pago,3
3842,1405.0,18,,SP,,5,1,300,25.5,Sim ,0,pendente,
3843,1607.0,42,m,CE,,15,1,quatrocentos,,Sim ,sim,pago,3
3844,2020.0,25,,PE,eletronicos,0,4,R$400,10,,sim,pendente,2
3845,1421.0,42,, sp ,Casa,,6,300,25.5,SIM,0,pendente,1
3846,1711.0,42,  M,ce,eletronicos,0,100,0,R$ 30,Sim ,0,pendente,2
3847,1246.0,30,f,PE,Roup@,5,1,quatrocentos,0,sim,cancelado,cancelado,4
3848,1071.0,22,f,PE,mercado,999,5,300,25.5,sim,1,,10
3849,1184.0, 35 ,f,XX,Mercado,25,100,R$ 400,R$ 30,NAO,1,pendente,
3850,1005.0,22,Feminino,XX,,,0,300.0,10,não,1,PAGO,10
3851,1905.0,25,f,SP,roupas ,,8,R$ 400,20,,sim,,10
3852,,trinta,Masculino,XX,mercado,15,2,,gratis,,cancelado,,
3853,1698.0,18,,SP,Casa,2,100,R$ 400,R$ 30,não,sim,pendente,4
3854,2099.0,55,  M,PE,Eletronicos,,0,300,R$ 30,não,sim,pago,0
3855,1826.0,18,,CE,casa,,100,100,R$ 30,,1,,2
3856,1348.0,,Masculino,ce,Mercado,999,100,300.0,25.5,,1,cancelado,1
3857,1307.0, 35 ,Masculino,CE,roupas ,25,100,300,,NAO,cancelado,pendente,1
3858,1286.0,,  M,PE,Roup@,25,3,50,25.5,NAO,sim,PAGO,2
3859,1765.0,,,,,0,8,200,20,NAO,sim,cancelado,4
3860,1724.0,18,,,casa,2,1,100,0,SIM,sim,cancelado,2
3861,1761.0,35,F, sp ,Roupas,,100,,10,NAO,1,pendente,10
3862,1382.0,55,m,,eletronicos,25,100,200,0,,0,pendente,4
3863,1387.0,25,F,ce,mercado,-5,3,,,Sim ,1,cancelado,0
3864,1524.0, 35 ,  M,XX,casa,999,5,R$400,25.5,nao,0,cancelado,0
3865,1638.0,30,F,,eletronicos,25,0,R$ 400,25.5,SIM,1,cancelado,0
3866,1937.0,25,F,XX,roupas ,10,6,R$400,R$ 30,,cancelado,pago,10
3867,1275.0,35,F,PE,Roup@,0,100,R$400,R$ 30,Sim ,1,cancelado,
3868,1499.0,55,f,ce,roupas ,-5,3,,0,,1,,
3869,1716.0,30,M, sp ,Roup@,15,8,0,10,não,1,,3
3870,1336.0,35,F, sp ,Roup@,,6,R$ 400,25.5,sim,1,PAGO,4
3871,1931.0,25,m,,ELETRONICOS,15,5,,25.5,não,0,PAGO,4
3872,1480.0, 35 ,  M,SP,,5,4,,,NAO,0,,2
3873,1910.0,trinta,M, sp ,,,5,300,0,sim,1,pendente,4
3874,2081.0, 35 ,Feminino,RJ,ELETRONICOS,15,4,300,gratis,não,sim,cancelado,2
3875,1108.0,55,m,SP,Mercado,15,3,300,R$ 30,SIM,cancelado,PAGO,3
3876,1327.0,trinta,m, sp ,ELETRONICOS,2,8,quatrocentos,20,NAO,0,PAGO,2
3877,1314.0,22,f,PE,ELETRONICOS,5,6,300,25.5,não,1,,0
3878,1698.0,55,f,ce,,10,4,,10,sim,sim,,2
3879,1780.0,55,  M,ce,eletronicos,-5,100,R$400,gratis,Sim ,nao,pago,2
3880,1155.0,,m,RJ,Casa,,1,quatrocentos,0,não,1,,2
3881,1886.0,35,,PE,mercado,25,1,0,,SIM,1,pago,4
3882,2025.0, 35 ,,RJ,mercado,15,100,quatrocentos,0,sim,1,PAGO,1
3883,1757.0,,  M,XX,Roupas,5,8,300,,não,cancelado,pendente,1
3884,1721.0,25,F,CE,Eletronicos,-5,2,R$ 400,10,Sim ,1,PAGO,10
3885,1912.0,30,Masculino, sp ,Roup@,0,5,0,,NAO,0,pendente,1
3886,1870.0,18,Feminino,PE,roupas ,-5,4,,R$ 30,,sim,PAGO,10
3887,1012.0,42,f,CE,,999,1,,R$ 30,NAO,0,,4
3888,1607.0,30,Masculino,CE,eletronicos,,100,300,gratis,,cancelado,cancelado,0
3889,1497.0,18,,ce,Roup@,25,6,R$400,10,NAO,1,PAGO,1
3890,1237.0,22,  M,ce,Eletronicos,25,6,300,25.5,nao,1,pago,1
3891,1780.0,25,F,XX,ELETRONICOS,15,4,50,gratis,sim,1,pendente,
3892,1605.0, 35 ,M,PE,Roupas,10,2,0,20,,1,pendente,
3893,1660.0,30,F,,ELETRONICOS,-5,0,150,20,,nao,PAGO,3
3894,1848.0,55,m,PE,Roup@,25,0,300,10,,1,pendente,
3895,1935.0,,F,XX,,-5,3,quatrocentos,20,nao,nao,pago,10
3896,1627.0,30,m,ce,Roupas,5,8,quatrocentos,10,,cancelado,,10
3897,1142.0,18,,ce,Eletronicos,,8,R$400,,Sim ,cancelado,cancelado,3
3898,1713.0,30,f, sp ,roupas ,,5,200,25.5,,1,cancelado,0
3899,1478.0,30,,,roupas ,,5,300.0,R$ 30,Sim ,nao,pendente,2
3900,1564.0,25,m,ce,Mercado,25,0,300,25.5,não,0,PAGO,2
3901,1470.0, 35 ,M,RJ,casa,,4,300,10,NAO,1,pendente,3
3902,1383.0,trinta,Masculino, sp ,casa,2,1,R$400,25.5,sim,1,pago,3
3903,1925.0,30,F,SP,roupas ,5,1,200,20,nao,nao,,0
3904,1416.0,30,f,,casa,25,100,50,,nao,1,PAGO,0
3905,1307.0, 35 ,F,,mercado,25,4,R$ 400,25.5,NAO,nao,,4
3906,1648.0,,F,RJ,Casa,0,1,,,nao,sim,pago,2
3907,2024.0,22,m,,Eletronicos,999,2,100,20,NAO,nao,,4
3908,2067.0,35,Masculino,,Casa,2,8,R$400,R$ 30,,0,PAGO,1
3909,1738.0,30,f,ce,,,2,200,R$ 30,não,nao,,10
3910,1139.0, 35 ,F,ce,casa,15,1,0,20,não,nao,pago,10
3911,1973.0,35,F, sp ,ELETRONICOS,999,100,150,,não,0,pago,0
3912,2016.0, 35 ,Feminino,XX,Mercado,25,5,R$400,0,SIM,0,pendente,2
3913,1952.0,,  M,RJ,casa,2,4,0,25.5,SIM,cancelado,,2
3914,1903.0, 35 ,Feminino,ce,eletronicos,,4,R$ 400,25.5,nao,sim,PAGO,4
3915,1071.0,22,  M,CE,Roup@,999,1,R$ 400,10,sim,sim,cancelado,3
3916,1106.0, 35 ,M,ce,Roupas,25,3,300,10,sim,1,pago,0
3917,2065.0,25,Feminino,PE,ELETRONICOS,15,1,R$400,,não,sim,cancelado,0
3918,1882.0,30,m,CE,,999,5,300,gratis,Sim ,0,,
3919,1138.0,18,M,XX,Roup@,,5,200,20,sim,0,cancelado,10
3920,1614.0,18,,CE,mercado,-5,100,300.0,R$ 30,nao,nao,cancelado,3
3921,1862.0,18,f,,Mercado,15,0,R$400,R$ 30,,0,pago,1
3922,1272.0, 35 ,,SP,eletronicos,-5,5,200,0,SIM,0,pago,2
3923,1415.0,,f,ce,mercado,0,5,100,20,,1,pago,3
3924,1505.0,30,f, sp ,mercado,10,8,R$400,25.5,,0,cancelado,0
3925,1732.0,35,f,,mercado,10,2,quatrocentos,gratis,,nao,,1
3926,1423.0,35,Feminino,XX,roupas ,2,8,0,20,nao,nao,PAGO,10
3927,1389.0, 35 ,, sp ,Roup@,25,1,0,gratis,nao,0,pendente,10
3928,1341.0,25,Masculino,ce,Roupas,999,5,quatrocentos,20,SIM,1,,4
3929,1945.0,25,, sp ,Casa,0,6,300,,,0,pago,0
3930,1613.0,55,,PE,eletronicos,999,1,150,25.5,NAO,1,,1
3931,1492.0, 35 ,f,CE,Casa,-5,100,50,25.5,,cancelado,PAGO,0
3932,1191.0,42,,SP,eletronicos,5,100,50,0,não,0,,
3933,1498.0,22,,ce,Eletronicos,999,1,50,R$ 30,,0,pago,4
3934,1821.0,18,Masculino,,,15,4,300.0,,,0,PAGO,2
3935,1226.0,22,Feminino,XX,roupas ,25,0,R$ 400,R$ 30,nao,1,,10
3936,1138.0,18,Masculino,,eletronicos,999,2,,0,,0,pendente,10
3937,1855.0,trinta,m,CE,casa,25,0,R$ 400,25.5,Sim ,1,,2
3938,1816.0,trinta,,,casa,25,100,100,,,0,pendente,10
3939,2086.0, 35 ,,CE,Eletronicos,0,100,R$400,10,não,1,cancelado,10
3940,1103.0,trinta,f,RJ,Roupas,-5,1,quatrocentos,0,,sim,,10
3941,1870.0,30,,,Mercado,,100,quatrocentos,20,SIM,0,,0
3942,1667.0,55,,CE,roupas ,-5,4,quatrocentos,0,Sim ,0,cancelado,0
3943,1272.0,25,  M,CE,,0,0,300,10,sim,cancelado,PAGO,
3944,2029.0,30,, sp ,mercado,15,100,150,25.5,NAO,1,cancelado,2
3945,1183.0,22,m,ce,Roup@,5,3,R$ 400,25.5,nao,sim,,0
3946,2051.0,22,Masculino, sp ,ELETRONICOS,,6,150,R$ 30,SIM,sim,,1
3947,1292.0,,m,RJ,roupas ,25,3,150,25.5,NAO,nao,PAGO,0
3948,1176.0,trinta,  M, sp ,Eletronicos,25,1,,,nao,nao,pendente,10
3949,1057.0,25,Feminino,SP,casa,10,6,R$ 400,R$ 30,,0,pago,2
3950,1307.0,55,m,,,10,5,150,10,,nao,pendente,
3951,1976.0,18,, sp ,Roup@,2,3,300,0,nao,sim,pago,0
3952,1699.0,30,M,PE,eletronicos,25,4,300,20,,sim,PAGO,
3953,1082.0,55,m,PE,Roupas,10,2,R$ 400,20,não,0,cancelado,0
3954,1251.0,30,  M,XX,Roupas,5,4,100,,Sim ,nao,,4
3955,1795.0,35,m,RJ,Mercado,,4,50,0,não,nao,pago,1
3956,1896.0,trinta,m,RJ,Mercado,0,3,300,25.5,,0,,
3957,1209.0,18,F, sp ,roupas ,10,6,0,R$ 30,NAO,sim,,1
3958,1815.0,30,,,ELETRONICOS,-5,1,,20,,1,,1
3959,1608.0,18,f,CE,Eletronicos,,100,200,25.5,SIM,0,cancelado,4
3960,1446.0,18,Feminino,ce,Roup@,,3,300,,NAO,1,,4
3961,1459.0,trinta,F,CE,casa,2,3,R$ 400,gratis,SIM,1,PAGO,1
3962,1967.0,18,,CE,Eletronicos,5,3,300.0,gratis,,sim,pago,1
3963,1471.0,55,  M,RJ,,999,8,300,,,0,,1
3964,1369.0,55,Masculino,RJ,Eletronicos,2,0,50,20,NAO,1,pendente,0
3965,1899.0,30,  M,PE,,10,2,R$ 400,0,,cancelado,,10
3966,1922.0,22,f,RJ,Casa,-5,1,R$ 400,0,não,cancelado,PAGO,4
3967,1136.0,25,  M, sp ,Casa,999,5,,0,,cancelado,pago,2
3968,1366.0,30,F,PE,eletronicos,25,0,200,25.5,,0,pendente,
3969,1911.0,30,  M,,ELETRONICOS,5,3,100,gratis,NAO,0,,10
3970,1183.0,,f,CE,eletronicos,10,6,,25.5,sim,0,pendente,0
3971,1471.0,,f,,Roup@,,3,R$ 400,10,,1,cancelado,2
3972,1653.0,42,M,CE,casa,-5,6,200,10,não,cancelado,cancelado,0
3973,1748.0,trinta,m,CE,casa,2,4,100,20,NAO,1,,0
3974,1536.0, 35 ,Masculino,XX,Eletronicos,10,8,R$400,10,NAO,nao,,2
3975,1801.0,,Masculino,CE,,,1,200,0,Sim ,0,pago,2
3976,1919.0, 35 ,F,,Mercado,-5,1,300.0,20,,0,PAGO,10
3977,1509.0,30,f,,,5,5,R$ 400,gratis,não,nao,,2
3978,1629.0,18,M,CE,casa,0,100,200,R$ 30,Sim ,0,cancelado,3
3979,2001.0,18,,SP,Mercado,,5,200,gratis,não,1,pago,4
3980,2096.0,trinta,M,SP,Mercado,15,4,200,,,1,PAGO,3
3981,1915.0,35,Feminino,SP,,5,0,50,10,SIM,1,pago,10
3982,2033.0,22,  M, sp ,Roup@,10,5,100,,não,sim,,0
3983,1151.0,42,m,PE,ELETRONICOS,-5,1,R$ 400,10,não,nao,cancelado,2
3984,2028.0,55,M,,Eletronicos,15,8,300,gratis,NAO,0,PAGO,1
3985,1463.0,18,  M,CE,,-5,4,R$400,,sim,1,pago,10
3986,1270.0,42,m,PE,casa,25,5,300.0,10,nao,1,,1
3987,1459.0,30,Feminino,ce,mercado,999,6,300,10,não,nao,pago,
3988,1104.0,35,Feminino,,ELETRONICOS,999,8,,25.5,Sim ,1,PAGO,
3989,1161.0,55,f,ce,Casa,25,2,150,R$ 30,sim,0,,3
3990,1350.0,trinta,Feminino,RJ,mercado,-5,1,300.0,R$ 30,,1,,
3991,1433.0,42,f,PE,Roup@,0,3,150,gratis,não,cancelado,,3
3992,1851.0,30,,XX,ELETRONICOS,999,1,300.0,gratis,sim,cancelado,pendente,0
3993,1139.0,55,,CE,Roup@,,4,200,10,,sim,,4
3994,1086.0,trinta,F, sp ,ELETRONICOS,25,6,50,0,SIM,sim,,0
3995,1182.0, 35 ,  M,,Mercado,-5,5,300.0,25.5,sim,nao,pendente,10
3996,1367.0,trinta,,CE,Eletronicos,2,4,R$ 400,0,SIM,0,pago,1
3997,1128.0,trinta,,,casa,999,8,quatrocentos,10,sim,0,PAGO,10
3998,1669.0,55,Masculino,XX,roupas ,10,6,,gratis,sim,nao,,
3999,1148.0,35,M,CE,Roupas,2,3,50,,Sim ,1,cancelado,2
4000,1984.0,55,Feminino,,Eletronicos,0,100,300,,nao,1,PAGO,3
4001,1851.0,25,,RJ,Mercado,999,5,150,0,Sim ,0,,1
4002,1627.0,22,M,SP,Mercado,10,1,200,R$ 30,NAO,0,pago,2
4003,1445.0,,F,XX,roupas ,2,6,0,20,sim,sim,PAGO,0
4004,1883.0,35,M,RJ,,10,5,300,0,SIM,1,pendente,4
4005,1293.0,30,Masculino,CE,Mercado,25,0,,gratis,,cancelado,,2
4006,1249.0,35,F,RJ,mercado,999,4,R$ 400,R$ 30,sim,0,,4
4007,1877.0,30,f, sp ,Mercado,,1,50,10,,nao,PAGO,0
4008,1947.0,30,M,RJ,Casa,,2,0,0,não,1,,0
4009,1974.0, 35 ,  M,ce,casa,15,0,R$400,10,SIM,nao,cancelado,1
4010,2048.0,55,,,Eletronicos,999,0,50,25.5,não,0,,
4011,1788.0,trinta,Masculino,XX,Roupas,25,5,R$ 400,20,NAO,sim,cancelado,2
4012,1983.0,55,F,SP,mercado,10,6,200,,,nao,pendente,10
4013,1888.0,30,,CE,mercado,25,2,50,gratis,não,sim,PAGO,0
4014,1889.0,42,M,XX,Roupas,5,100,200,gratis,,sim,pago,1
4015,1069.0,30,  M,PE,Mercado,0,6,R$400,10,,1,,0
4016,1624.0,25,M,XX,ELETRONICOS,2,100,300,20,NAO,cancelado,,1
4017,1874.0,trinta,Feminino, sp ,mercado,0,3,100,R$ 30,NAO,1,pendente,4
4018,1470.0,trinta,Feminino,XX,mercado,25,6,R$ 400,gratis,NAO,nao,,1
4019,1090.0,18,Masculino,PE,Eletronicos,,5,0,0,,0,pendente,10
4020,1529.0,42,F,RJ,,-5,100,R$400,gratis,não,sim,PAGO,4
4021,1660.0,18,F,ce,roupas ,0,1,R$400,0,NAO,1,pendente,3
4022,1738.0, 35 ,,RJ,Casa,-5,100,150,gratis,NAO,sim,pendente,0
4023,1725.0,22,Masculino,RJ,Roupas,25,5,R$ 400,0,Sim ,0,pago,3
4024,1871.0,,Masculino,PE,Mercado,2,1,,25.5,,nao,pendente,2
4025,1191.0,22,  M,,Roup@,,0,,10,,0,cancelado,3
4026,1137.0,55,Feminino,SP,Roup@,25,8,100,R$ 30,nao,1,pendente,
4027,1344.0,22,F,PE,ELETRONICOS,15,6,300,R$ 30,sim,1,pendente,1
4028,2008.0,trinta,M,RJ,mercado,0,2,quatrocentos,25.5,NAO,1,PAGO,1
4029,1502.0,30,Masculino,XX,mercado,25,5,quatrocentos,,SIM,0,pendente,2
4030,1202.0,42,f,SP,roupas ,2,3,R$ 400,R$ 30,SIM,1,pago,2
4031,1572.0,55,m,CE,mercado,5,2,,0,Sim ,sim,PAGO,0
4032,1191.0,55,F,CE,Roup@,15,1,R$400,R$ 30,não,0,,
4033,1004.0,42,F, sp ,Roupas,999,100,R$ 400,10,não,cancelado,cancelado,1
4034,1310.0,trinta,f,RJ,ELETRONICOS,25,2,R$400,20,não,nao,cancelado,
4035,1548.0,,F,XX,roupas ,-5,1,150,0,,1,,
4036,1055.0, 35 ,f,,Casa,5,8,quatrocentos,,NAO,1,pendente,2
4037,1442.0, 35 ,m,ce,,999,100,0,,nao,1,pago,
4038,1869.0,55,,ce,Roup@,25,6,300.0,,,1,pago,10
4039,1584.0, 35 ,  M,SP,eletronicos,15,0,,R$ 30,nao,cancelado,pago,
4040,1751.0,trinta,m,,Eletronicos,,8,quatrocentos,gratis,não,cancelado,pago,3
4041,1359.0,25,,CE,roupas ,0,100,150,gratis,não,1,pendente,
4042,1818.0,25,,,roupas ,15,8,0,20,sim,nao,,1
4043,1029.0,18,  M,CE,Roup@,999,6,100,25.5,nao,sim,,
4044,1107.0,35,Feminino,CE,ELETRONICOS,10,1,300.0,0,NAO,1,cancelado,10
4045,1843.0,30,f,CE,Eletronicos,5,100,,gratis,NAO,0,,
4046,1716.0,22,Masculino,XX,Roupas,-5,5,100,,,0,pago,2
4047,1890.0, 35 ,,PE,Roupas,15,2,0,10,,1,pendente,
4048,1959.0,25,m,XX,mercado,15,0,300.0,20,SIM,nao,PAGO,0
4049,1892.0,30,F,ce,eletronicos,,4,R$ 400,25.5,SIM,cancelado,PAGO,
4050,1731.0,42,m,XX,casa,5,3,200,,sim,cancelado,pago,10
4051,1605.0,35,  M,XX,Roup@,2,1,300,25.5,Sim ,1,,4
4052,1456.0,18,,PE,ELETRONICOS,-5,5,100,10,NAO,0,cancelado,
4053,1614.0,30,M,SP,Eletronicos,999,3,200,R$ 30,,1,PAGO,1
4054,1697.0,25,  M,,,10,4,100,10,SIM,nao,,
4055,1673.0,18,,SP,ELETRONICOS,5,100,50,R$ 30,não,1,pago,1
4056,1542.0,35,m,,casa,15,8,300.0,20,NAO,sim,pendente,
4057,1856.0,42,m,SP,Roupas,5,5,50,0,NAO,1,PAGO,1
4058,1896.0,22,,,ELETRONICOS,5,0,,gratis,NAO,cancelado,pago,1
4059,1277.0,25,f,,,25,6,300.0,25.5,nao,0,PAGO,4
4060,1551.0,,,,Roupas,25,2,R$ 400,,SIM,sim,pendente,4
4061,1110.0,42,Masculino,,,999,8,0,,sim,1,,3
4062,1384.0,30,m,PE,Roupas,,1,50,R$ 30,SIM,cancelado,,10
4063,1760.0, 35 ,f,PE,eletronicos,5,3,50,10,,0,pendente,0
4064,1693.0,35,f,SP,Roupas,2,1,100,0,não,1,pendente,1
4065,1404.0,30,,PE,,10,1,300.0,10,não,sim,,2
4066,1021.0,22,Feminino,PE,Mercado,0,5,300.0,,Sim ,sim,pendente,
4067,1677.0,42,  M, sp ,Roupas,25,6,300.0,R$ 30,SIM,0,pendente,3
4068,1610.0,trinta,,RJ,Eletronicos,999,3,0,25.5,SIM,cancelado,pendente,1
4069,1007.0,22,Feminino,SP,Eletronicos,999,3,50,gratis,Sim ,1,,10
4070,1701.0,55,m,,Eletronicos,5,3,R$ 400,,,0,,4
4071,1528.0,25,m,SP,roupas ,,1,R$400,,Sim ,sim,,0
4072,1601.0, 35 ,m,,Roup@,15,5,0,10,NAO,1,PAGO,3
4073,1656.0,,F,XX,Roup@,2,1,300.0,gratis,NAO,cancelado,,
4074,1165.0,35,M,RJ,Roup@,5,3,0,0,,1,PAGO,0
4075,1848.0,30,M, sp ,Mercado,0,6,150,R$ 30,não,1,,2
4076,1495.0,,f, sp ,Eletronicos,25,6,quatrocentos,25.5,,cancelado,cancelado,2
4077,1589.0,42,m,ce,mercado,-5,3,R$ 400,20,,cancelado,PAGO,2
4078,1428.0,trinta,Masculino,,Roup@,,100,200,,,cancelado,pendente,2
4079,1773.0,30,,ce,casa,0,0,0,,,0,cancelado,3
4080,1162.0,,,XX,casa,0,3,300.0,25.5,sim,0,,0
4081,1365.0,25,, sp ,ELETRONICOS,5,5,300,R$ 30,não,cancelado,,1
4082,1071.0,25,Masculino,XX,roupas ,-5,5,R$400,20,nao,0,,3
4083,1654.0,35,,,mercado,5,5,150,20,SIM,sim,,1
4084,1268.0,,f,RJ,Roupas,-5,3,150,25.5,,nao,cancelado,4
4085,1414.0,trinta,Masculino,XX,Eletronicos,999,5,R$ 400,R$ 30,sim,cancelado,pago,
4086,2015.0,25,m,RJ,Mercado,2,5,150,20,NAO,1,pendente,10
4087,1674.0,30,Masculino,SP,roupas ,,4,100,R$ 30,Sim ,1,PAGO,3
4088,2083.0,trinta,m,XX,eletronicos,999,4,0,gratis,Sim ,1,cancelado,3
4089,1005.0,30,Masculino,PE,eletronicos,,2,200,0,,0,PAGO,3
4090,1981.0,22,Masculino,CE,,25,100,R$400,10,,nao,,10
4091,1569.0,30,Feminino, sp ,Casa,15,8,200,R$ 30,não,nao,pago,
4092,1406.0,trinta,, sp ,Roupas,2,1,R$400,R$ 30,,nao,,10
4093,1025.0,18,M, sp ,Eletronicos,,5,300,20,SIM,nao,pago,4
4094,2028.0,30,Feminino,SP,roupas ,15,2,300,,SIM,cancelado,PAGO,10
4095,1985.0,,M,CE,eletronicos,15,6,,R$ 30,Sim ,1,,3
4096,1389.0,30,Feminino,RJ,Casa,15,8,300,R$ 30,,sim,,10
4097,1709.0,trinta,F,SP,Mercado,5,2,300.0,,não,nao,,0
4098,1570.0, 35 ,, sp ,Eletronicos,15,6,,20,nao,nao,,
4099,1753.0,25,m, sp ,eletronicos,5,3,150,25.5,não,0,pago,10
4100,1145.0,22,Feminino,ce,,999,100,150,R$ 30,NAO,nao,pendente,2
4101,1784.0, 35 ,Feminino,ce,Roup@,-5,4,R$400,,,sim,,
4102,1525.0, 35 ,f,,casa,5,3,300.0,,NAO,cancelado,cancelado,
4103,1012.0,18,Masculino,ce,Casa,5,3,,gratis,NAO,cancelado,cancelado,10
4104,1902.0,42,F, sp ,Mercado,5,2,quatrocentos,10,,sim,cancelado,1
4105,1383.0,trinta,,PE,eletronicos,2,100,300,R$ 30,nao,cancelado,pendente,4
4106,1555.0,30,  M,CE,Mercado,0,0,0,20,sim,0,,2
4107,1886.0,25,Feminino,PE,Roupas,0,5,300.0,gratis,não,cancelado,,3
4108,1018.0,,  M,SP,,2,100,300,10,não,sim,PAGO,0
4109,1574.0, 35 ,M,RJ,ELETRONICOS,2,2,150,25.5,nao,nao,PAGO,10
4110,1750.0,22,Masculino,XX,Casa,0,6,R$ 400,R$ 30,,cancelado,,10
4111,2003.0,42,  M,XX,roupas ,0,8,300.0,20,NAO,1,pendente,3
4112,1418.0,18,M,CE,roupas ,15,6,R$ 400,25.5,Sim ,nao,,4
4113,1418.0,55,F,,eletronicos,10,3,R$400,R$ 30,,1,PAGO,3
4114,1121.0,25,,XX,Roup@,,100,0,25.5,NAO,cancelado,,0
4115,1431.0,55,m,CE,Roup@,0,0,100,20,sim,cancelado,cancelado,
4116,1043.0,30,Feminino,,Roupas,2,0,50,gratis,nao,1,,10
4117,1380.0, 35 ,  M,SP,roupas ,10,0,100,gratis,,cancelado,,
4118,1144.0,35,,,Casa,2,100,,25.5,,0,,3
4119,1362.0,25,Masculino,RJ,casa,10,1,,25.5,Sim ,0,pago,
4120,2073.0,30,f,XX,Roup@,5,0,50,R$ 30,não,0,,3
4121,2088.0,42,F, sp ,roupas ,25,2,,,sim,nao,PAGO,10
4122,1354.0,22,m,ce,ELETRONICOS,10,4,300,0,sim,0,PAGO,3
4123,1799.0,25,Masculino,SP,Casa,-5,1,R$400,10,,1,,10
4124,1825.0,30,F,SP,casa,999,6,300,R$ 30,nao,1,cancelado,2
4125,1397.0,trinta,f,CE,ELETRONICOS,-5,1,150,25.5,Sim ,1,cancelado,
4126,1879.0,55,M,,roupas ,5,5,0,25.5,NAO,1,PAGO,3
4127,1462.0,trinta,f,,,-5,100,200,10,NAO,cancelado,pago,1
4128,1807.0,42,  M,,eletronicos,10,1,0,20,SIM,0,,2
4129,1186.0,18,m,CE,mercado,-5,100,300,,Sim ,1,pendente,4
4130,1731.0, 35 ,,ce,mercado,2,4,200,gratis,NAO,nao,PAGO,
4131,1428.0,25,Feminino, sp ,Roupas,5,3,300,20,sim,sim,,1
4132,1857.0,35,Feminino,SP,Roupas,2,0,150,,nao,cancelado,cancelado,0
4133,1236.0,55,M,ce,casa,,6,,10,NAO,cancelado,,4
4134,1770.0,55,Masculino, sp ,ELETRONICOS,5,8,300,10,nao,sim,PAGO,4
4135,1757.0,25,m,,roupas ,5,100,R$400,0,,1,PAGO,10
4136,1135.0,30,M,CE,,0,5,0,R$ 30,,0,,10
4137,1791.0,trinta,,RJ,roupas ,-5,2,300,R$ 30,NAO,sim,PAGO,
4138,1170.0,55,  M,,eletronicos,5,3,0,R$ 30,nao,sim,pago,3
4139,1158.0,30,  M,CE,Mercado,15,3,300.0,,sim,1,,2
4140,1200.0,22,f,CE,Roupas,10,4,150,R$ 30,Sim ,sim,,10
4141,1961.0, 35 ,Feminino,CE,Mercado,25,8,300,0,SIM,nao,pendente,2
4142,1582.0,55,,XX,Mercado,,6,300.0,gratis,nao,cancelado,pago,0
4143,1875.0,30,m,ce,eletronicos,5,3,,R$ 30,NAO,1,pendente,10
4144,1370.0,42,, sp ,Mercado,25,8,200,25.5,nao,sim,PAGO,1
4145,1102.0,42,f,,Mercado,999,4,R$400,10,nao,nao,pendente,3
4146,2001.0, 35 ,Masculino,SP,eletronicos,0,0,R$ 400,0,NAO,cancelado,pendente,2
4147,1975.0,30,  M,SP,,15,8,100,20,,1,pago,3
4148,,,Feminino,RJ,Roup@,999,8,0,R$ 30,NAO,sim,pago,1
4149,1657.0,,,RJ,Mercado,10,100,,0,Sim ,sim,,4
4150,1881.0,35,,RJ,Roupas,15,0,quatrocentos,20,sim,0,pendente,1
4151,1732.0, 35 ,,PE,eletronicos,,1,R$ 400,0,,1,pago,4
4152,1422.0,18,m,RJ,Casa,25,8,150,20,sim,1,,1
4153,1571.0,30,Feminino,SP,Mercado,0,3,300.0,0,,nao,pendente,3
4154,1170.0,55,  M,,Roup@,5,4,150,0,sim,0,pendente,1
4155,1172.0,,, sp ,,,6,300.0,,sim,0,,10
4156,1662.0, 35 ,f,RJ,,999,5,0,R$ 30,sim,nao,PAGO,2
4157,1452.0,,Masculino,,Roupas,-5,0,0,gratis,,1,pago,2
4158,1349.0,trinta,,PE,Eletronicos,,2,50,25.5,,sim,cancelado,0
4159,1493.0,42,M,PE,Roupas,25,5,200,10,sim,0,,
4160,1619.0,30,Feminino,,ELETRONICOS,25,5,,25.5,NAO,0,pago,10
4161,2027.0, 35 ,f,XX,Casa,,3,quatrocentos,gratis,NAO,0,,2
4162,1918.0,trinta,Masculino,XX,,25,5,300,,sim,1,PAGO,2
4163,1005.0,30,Masculino,XX,,,4,50,R$ 30,sim,1,,4
4164,1287.0,18,F,ce,mercado,2,5,0,20,Sim ,nao,,10
4165,1607.0,30,,XX,roupas ,999,100,R$400,,nao,1,,3
4166,1456.0,22,F,PE,ELETRONICOS,10,8,300.0,25.5,Sim ,0,pago,3
4167,2029.0,,f,,eletronicos,999,1,R$ 400,10,não,cancelado,pendente,4
4168,1623.0,18,Masculino,,eletronicos,25,3,300,R$ 30,NAO,cancelado,cancelado,2
4169,1375.0,55,M,RJ,roupas ,5,100,R$400,10,,nao,,1
4170,1446.0,trinta,Feminino,XX,casa,,4,R$ 400,20,sim,nao,pago,4
4171,1834.0, 35 ,F,,casa,15,4,150,,,1,,3
4172,1810.0,,Masculino,CE,roupas ,-5,6,200,,nao,1,pendente,0
4173,1958.0, 35 ,Feminino,SP,eletronicos,999,3,50,10,,1,,3
4174,1848.0,25,,XX,Roupas,-5,3,0,gratis,NAO,0,cancelado,1
4175,1808.0,42,,SP,Casa,0,100,300,25.5,,0,pendente,3
4176,1978.0,55,Feminino,XX,Roup@,-5,5,100,10,não,1,cancelado,4
4177,1415.0,trinta,Masculino,CE,mercado,15,8,,25.5,,1,,0
4178,1725.0, 35 ,f,RJ,Casa,2,5,150,0,Sim ,1,,3
4179,1453.0,22,F,ce,roupas ,25,6,0,25.5,não,cancelado,,4
4180,1149.0,30,F, sp ,eletronicos,999,0,300,20,SIM,0,pago,
4181,1758.0,55,  M,,casa,0,0,R$ 400,gratis,,0,cancelado,4
4182,1778.0,30,Masculino,,eletronicos,25,2,quatrocentos,R$ 30,,sim,pendente,
4183,1972.0,22,  M,RJ,casa,5,100,300,10,Sim ,1,cancelado,2
4184,1762.0,30,M,,Casa,25,6,quatrocentos,R$ 30,,cancelado,,0
4185,2001.0,,M,PE,ELETRONICOS,10,8,R$ 400,gratis,NAO,nao,,4
4186,1075.0,35,Masculino,XX,Roupas,5,3,,25.5,Sim ,nao,,0
4187,1598.0,42,F, sp ,Casa,10,4,quatrocentos,10,não,0,,10
4188,1224.0,,,,Roupas,15,6,100,gratis,,cancelado,pago,
4189,,55,m, sp ,Mercado,5,8,,20,sim,0,,1
4190,1250.0,trinta,M,PE,Casa,15,6,300.0,0,nao,cancelado,pago,1
4191,1840.0,18,F,SP,Eletronicos,15,5,100,,não,nao,PAGO,1
4192,1713.0,30,  M,XX,Eletronicos,0,2,300,0,não,0,cancelado,10
4193,1124.0,30,Feminino,PE,Roupas,25,8,150,20,,sim,,4
4194,2092.0, 35 ,,,Mercado,-5,5,300,R$ 30,,1,,0
4195,2070.0,18,  M,,Roupas,-5,100,300.0,0,,1,pendente,10
4196,1883.0,,,XX,roupas ,10,4,R$ 400,20,sim,1,,1
4197,1029.0,22,m,ce,Eletronicos,,2,300,25.5,nao,nao,pago,2
4198,1280.0,42,Feminino,RJ,eletronicos,-5,8,150,R$ 30,,nao,,1
4199,1923.0,,  M,RJ,,-5,8,R$400,R$ 30,NAO,nao,pago,4
4200,1367.0,trinta,M,,Roupas,5,1,300.0,,nao,1,,
4201,1494.0,,M,,Roupas,10,5,R$400,20,,nao,pendente,10
4202,2048.0,18,  M,PE,,10,3,100,0,NAO,0,cancelado,2
4203,1717.0,30,m,CE,mercado,0,100,200,,Sim ,cancelado,,10
4204,2016.0,30,m,ce,Roup@,15,100,0,,,0,cancelado,3
4205,1605.0,trinta,Masculino,SP,Roup@,15,8,50,0,não,0,pago,2
4206,1374.0,35,Feminino,PE,casa,2,100,R$ 400,R$ 30,Sim ,0,,3
4207,1638.0, 35 ,F,PE,Mercado,0,2,0,20,sim,cancelado,PAGO,2
4208,2048.0,,m,,Eletronicos,999,0,0,20,SIM,1,pendente,0
4209,1115.0,,Feminino,,Eletronicos,999,1,300.0,,,cancelado,cancelado,2
4210,1047.0,42,m,XX,Roup@,999,3,,R$ 30,NAO,nao,,1
4211,1098.0,18,Masculino,,Roupas,25,0,R$ 400,R$ 30,sim,cancelado,pendente,
4212,1404.0,42,,PE,,0,0,100,25.5,NAO,0,cancelado,3
4213,1684.0,42,m,,Roupas,25,0,50,R$ 30,Sim ,1,pago,3
4214,1902.0,42,Feminino, sp ,Eletronicos,15,8,300.0,10,SIM,cancelado,pago,10
4215,1502.0,30,Masculino,SP,Mercado,15,2,50,0,,1,pago,1
4216,1893.0,42,Masculino,XX,,15,3,200,R$ 30,nao,nao,PAGO,0
4217,1257.0,35,Feminino,RJ,ELETRONICOS,15,100,0,10,não,cancelado,,2
4218,1843.0,,Feminino,XX,roupas ,0,2,50,25.5,nao,1,pago,0
4219,1120.0,22,M,ce,mercado,0,8,100,25.5,NAO,sim,pago,1
4220,1809.0,30,,PE,Eletronicos,25,1,0,gratis,não,1,,3
4221,1977.0,trinta,Masculino,RJ,casa,,3,0,gratis,,nao,pago,2
4222,1053.0,35,M,,ELETRONICOS,999,1,R$ 400,25.5,,nao,,1
4223,2018.0,trinta,,PE,Eletronicos,0,6,50,gratis,,0,pendente,3
4224,1783.0,30,  M,,mercado,,4,200,20,Sim ,1,PAGO,3
4225,1240.0,22,  M,RJ,Roup@,25,1,R$ 400,10,NAO,nao,cancelado,3
4226,1482.0,55,Masculino,,Eletronicos,15,5,200,25.5,nao,nao,,4
4227,2012.0,trinta,M, sp ,ELETRONICOS,0,4,R$ 400,20,Sim ,0,,4
4228,1186.0,trinta,,ce,roupas ,15,2,300,0,,0,,3
4229,1655.0,22,,ce,Roupas,999,8,300.0,0,não,nao,PAGO,
4230,1261.0,18,,RJ,Casa,-5,0,R$ 400,gratis,Sim ,nao,pendente,4
4231,1952.0,35,Masculino,SP,Roup@,25,4,100,gratis,,0,pago,
4232,1490.0,18,m, sp ,ELETRONICOS,0,100,200,20,,cancelado,,4
4233,1430.0,18,,CE,,-5,3,quatrocentos,0,,0,pago,10
4234,1238.0,18,M,XX,casa,5,6,300.0,R$ 30,,cancelado,cancelado,1
4235,1303.0,42,m,ce,casa,,8,R$400,25.5,,sim,,10
4236,1297.0, 35 ,  M,PE,eletronicos,-5,8,300,R$ 30,,1,PAGO,
4237,1075.0,trinta,f,,Casa,999,6,quatrocentos,10,Sim ,cancelado,PAGO,2
4238,1998.0,,  M,CE,Eletronicos,25,100,0,,Sim ,sim,cancelado,3
4239,1641.0,18,Masculino,PE,eletronicos,10,1,,gratis,sim,1,PAGO,10
4240,1826.0,35,Feminino,RJ,casa,5,100,R$ 400,20,,nao,PAGO,10
4241,1282.0, 35 ,  M, sp ,Eletronicos,5,100,300,R$ 30,sim,0,PAGO,4
4242,1590.0, 35 ,  M,ce,eletronicos,10,4,0,gratis,NAO,cancelado,,1
4243,1071.0,18,  M,XX,Eletronicos,2,5,150,20,Sim ,1,cancelado,1
4244,1702.0,30,  M,CE,roupas ,2,3,300,0,,cancelado,,10
4245,1574.0,18,  M,ce,Casa,-5,8,quatrocentos,gratis,nao,1,cancelado,2
4246,1999.0,30,m,SP,Roup@,999,2,0,,,nao,pendente,
4247,1891.0,18,m,SP,Roup@,0,0,300,R$ 30,Sim ,1,cancelado,2
4248,1011.0,35,  M,SP,Roup@,-5,100,200,20,,sim,pendente,0
4249,1140.0,30,F,,casa,2,6,100,20,Sim ,1,,0
4250,1016.0,42,F,RJ,roupas ,2,100,300.0,R$ 30,sim,cancelado,,3
4251,2086.0, 35 ,m,PE,mercado,,6,R$ 400,,não,0,PAGO,10
4252,1252.0,18,f,ce,Casa,25,3,100,gratis,Sim ,0,pago,2
4253,1464.0, 35 ,Feminino,PE,ELETRONICOS,-5,3,quatrocentos,10,,0,,10
4254,1375.0,18,,PE,Mercado,0,2,100,25.5,,nao,pago,0
4255,1980.0,trinta,  M,ce,mercado,15,5,,,SIM,1,pendente,
4256,1519.0,trinta,f,,ELETRONICOS,2,4,100,0,NAO,nao,PAGO,2
4257,1089.0,25,F,,Roup@,15,6,,R$ 30,sim,nao,pendente,
4258,1719.0,18,F, sp ,ELETRONICOS,999,5,300,,não,0,,3
4259,1803.0,25,f,RJ,Eletronicos,2,6,300,R$ 30,,1,pendente,1
4260,1795.0,,Feminino, sp ,Eletronicos,5,4,100,gratis,SIM,0,cancelado,1
4261,1629.0,22,m,PE,ELETRONICOS,999,3,300,gratis,Sim ,0,PAGO,1
4262,1075.0,22,Feminino,RJ,Roupas,5,1,R$400,10,nao,0,cancelado,0
4263,1925.0, 35 ,Masculino, sp ,eletronicos,,5,,0,,sim,pendente,
4264,1399.0,30,Masculino, sp ,Mercado,10,6,300,gratis,nao,sim,pago,0
4265,1969.0,18,F,SP,,10,5,,10,sim,cancelado,PAGO,0
4266,2094.0,30,,,casa,0,5,300.0,R$ 30,Sim ,cancelado,PAGO,4
4267,1796.0,18,Masculino,,ELETRONICOS,10,6,300.0,25.5,NAO,0,,2
4268,1194.0,18,F, sp ,Casa,,4,R$ 400,20,sim,0,pago,3
4269,1227.0,30,  M,CE,Roupas,999,4,300.0,25.5,SIM,nao,,
4270,1460.0,22,,SP,roupas ,15,0,100,25.5,nao,sim,pago,0
4271,1617.0,25,,PE,Roupas,0,0,R$ 400,25.5,,1,pendente,1
4272,2044.0,,M,XX,Mercado,999,3,R$ 400,25.5,não,0,pendente,1
4273,1063.0, 35 ,  M,,,15,8,0,20,não,1,pendente,1
4274,1164.0,22,,ce,Casa,25,5,quatrocentos,R$ 30,NAO,nao,,0
4275,1026.0,30,Feminino,SP,Roupas,-5,5,0,0,não,1,pago,3
4276,2011.0,18,M,CE,casa,999,3,200,0,não,1,cancelado,0
4277,1284.0,22,F,CE,eletronicos,-5,2,0,R$ 30,,1,pago,1
4278,1280.0,35,f,ce,Casa,999,3,300,10,NAO,1,cancelado,1
4279,1837.0,trinta,f,XX,,15,8,300,10,nao,sim,PAGO,1
4280,1830.0,18,F,,Eletronicos,2,3,150,gratis,SIM,cancelado,cancelado,4
4281,1917.0,,,,casa,0,2,300,25.5,sim,cancelado,PAGO,0
4282,1223.0,55,F,SP,Roup@,25,4,50,0,nao,0,,1
4283,1783.0,30,m,SP,roupas ,15,5,50,0,sim,1,,3
4284,1964.0,42,f,ce,Mercado,5,8,200,25.5,NAO,nao,pendente,1
4285,1949.0,30,, sp ,Mercado,2,1,50,20,nao,cancelado,pago,
4286,2053.0,42,M, sp ,ELETRONICOS,,0,300.0,gratis,Sim ,sim,pendente,0
4287,1044.0,22,,PE,Mercado,5,3,R$400,,NAO,sim,pago,3
4288,1470.0,18,Masculino,CE,Mercado,,6,R$400,10,NAO,0,cancelado,
4289,1033.0,30,  M,RJ,eletronicos,0,4,,10,NAO,1,pago,10
4290,1652.0,30,,PE,roupas ,0,5,R$400,gratis,NAO,1,cancelado,10
4291,1829.0, 35 ,Masculino,PE,,5,6,,gratis,não,nao,pago,10
4292,1220.0,42,,PE,eletronicos,0,2,300.0,R$ 30,não,sim,PAGO,
4293,,18,,ce,Eletronicos,10,3,300.0,25.5,nao,1,cancelado,0
4294,1691.0, 35 ,,,Casa,-5,0,0,10,SIM,1,pendente,0
4295,1931.0,25,F,PE,Roupas,15,0,,0,NAO,nao,pendente,
4296,1840.0,,m,,roupas ,,1,,gratis,sim,1,pendente,0
4297,2010.0,42,M,,Roupas,25,0,300,10,Sim ,nao,pendente,2
4298,1581.0,trinta,f,CE,Roup@,10,2,200,10,não,1,PAGO,
4299,1238.0,trinta,Masculino,ce,,2,0,R$ 400,20,,cancelado,PAGO,3
4300,1440.0,,M,,eletronicos,2,5,R$ 400,,sim,1,,4
4301,1147.0, 35 ,,PE,casa,15,1,,10,não,0,,4
4302,2032.0,,F,ce,Roupas,15,0,150,gratis,,cancelado,,2
4303,1387.0,25,M,PE,casa,,5,0,,nao,cancelado,,0
4304,2073.0,35,F,SP,ELETRONICOS,999,1,300,,SIM,nao,,4
4305,,35,Masculino,SP,,15,4,quatrocentos,25.5,Sim ,1,pago,3
4306,1637.0,trinta,,SP,roupas ,0,1,0,10,não,0,,
4307,1277.0,55,,CE,ELETRONICOS,-5,100,200,0,,1,cancelado,1
4308,,30,F,RJ,Casa,999,2,200,gratis,,1,pendente,
4309,1588.0,,F,CE,ELETRONICOS,15,0,100,25.5,Sim ,sim,pago,3
4310,1648.0,30,m,PE,casa,2,4,200,R$ 30,Sim ,nao,,0
4311,1617.0,55,  M,CE,Mercado,25,100,300,25.5,nao,1,PAGO,3
4312,1134.0, 35 ,m,PE,eletronicos,2,2,200,gratis,sim,0,pendente,10
4313,1579.0,,M,RJ,ELETRONICOS,15,3,0,R$ 30,,sim,cancelado,0
4314,1489.0,30,Feminino,,Casa,-5,2,300.0,25.5,não,1,cancelado,3
4315,1477.0,30,m,CE,roupas ,-5,5,100,0,Sim ,nao,PAGO,2
4316,1383.0,42,M,,mercado,2,1,300.0,10,nao,0,pendente,
4317,1162.0,42,f,,Casa,,3,200,gratis,,0,,3
4318,1440.0,55,M,XX,eletronicos,5,1,100,10,NAO,0,pendente,
4319,1414.0,18,M,CE,Roupas,25,0,,10,,1,pendente,10
4320,1287.0,,F,PE,Eletronicos,0,4,300,25.5,,1,cancelado,4
4321,1186.0,25,,CE,roupas ,2,3,0,gratis,Sim ,1,PAGO,1
4322,1129.0, 35 ,F,PE,casa,5,0,300,10,Sim ,0,pendente,2
4323,1193.0,42,F,RJ,Eletronicos,-5,100,150,20,não,1,pago,3
4324,1315.0,42,,SP,Casa,0,0,300,0,,1,pago,0
4325,1143.0,35,Feminino,CE,Casa,0,6,200,R$ 30,NAO,0,PAGO,2
4326,1015.0,,f, sp ,Casa,0,3,R$400,25.5,Sim ,0,,4
4327,1422.0,25,m,XX,Eletronicos,-5,0,0,gratis,não,sim,,1
4328,1244.0,,M, sp ,,,5,100,gratis,não,cancelado,pendente,10
4329,1926.0,35,m,,ELETRONICOS,,5,,25.5,,0,,1
4330,1128.0,18,,,,5,100,150,10,nao,cancelado,pendente,3
4331,1906.0,25,Masculino,SP,eletronicos,5,1,50,25.5,,0,cancelado,10
4332,1886.0,30,Feminino,SP,roupas ,25,8,R$400,,Sim ,sim,pendente,4
4333,1340.0,35,Masculino,,eletronicos,-5,0,,gratis,SIM,0,,4
4334,1003.0,trinta,M,CE,roupas ,10,3,300.0,20,SIM,1,,1
4335,1305.0, 35 ,M,ce,roupas ,10,0,300,,sim,cancelado,pago,0
4336,1907.0,30,f,CE,Roupas,15,1,R$400,10,SIM,1,pendente,4
4337,1606.0,25,m,XX,,10,0,300,R$ 30,SIM,0,cancelado,
4338,1991.0,trinta,,,Casa,10,8,50,25.5,não,sim,pago,1
4339,1320.0,18,  M, sp ,mercado,999,4,300,gratis,não,1,cancelado,2
4340,1558.0,trinta,  M,SP,Roup@,-5,8,300,R$ 30,nao,0,,1
4341,1617.0,42,, sp ,eletronicos,-5,8,300.0,gratis,,1,PAGO,0
4342,1710.0,55,  M,,Roupas,5,1,quatrocentos,gratis,Sim ,0,PAGO,10
4343,1530.0,trinta,F,RJ,,,3,300,20,,1,cancelado,2
4344,1409.0,30,f,,Casa,0,8,300.0,10,,1,,2
4345,1817.0,18,Feminino,,Mercado,10,5,300,25.5,Sim ,cancelado,,2
4346,1492.0,30,m,XX,Mercado,,100,R$ 400,10,,nao,pendente,
4347,1011.0,,m,,ELETRONICOS,,8,50,gratis,,cancelado,cancelado,
4348,1194.0,35,Feminino, sp ,Eletronicos,0,3,R$400,20,não,1,,10
4349,1489.0,22,M,RJ,Mercado,0,1,300,R$ 30,,1,pago,0
4350,1794.0,18,M,XX,casa,999,5,,,Sim ,cancelado,,
4351,1880.0,30,Masculino,PE,Casa,999,5,R$400,20,não,1,PAGO,2
4352,1181.0,42,M,ce,Roup@,0,8,300.0,gratis,,cancelado,pendente,10
4353,1961.0,35,,,mercado,-5,1,R$400,10,,0,PAGO,0
4354,1655.0, 35 ,F,XX,Casa,15,2,0,R$ 30,SIM,1,pago,
4355,1693.0,,Feminino,XX,,2,6,100,10,Sim ,sim,pendente,0
4356,1029.0,,Masculino,,Mercado,15,0,300,20,,1,cancelado,2
4357,1777.0,22,f,RJ,Roup@,999,4,,R$ 30,SIM,cancelado,PAGO,3
4358,1443.0,trinta,M,RJ,mercado,999,3,0,0,sim,sim,PAGO,1
4359,1297.0,30,m,SP,ELETRONICOS,5,3,200,20,nao,cancelado,pago,0
4360,1807.0,,f,CE,ELETRONICOS,-5,3,300,R$ 30,nao,1,cancelado,2
4361,1844.0,trinta,F, sp ,Roupas,2,2,100,20,,1,pago,2
4362,2015.0, 35 ,F, sp ,mercado,5,1,300,25.5,,cancelado,pendente,2
4363,1553.0,18,F,,mercado,999,5,300,20,Sim ,0,cancelado,
4364,1302.0,55,M, sp ,casa,15,5,100,,,1,cancelado,2
4365,1420.0,30,F, sp ,mercado,10,5,150,0,não,0,pendente,1
4366,1184.0,25,Feminino,CE,Mercado,5,4,300.0,R$ 30,nao,cancelado,pago,0
4367,1467.0,30,m,XX,casa,0,3,300,R$ 30,,cancelado,pendente,10
4368,1753.0,25,Masculino,XX,,15,3,,20,não,1,PAGO,1
4369,1362.0,55,M,,mercado,10,2,50,10,nao,cancelado,pago,10
4370,1335.0, 35 ,,XX,eletronicos,10,5,R$400,25.5,sim,0,,4
4371,1161.0,25,f,,Roupas,10,4,300,,não,1,pendente,4
4372,1011.0,42,,PE,Roupas,999,6,50,25.5,SIM,1,PAGO,3
4373,2096.0,30,f,,eletronicos,,2,300.0,20,não,0,,10
4374,1587.0,42,F,CE,casa,,2,,25.5,,0,PAGO,0
4375,1200.0,22,m,,ELETRONICOS,25,0,200,25.5,sim,0,pago,2
4376,1521.0,55,Masculino,RJ,eletronicos,2,6,quatrocentos,20,NAO,1,pendente,10
4377,1504.0,22,Feminino,CE,Casa,25,3,quatrocentos,0,,cancelado,pago,2
4378,1787.0,22,  M,SP,Eletronicos,2,5,150,R$ 30,,1,pago,0
4379,2062.0,22,f, sp ,Roup@,,3,0,20,NAO,sim,cancelado,
4380,1059.0,,  M,ce,ELETRONICOS,999,2,quatrocentos,10,,cancelado,,10
4381,1577.0,18,m,RJ,ELETRONICOS,-5,3,R$400,gratis,SIM,cancelado,pendente,10
4382,1320.0,,  M,,roupas ,5,1,300,0,NAO,1,cancelado,2
4383,1922.0,18,f,,ELETRONICOS,5,8,quatrocentos,20,,1,PAGO,3
4384,1568.0,55,,RJ,Roupas,15,6,R$ 400,0,não,cancelado,,
4385,1526.0,35,,SP,ELETRONICOS,,5,200,gratis,sim,0,pendente,2
4386,1523.0,,  M,,Casa,,6,100,25.5,nao,sim,PAGO,1
4387,1612.0,25,,ce,ELETRONICOS,999,0,150,25.5,SIM,nao,,2
4388,1124.0,18,,,mercado,25,3,100,gratis,NAO,sim,,10
4389,1870.0,,F,CE,Roupas,-5,3,quatrocentos,25.5,não,sim,cancelado,10
4390,1279.0,trinta,,RJ,eletronicos,,5,R$ 400,0,nao,1,pago,
4391,1916.0,42,Feminino,ce,eletronicos,10,5,200,25.5,nao,nao,PAGO,4
4392,1621.0,,f,SP,Mercado,15,1,,gratis,não,sim,,1
4393,1845.0,18,Masculino,RJ,,5,4,R$ 400,gratis,Sim ,1,pendente,10
4394,1673.0, 35 ,Masculino,PE,Eletronicos,,100,0,R$ 30,Sim ,1,PAGO,
4395,1313.0,22,  M,PE,Eletronicos,-5,0,R$400,gratis,,1,,2
4396,1331.0,18,,,mercado,0,3,,10,sim,nao,pendente,
4397,1035.0,55,  M,CE,Eletronicos,25,5,quatrocentos,,,sim,,1
4398,2045.0,42,,,ELETRONICOS,-5,5,100,0,,sim,,4
4399,1205.0,42,f,,eletronicos,10,8,0,gratis,SIM,nao,pago,4
4400,1638.0,35,f, sp ,ELETRONICOS,25,0,100,R$ 30,NAO,1,pendente,0
4401,1847.0,,Feminino,CE,roupas ,5,100,50,0,NAO,cancelado,cancelado,10
4402,1439.0,30,, sp ,Mercado,25,8,300.0,R$ 30,não,0,pago,
4403,1728.0,,,,eletronicos,-5,2,quatrocentos,10,NAO,sim,pendente,4
4404,1940.0,30,M,ce,,-5,0,150,0,,sim,pendente,4
4405,1163.0,25,M,ce,Eletronicos,,0,300.0,20,sim,cancelado,,4
4406,1147.0,trinta,,CE,,10,2,100,,Sim ,1,,10
4407,1293.0,30,  M,CE,Roup@,999,6,300,,não,1,,
4408,1194.0,55,,,ELETRONICOS,25,1,300.0,10,,cancelado,pendente,3
4409,1662.0, 35 ,m,ce,Casa,-5,8,300.0,10,SIM,cancelado,,
4410,1479.0,18,Masculino,,Roup@,2,2,200,25.5,não,sim,,
4411,1122.0,55,m,SP,,2,5,300,gratis,,1,,
4412,1698.0,trinta,Masculino,PE,Casa,15,8,100,10,NAO,1,pendente,4
4413,1964.0,30,M,,roupas ,25,100,150,,sim,1,pendente,
4414,1660.0,55,f,RJ,Eletronicos,10,1,,0,,1,,0
4415,1709.0,18,Feminino, sp ,ELETRONICOS,0,100,300,20,SIM,cancelado,pago,1
4416,1395.0,35,F,XX,ELETRONICOS,10,5,100,0,não,1,pago,3
4417,1911.0,25,  M,RJ,Casa,25,6,300.0,,NAO,sim,cancelado,1
4418,2004.0,35,,CE,ELETRONICOS,2,0,100,0,não,1,pago,1
4419,1316.0,30,M,SP,,10,2,R$400,20,SIM,0,PAGO,
4420,1680.0,22,f,XX,roupas ,-5,8,150,R$ 30,,sim,PAGO,
4421,1494.0,,f,XX,Roupas,10,4,50,25.5,NAO,cancelado,,0
4422,1555.0,30,Masculino,CE,Roupas,25,100,300,,Sim ,1,,
4423,1609.0,25,f,XX,Casa,-5,6,R$400,gratis,nao,0,PAGO,3
4424,1108.0,18,, sp ,Eletronicos,5,8,quatrocentos,,SIM,nao,pago,10
4425,1371.0,trinta,  M, sp ,Casa,10,6,quatrocentos,10,Sim ,0,,2
4426,1854.0,30,F,XX,casa,15,0,0,gratis,Sim ,1,cancelado,3
4427,1615.0,35,M,XX,ELETRONICOS,25,6,150,25.5,NAO,nao,pendente,1
4428,1767.0,30,,CE,ELETRONICOS,,8,200,R$ 30,não,1,cancelado,1
4429,1205.0,trinta,M,ce,Roupas,,0,0,20,,1,pago,3
4430,1846.0,35,Feminino,,Roup@,15,1,300.0,gratis,não,sim,pago,10
4431,1042.0,30,F,,Casa,,4,200,,sim,nao,pago,0
4432,1864.0,25,f,RJ,Eletronicos,15,6,300,0,SIM,0,,0
4433,1784.0,35,Feminino,RJ,Roupas,5,1,R$400,10,SIM,sim,PAGO,3
4434,1475.0,30,Masculino,XX,Casa,2,4,150,10,,0,pago,
4435,1082.0,18,Feminino,PE,,-5,6,50,R$ 30,,0,pendente,10
4436,1189.0,25,m, sp ,eletronicos,15,8,200,25.5,NAO,1,PAGO,
4437,1799.0,trinta,Masculino,,Eletronicos,999,6,300.0,25.5,NAO,cancelado,PAGO,
4438,1935.0,trinta,F,SP,Eletronicos,999,4,150,20,sim,1,,4
4439,1250.0,30,  M,SP,mercado,999,8,0,25.5,sim,1,cancelado,3
4440,1290.0,55,m, sp ,Roup@,0,2,R$ 400,gratis,Sim ,0,,0
4441,1325.0,22,M,RJ,roupas ,,6,200,10,,1,PAGO,
4442,1836.0,18,,CE,Eletronicos,15,5,quatrocentos,20,nao,1,PAGO,0
4443,1507.0,25,,SP,mercado,25,2,50,,,1,pago,10
4444,1730.0,35,m,XX,ELETRONICOS,15,100,100,25.5,,0,pendente,10
4445,1071.0,trinta,  M,PE,,25,8,quatrocentos,0,sim,sim,pago,
4446,1640.0,,,SP,Casa,5,3,quatrocentos,10,,0,pendente,1
4447,1939.0,18,,,Mercado,25,8,200,20,não,1,PAGO,3
4448,1607.0,25,m,PE,Mercado,999,6,,10,Sim ,nao,pendente,
4449,1565.0,25,F,PE,Roup@,,8,150,gratis,nao,0,pago,3
4450,1053.0,35,  M,SP,ELETRONICOS,-5,4,R$400,R$ 30,sim,0,pago,10
4451,1527.0,25,  M,CE,Eletronicos,-5,0,R$400,25.5,,nao,cancelado,4
4452,1610.0, 35 ,,CE,ELETRONICOS,0,0,R$ 400,R$ 30,nao,0,,3
4453,1192.0,18,Masculino,RJ,mercado,5,8,50,,não,1,cancelado,10
4454,1057.0,30,f, sp ,eletronicos,,8,200,25.5,,0,PAGO,4
4455,1128.0,trinta,,XX,,25,0,R$ 400,25.5,não,0,pendente,2
4456,1705.0,trinta,f,,roupas ,0,1,R$ 400,,Sim ,0,pago,10
4457,1851.0,30,f,ce,casa,2,6,300.0,0,Sim ,0,pago,4
4458,1007.0,18,F,,roupas ,25,2,150,gratis,não,1,pago,0
4459,1028.0,22,M,,Eletronicos,0,1,100,0,NAO,cancelado,,2
4460,1946.0,,f,CE,ELETRONICOS,5,8,R$ 400,,,1,pago,
4461,1130.0,18,  M,RJ,roupas ,-5,6,R$ 400,gratis,,nao,,1
4462,1187.0,42,,,Casa,15,5,quatrocentos,gratis,,0,PAGO,1
4463,1708.0,25,,,roupas ,25,5,200,,Sim ,nao,,1
4464,1211.0,55,M,PE,mercado,10,100,100,gratis,,0,cancelado,0
4465,1275.0,35,Masculino, sp ,roupas ,25,100,200,25.5,SIM,0,,
4466,2096.0, 35 ,  M,PE,Casa,15,6,150,,NAO,cancelado,cancelado,10
4467,1242.0,55,  M,,casa,0,3,R$ 400,25.5,SIM,sim,,1
4468,1986.0,30,Feminino,SP,casa,5,8,50,25.5,nao,sim,pago,4
4469,1684.0,35,f, sp ,Casa,10,4,,0,nao,cancelado,pago,10
4470,1170.0,35,m,RJ,ELETRONICOS,2,5,R$ 400,20,nao,nao,pendente,0
4471,1652.0,,,PE,,-5,8,quatrocentos,R$ 30,sim,1,pago,3
4472,1187.0,35,f,SP,eletronicos,,8,300,,Sim ,0,cancelado,0
4473,1051.0,trinta,,,Eletronicos,5,0,150,,Sim ,1,pendente,
4474,1110.0, 35 ,M,,Roup@,-5,1,,,não,sim,pendente,0
4475,1876.0,trinta,  M,CE,Mercado,10,5,200,gratis,,0,pago,2
4476,2066.0,25,Feminino, sp ,ELETRONICOS,25,100,quatrocentos,,Sim ,0,pendente,
4477,1210.0,42,M,CE,roupas ,0,8,200,,,0,,4
4478,1857.0,30,f, sp ,Mercado,999,2,300,0,nao,1,pago,2
4479,1626.0,,Masculino,XX,Mercado,15,1,0,25.5,SIM,cancelado,,3
4480,2049.0, 35 ,,SP,Casa,5,0,0,R$ 30,,0,pago,0
4481,1298.0,55,f,,Roupas,10,100,,25.5,NAO,0,,1
4482,1923.0,25,m,,,999,5,quatrocentos,20,,nao,,3
4483,1136.0,18,F,,eletronicos,-5,6,100,25.5,sim,sim,pago,3
4484,2043.0,30,f,PE,eletronicos,0,2,50,gratis,,0,cancelado,2
4485,1439.0,42,f,PE,Roupas,25,5,0,10,,1,,
4486,1210.0,25,Masculino,,Eletronicos,25,4,,,NAO,nao,,0
4487,1751.0,18,  M,CE,Roupas,2,0,R$ 400,R$ 30,,1,,1
4488,1434.0,42,,,,0,0,0,,SIM,0,pago,1
4489,1779.0,18,F,XX,Roup@,,5,quatrocentos,25.5,sim,0,cancelado,2
4490,1438.0, 35 ,Masculino,XX,Roup@,999,0,R$ 400,20,,1,PAGO,10
4491,1665.0,,,,Casa,2,6,200,R$ 30,,nao,,1
4492,2065.0,18,m,XX,roupas ,0,6,150,10,,nao,PAGO,4
4493,1410.0,42,M,SP,Mercado,10,4,R$ 400,R$ 30,não,sim,pago,3
4494,1805.0,18,F,CE,eletronicos,0,3,R$ 400,,Sim ,cancelado,,3
4495,1609.0,55,Feminino,CE,eletronicos,,100,,,Sim ,1,cancelado,1
4496,1426.0,25,Masculino,XX,Roupas,0,5,R$ 400,gratis,não,nao,cancelado,1
4497,1901.0,42,M,ce,Roupas,999,4,100,gratis,SIM,sim,,1
4498,1941.0,55,M,PE,Roupas,0,6,R$ 400,gratis,,nao,pendente,3
4499,1741.0,18,f,ce,Eletronicos,0,4,0,20,não,0,pendente,1
4500,1639.0,55,f,rj,ELETRONICOS,,4,300,10,não,1,pago,2
4501,1690.0,42,m,sp,ROUPAS ,25,100,300,gratis,nao,0,,1
4502,1205.0,30,m,xx,MERCADO,2,3,quatrocentos,25.5,não,1,pendente,0
4503,1768.0,25,m,xx,CASA,0,6,50,gratis,,nao,cancelado,10
4504,1965.0,,m,none,CASA,25,0,R$ 400,20,não,1,,0
4505,1868.0,35,masculino,ce,ROUP@,0,100,quatrocentos,R$ 30,sim,0,pago,
4506,1269.0,25,none,xx,ROUP@,,3,100,R$ 30,,1,cancelado,3
4507,1841.0,30,f,ce,CASA,0,100,300.0,,SIM,0,,10
4508,1130.0,,m,rj,ROUP@,25,8,100,R$ 30,Sim ,cancelado,PAGO,3
4509,1995.0,trinta,m,ce,ELETRONICOS,,0,50,25.5,,0,pago,
4510,1275.0,25,none,,ELETRONICOS,0,100,0,25.5,nao,sim,PAGO,10
4511,1076.0,35,,none,ELETRONICOS,25,0,,R$ 30,,0,,0
4512,1993.0, 35 ,,,ROUP@,2,2,,10,NAO,0,,0
4513,1386.0,35,f,none,,-5,8,150,gratis,,1,cancelado,4
4514,1664.0,25,m,,CASA,0,0,quatrocentos,20,sim,1,pendente,2
4515,1206.0,35,f,xx,ELETRONICOS,10,4,150,20,,1,pendente,0
4516,1098.0,,m,xx,CASA,5,0,0,gratis,SIM,nao,,3
4517,1141.0,30,feminino,ce,MERCADO,25,8,300,25.5,sim,0,pago,0
4518,,trinta,none,ce,CASA,10,0,quatrocentos,25.5,Sim ,1,pendente,0
4519,1091.0,55,none,rj,MERCADO,2,8,150,20,não,nao,PAGO,10
4520,1719.0,30,  m,sp,ELETRONICOS,25,8,100,10,sim,1,pago,3
4521,1278.0,30,  m,pe,CASA,2,0,300,gratis,sim,0,cancelado,3
4522,1048.0,55,feminino,,ROUP@,15,3,50,25.5,SIM,1,pendente,3
4523,1072.0,18,f,xx,ROUPAS,-5,6,50,20,,nao,,1
4524,1547.0,30,feminino,sp,ROUPAS,999,5,150,gratis,Sim ,nao,,0
4525,1234.0,trinta,feminino,,ROUPAS ,0,0,quatrocentos,,,cancelado,pendente,4
4526,1923.0,18,m,none,,10,1,200,20,,cancelado,pendente,2
4527,1904.0,35,feminino,rj,,,4,,20,,1,,4
4528,1067.0,30,m,,ROUPAS ,10,8,200,0,sim,0,pago,4
4529,1818.0,,m,,MERCADO,999,1,R$400,10,não,0,pago,2
4530,1441.0,30,  m,xx,MERCADO,,2,300,25.5,SIM,0,,4
4531,,30,  m,ce,,,1,300.0,20,NAO,cancelado,pendente,10
4532,1151.0, 35 ,m,sp,ELETRONICOS,-5,3,150,10,SIM,0,,2
4533,1249.0,42,masculino,none,ELETRONICOS,999,3,100,R$ 30,Sim ,0,cancelado,2
4534,1922.0, 35 ,,ce,ELETRONICOS,,100,R$400,gratis,NAO,sim,,
4535,1502.0,,m,sp,ROUP@,15,5,100,,NAO,1,,
4536,1760.0,30,  m,none,ROUPAS ,999,5,50,25.5,,cancelado,,
4537,2065.0,25,feminino,pe,ELETRONICOS,15,1,R$400,,não,sim,cancelado,0
4538,1992.0,18,feminino,sp,ROUP@,0,100,,gratis,sim,sim,,4
4539,1035.0,55,  m,ce,ELETRONICOS,25,5,quatrocentos,,,sim,,1
4540,1162.0,42,f,none,CASA,,3,200,gratis,,0,,3
4541,1875.0,30,m,ce,ELETRONICOS,5,3,,R$ 30,NAO,1,pendente,10
4542,1215.0,,m,sp,ROUPAS ,-5,5,150,0,Sim ,1,,4
4543,1579.0,,m,rj,ELETRONICOS,15,3,0,R$ 30,,sim,cancelado,0
4544,1671.0,22,masculino,xx,ROUPAS,5,100,R$ 400,,,1,,4
4545,1105.0,18,f,rj,ELETRONICOS,5,100,200,0,sim,cancelado,cancelado,3
4546,2072.0,55,none,,ROUP@,2,6,300.0,R$ 30,sim,nao,,0
4547,1229.0,30,f,ce,ROUP@,25,0,R$ 400,0,não,1,,3
4548,1992.0,18,m,ce,CASA,10,100,150,25.5,não,sim,pago,4
4549,1565.0,25,f,pe,ROUP@,,8,150,gratis,nao,0,pago,3
4550,1479.0,35,,ce,MERCADO,,4,0,R$ 30,Sim ,1,,10
4551,1218.0,22,m,pe,ROUP@,25,2,100,,NAO,sim,cancelado,10
4552,2070.0,22,m,none,CASA,,6,,25.5,não,0,cancelado,2
4553,1616.0,42,f,sp,ROUPAS,-5,6,50,0,Sim ,1,,0
4554,1945.0,30,m,ce,CASA,-5,4,200,0,não,0,pendente,4
4555,1005.0,30,masculino,pe,ELETRONICOS,,2,200,0,,0,PAGO,3
4556,1493.0, 35 ,m,pe,ROUP@,5,4,200,0,NAO,1,cancelado,10
4557,1784.0,30,m,rj,MERCADO,2,0,0,R$ 30,nao,1,,3
4558,1312.0,30,m,,MERCADO,0,2,300.0,R$ 30,,nao,PAGO,1
4559,1894.0,22,masculino,sp,MERCADO,-5,8,R$400,25.5,não,cancelado,,4
4560,1793.0,trinta,none,ce,ROUPAS ,2,1,R$400,R$ 30,Sim ,0,cancelado,
4561,1853.0,55,masculino,none,MERCADO,,6,50,20,não,cancelado,cancelado,0
4562,1117.0,,m,xx,,10,3,R$400,25.5,NAO,1,pago,10
4563,1287.0,25,masculino,none,ELETRONICOS,5,1,0,10,,0,PAGO,1
4564,1018.0,trinta,none,pe,ELETRONICOS,10,0,0,0,nao,1,pago,1
4565,1856.0,35,masculino,xx,ROUP@,,8,100,0,,nao,cancelado,10
4566,1349.0,22,m,sp,ELETRONICOS,25,0,300.0,25.5,nao,1,pago,3
4567,1142.0,18,none,ce,ELETRONICOS,,8,R$400,,Sim ,cancelado,cancelado,3
4568,1383.0,42,m,,MERCADO,2,1,300.0,10,nao,0,pendente,
4569,1455.0,25,,,MERCADO,25,0,100,10,SIM,nao,,3
4570,1669.0,55,masculino,xx,ROUPAS ,10,6,,gratis,sim,nao,,
4571,1628.0,25,  m,sp,ROUP@,0,5,quatrocentos,20,nao,1,,2
4572,1467.0,30,m,xx,CASA,0,3,300,R$ 30,,cancelado,pendente,10
4573,1140.0, 35 ,masculino,,ROUPAS ,15,2,50,R$ 30,,0,,10
4574,1004.0,18,m,pe,CASA,5,8,150,20,SIM,sim,pendente,3
4575,1392.0,30,f,xx,ELETRONICOS,0,1,100,0,sim,sim,pendente,2
4576,1919.0, 35 ,f,none,MERCADO,-5,1,300.0,20,,0,PAGO,10
4577,1304.0,30,,ce,ROUP@,0,3,0,20,NAO,1,cancelado,
4578,2015.0,18,m,none,ROUPAS,15,100,200,0,nao,1,pago,2
4579,1115.0,42,,,ROUPAS,,2,quatrocentos,25.5,,nao,,0
4580,1604.0,,f,,ROUPAS ,2,100,50,,,nao,pago,2
4581,1140.0,42,,pe,CASA,999,100,,20,,1,,4
4582,1980.0,55,  m,sp,CASA,10,2,300.0,10,,1,,
4583,1675.0,25,m,none,ELETRONICOS,999,8,50,R$ 30,não,1,,10
4584,1603.0,42,,pe,ROUPAS ,0,1,50,25.5,NAO,sim,cancelado,4
4585,1617.0, 35 ,f,rj,MERCADO,0,0,200,20,sim,1,pago,1
4586,1633.0,25,f,ce,CASA,10,3,300,20,não,0,PAGO,4
4587,1035.0,42,f,sp,ROUP@,25,2,R$ 400,R$ 30,sim,1,PAGO,3
4588,1902.0,trinta,feminino,sp,ELETRONICOS,-5,2,50,0,não,sim,,3
4589,1817.0,18,feminino,,MERCADO,10,5,300,25.5,Sim ,cancelado,,2
4590,1022.0,35,  m,sp,MERCADO,2,4,,10,,1,PAGO,3
4591,1004.0, 35 ,m,rj,ROUPAS ,2,6,R$ 400,gratis,NAO,0,pendente,
4592,1982.0,trinta,feminino,,,10,8,R$400,10,sim,sim,PAGO,4
4593,1913.0,trinta,feminino,pe,CASA,5,3,200,R$ 30,NAO,sim,PAGO,
4594,1792.0,30,masculino,xx,ROUPAS ,0,5,R$ 400,0,Sim ,0,PAGO,4
4595,2046.0, 35 ,  m,pe,ROUPAS,10,1,0,20,nao,nao,,4
4596,1405.0,trinta,,ce,ROUPAS ,5,6,R$400,10,não,0,pago,4
4597,1205.0,42,f,none,ELETRONICOS,10,8,0,gratis,SIM,nao,pago,4
4598,1020.0,,m,ce,ROUPAS ,25,5,150,25.5,SIM,1,,10
4599,1058.0,25,f,xx,ROUP@,15,100,200,,sim,cancelado,cancelado,10
4600,1194.0,42,m,ce,ELETRONICOS,999,4,R$400,10,,0,pago,10
4601,1824.0,55,f,sp,ELETRONICOS,5,4,quatrocentos,gratis,SIM,1,pendente,2
4602,1754.0,30,m,,ROUPAS,15,6,100,R$ 30,sim,0,,3
4603,1713.0,30,f,sp,ROUPAS ,,5,200,25.5,,1,cancelado,0
4604,1993.0,30,feminino,ce,ELETRONICOS,0,100,200,10,NAO,1,,4
4605,1276.0,30,feminino,ce,ROUPAS ,2,0,,R$ 30,SIM,1,PAGO,
4606,1494.0,,m,none,ROUPAS,10,5,R$400,20,,nao,pendente,10
4607,1276.0, 35 ,none,none,ROUPAS,5,6,0,0,NAO,1,pendente,3
4608,2004.0,42,f,sp,ROUP@,,5,0,10,sim,1,PAGO,
4609,1485.0,30,none,sp,,999,8,150,,SIM,sim,pendente,4
4610,1779.0,30,feminino,ce,ROUP@,15,0,,10,nao,1,cancelado,10
4611,1171.0,30,feminino,rj,ELETRONICOS,999,5,50,10,NAO,cancelado,,
4612,1971.0,22,none,ce,,999,5,,,,1,cancelado,
4613,1855.0,18,,,CASA,10,3,R$400,0,sim,1,cancelado,2
4614,1745.0,25,m,sp,ROUP@,25,4,,20,Sim ,0,,2
4615,1315.0, 35 ,masculino,rj,MERCADO,10,8,150,25.5,sim,1,,
4616,2096.0,18,f,sp,CASA,-5,5,200,R$ 30,NAO,0,,1
4617,1883.0,42,none,,CASA,10,2,R$400,0,não,cancelado,pendente,1
4618,1342.0, 35 ,m,sp,ROUPAS ,25,8,0,R$ 30,,sim,,
4619,1139.0,55,none,ce,ROUP@,,4,200,10,,sim,,4
4620,1329.0,55,m,xx,ROUPAS,999,2,R$ 400,0,nao,0,PAGO,2
4621,1887.0,,m,pe,ELETRONICOS,10,4,50,gratis,nao,0,pendente,
4622,1776.0,,feminino,sp,ELETRONICOS,999,0,0,R$ 30,,0,PAGO,1
4623,1460.0,18,m,sp,ELETRONICOS,999,100,200,10,,1,pago,1
4624,1591.0,30,,,MERCADO,25,3,300,20,Sim ,cancelado,,4
4625,2003.0,42,  m,xx,ROUPAS ,0,8,300.0,20,NAO,1,pendente,3
4626,1762.0,55,masculino,sp,MERCADO,-5,4,50,0,não,sim,,2
4627,1695.0,42,,ce,ELETRONICOS,15,3,100,gratis,sim,nao,,3
4628,2062.0,42,f,,CASA,,1,R$400,R$ 30,nao,sim,,
4629,1780.0,trinta,,xx,ROUP@,2,0,300.0,R$ 30,,1,,2
4630,1813.0,55,f,,ROUPAS,15,6,0,20,Sim ,0,,3
4631,1245.0,trinta,f,xx,ROUP@,999,3,50,,Sim ,1,cancelado,10
4632,1164.0,trinta,f,pe,CASA,2,2,300,,SIM,cancelado,pendente,10
4633,1763.0,30,masculino,rj,MERCADO,-5,8,150,,SIM,0,PAGO,4
4634,2031.0,18,m,ce,ROUP@,15,5,R$ 400,,sim,cancelado,,0
4635,1653.0,22,f,pe,ELETRONICOS,25,0,,10,não,0,pago,3
4636,, 35 ,feminino,sp,CASA,999,1,300,0,,1,,1
4637,1494.0,25,masculino,pe,ROUP@,,3,50,0,nao,0,pago,1
4638,1125.0,18,f,ce,CASA,10,6,50,R$ 30,não,cancelado,pago,4
4639,1253.0,55,masculino,sp,ROUPAS ,2,8,50,R$ 30,SIM,0,PAGO,3
4640,1766.0,30,,sp,ROUPAS,-5,6,200,gratis,,cancelado,,3
4641,1148.0, 35 ,m,sp,,-5,0,0,gratis,Sim ,0,PAGO,2
4642,1083.0,55,m,sp,ROUPAS,2,5,quatrocentos,10,Sim ,0,cancelado,0
4643,1207.0,30,none,sp,ROUPAS,25,4,0,,,1,,4
4644,1343.0,55,f,sp,,0,1,quatrocentos,20,SIM,0,pago,
4645,1454.0,22,m,ce,MERCADO,,3,50,R$ 30,sim,0,,1
4646,1705.0,trinta,f,none,ROUPAS ,0,1,R$ 400,,Sim ,0,pago,10
4647,1628.0, 35 ,none,pe,ELETRONICOS,5,6,0,20,SIM,cancelado,PAGO,4
4648,1016.0,30,m,rj,CASA,10,8,300,10,,0,,2
4649,1674.0,30,masculino,sp,ROUPAS ,,4,100,R$ 30,Sim ,1,PAGO,3
4650,1487.0,25,m,xx,CASA,0,2,200,20,sim,nao,pago,2
4651,1314.0,18,  m,sp,ELETRONICOS,15,4,300.0,25.5,nao,1,PAGO,0
4652,1129.0, 35 ,f,pe,CASA,5,0,300,10,Sim ,0,pendente,2
4653,1623.0,22,feminino,rj,CASA,999,100,300,25.5,,nao,PAGO,1
4654,2000.0,30,,sp,CASA,,8,50,25.5,Sim ,cancelado,pendente,4
4655,1690.0, 35 ,f,,ROUPAS ,2,100,0,20,SIM,1,pendente,3
4656,1660.0,55,f,sp,ELETRONICOS,5,0,R$400,0,Sim ,0,cancelado,3
4657,1801.0,18,feminino,,ELETRONICOS,2,5,quatrocentos,25.5,não,nao,PAGO,
4658,1627.0,42,masculino,xx,ROUP@,25,100,100,R$ 30,,sim,cancelado,
4659,1948.0,35,masculino,ce,,-5,0,150,,não,cancelado,,2
4660,1078.0,35,m,rj,ROUPAS ,,100,0,R$ 30,sim,sim,PAGO,1
4661,1309.0, 35 ,f,sp,ELETRONICOS,-5,5,300.0,gratis,sim,nao,,2
4662,1226.0,55,f,,CASA,10,100,0,gratis,sim,sim,pago,4
4663,1039.0, 35 ,f,ce,ROUPAS,999,8,quatrocentos,,SIM,0,PAGO,10
4664,1099.0,18,m,rj,ROUPAS,25,4,150,20,não,1,,2
4665,1155.0,42,feminino,sp,ROUPAS ,0,2,150,0,nao,1,PAGO,0
4666,1769.0, 35 ,  m,rj,MERCADO,0,6,quatrocentos,25.5,,1,,3
4667,1661.0, 35 ,  m,,ELETRONICOS,25,4,100,25.5,nao,0,pago,2
4668,1127.0,,f,ce,CASA,0,4,,25.5,,0,,3
4669,1960.0,30,f,pe,ROUP@,5,100,0,0,NAO,1,cancelado,
4670,1792.0,25,m,ce,,15,100,200,20,sim,0,,1
4671,1666.0,22,masculino,,CASA,25,3,R$400,,NAO,1,,
4672,1571.0,22,,pe,ROUPAS,2,0,0,25.5,,1,,0
4673,1873.0,30,  m,none,ROUP@,2,3,0,gratis,,1,,1
4674,1235.0,30,feminino,sp,ROUP@,15,8,R$ 400,20,Sim ,1,cancelado,2
4675,1444.0,35,m,pe,CASA,5,1,300,10,Sim ,sim,pago,1
4676,1905.0,22,f,ce,,-5,4,0,10,não,sim,cancelado,10
4677,1082.0,22,none,,ROUP@,999,4,0,10,não,cancelado,pago,10
4678,1592.0,30,,none,MERCADO,10,8,150,25.5,Sim ,1,pendente,0
4679,2045.0,35,m,sp,ROUPAS ,-5,2,300.0,,,0,,4
